method,config_label,param_family,problem_id,problem,n,x0_label,tau,rho,beta,eta,zeta,alpha_min,alpha_max,lambda0,gamma,c,zeta1,zeta2,eps,maxiter,converged,status,restarts,iterations,f_evals,residual,cpu_time,tsel,srule
SOPP,default,baseline,1,P1,10000,0.4,1,0.80000000000000004,0.5,,0.0001,0.10000000000000001,2,1,1.1000000000000001,3,1,1,9.9999999999999994e-12,2000,true,converged_trial,0,50,100,8.8839532348841421e-12,0.68531410000000004,cond,max
SOPP,default,baseline,1,P1,10000,0.5,1,0.80000000000000004,0.5,,0.0001,0.10000000000000001,2,1,1.1000000000000001,3,1,1,9.9999999999999994e-12,2000,true,converged_projected,0,50,101,8.0393886936992245e-12,0.0188246,cond,max
SOPP,default,baseline,1,P1,10000,0.6,1,0.80000000000000004,0.5,,0.0001,0.10000000000000001,2,1,1.1000000000000001,3,1,1,9.9999999999999994e-12,2000,true,converged_projected,0,50,101,9.4903863445730371e-12,0.0349439,cond,max
SOPP,default,baseline,1,P1,10000,0.8,1,0.80000000000000004,0.5,,0.0001,0.10000000000000001,2,1,1.1000000000000001,3,1,1,9.9999999999999994e-12,2000,true,converged_trial,0,51,102,9.0742614887044467e-12,0.028941700000000001,cond,max
SOPP,default,baseline,1,P1,10000,1.0,1,0.80000000000000004,0.5,,0.0001,0.10000000000000001,2,1,1.1000000000000001,3,1,1,9.9999999999999994e-12,2000,true,converged_projected,0,51,103,7.8031782440732518e-12,0.0242052,cond,max
SOPP,default,baseline,1,P1,10000,1.1,1,0.80000000000000004,0.5,,0.0001,0.10000000000000001,2,1,1.1000000000000001,3,1,1,9.9999999999999994e-12,2000,true,converged_projected,0,51,103,8.2435316980058876e-12,0.024752900000000001,cond,max
SOPP,default,baseline,1,P1,10000,2.0,1,0.80000000000000004,0.5,,0.0001,0.10000000000000001,2,1,1.1000000000000001,3,1,1,9.9999999999999994e-12,2000,true,converged_trial,0,51,102,9.3273174042688958e-12,0.026681400000000001,cond,max
SOPP,default,baseline,1,P1,10000,5.0,1,0.80000000000000004,0.5,,0.0001,0.10000000000000001,2,1,1.1000000000000001,3,1,1,9.9999999999999994e-12,2000,true,converged_projected,0,50,102,7.7635688885529864e-12,0.023768000000000001,cond,max
SOPP,default,baseline,1,P1,10000,1/k,1,0.80000000000000004,0.5,,0.0001,0.10000000000000001,2,1,1.1000000000000001,3,1,1,9.9999999999999994e-12,2000,true,converged_trial,0,44,88,9.7736773373210682e-12,0.015023399999999999,cond,max
SOPP,default,baseline,1,P1,10000,k/n,1,0.80000000000000004,0.5,,0.0001,0.10000000000000001,2,1,1.1000000000000001,3,1,1,9.9999999999999994e-12,2000,true,converged_projected,0,50,101,8.8732671887503435e-12,0.0166176,cond,max
SOPP,default,baseline,2,P2,10000,0.4,1,0.80000000000000004,0.5,,0.0001,0.10000000000000001,2,1,1.1000000000000001,3,1,1,9.9999999999999994e-12,2000,true,converged_projected,0,50,101,7.5931665379395827e-12,0.10971210000000001,cond,max
SOPP,default,baseline,2,P2,10000,0.5,1,0.80000000000000004,0.5,,0.0001,0.10000000000000001,2,1,1.1000000000000001,3,1,1,9.9999999999999994e-12,2000,true,converged_projected,0,50,101,9.6801760742690113e-12,0.027199399999999999,cond,max
SOPP,default,baseline,2,P2,10000,0.6,1,0.80000000000000004,0.5,,0.0001,0.10000000000000001,2,1,1.1000000000000001,3,1,1,9.9999999999999994e-12,2000,true,converged_trial,0,51,102,8.9030984934780733e-12,0.0221043,cond,max
SOPP,default,baseline,2,P2,10000,0.8,1,0.80000000000000004,0.5,,0.0001,0.10000000000000001,2,1,1.1000000000000001,3,1,1,9.9999999999999994e-12,2000,true,converged_projected,0,51,103,9.0363107660695327e-12,0.0164796,cond,max
SOPP,default,baseline,2,P2,10000,1.0,1,0.80000000000000004,0.5,,0.0001,0.10000000000000001,2,1,1.1000000000000001,3,1,1,9.9999999999999994e-12,2000,true,converged_trial,0,52,104,8.769885308455336e-12,0.0177146,cond,max
SOPP,default,baseline,2,P2,10000,1.1,1,0.80000000000000004,0.5,,0.0001,0.10000000000000001,2,1,1.1000000000000001,3,1,1,9.9999999999999994e-12,2000,true,converged_trial,0,52,104,9.8133910518134003e-12,0.020806100000000001,cond,max
SOPP,default,baseline,2,P2,10000,2.0,1,0.80000000000000004,0.5,,0.0001,0.10000000000000001,2,1,1.1000000000000001,3,1,1,9.9999999999999994e-12,2000,true,converged_projected,0,53,107,8.2592337303573357e-12,0.015306999999999999,cond,max
SOPP,default,baseline,2,P2,10000,5.0,1,0.80000000000000004,0.5,,0.0001,0.10000000000000001,2,1,1.1000000000000001,3,1,1,9.9999999999999994e-12,2000,true,converged_trial,0,56,112,7.681973965506798e-12,0.021871399999999999,cond,max
SOPP,default,baseline,2,P2,10000,1/k,1,0.80000000000000004,0.5,,0.0001,0.10000000000000001,2,1,1.1000000000000001,3,1,1,9.9999999999999994e-12,2000,true,converged_projected,0,44,89,9.5041767992443513e-12,0.014999,cond,max
SOPP,default,baseline,2,P2,10000,k/n,1,0.80000000000000004,0.5,,0.0001,0.10000000000000001,2,1,1.1000000000000001,3,1,1,9.9999999999999994e-12,2000,true,converged_trial,0,51,102,8.8459876935160683e-12,0.020014199999999999,cond,max
SOPP,default,baseline,3,P3,10000,0.4,1,0.80000000000000004,0.5,,0.0001,0.10000000000000001,2,1,1.1000000000000001,3,1,1,9.9999999999999994e-12,2000,true,converged_projected,0,49,99,9.2814644858663087e-12,0.060367799999999999,cond,max
SOPP,default,baseline,3,P3,10000,0.5,1,0.80000000000000004,0.5,,0.0001,0.10000000000000001,2,1,1.1000000000000001,3,1,1,9.9999999999999994e-12,2000,true,converged_trial,0,50,100,7.7937656328685989e-12,0.026699799999999999,cond,max
SOPP,default,baseline,3,P3,10000,0.6,1,0.80000000000000004,0.5,,0.0001,0.10000000000000001,2,1,1.1000000000000001,3,1,1,9.9999999999999994e-12,2000,true,converged_trial,0,50,100,8.1712414612411521e-12,0.014560399999999999,cond,max
SOPP,default,baseline,3,P3,10000,0.8,1,0.80000000000000004,0.5,,0.0001,0.10000000000000001,2,1,1.1000000000000001,3,1,1,9.9999999999999994e-12,2000,true,converged_projected,0,49,99,9.4813046302988369e-12,0.0132852,cond,max
SOPP,default,baseline,3,P3,10000,1.0,1,0.80000000000000004,0.5,,0.0001,0.10000000000000001,2,1,1.1000000000000001,3,1,1,9.9999999999999994e-12,2000,true,converged_projected,0,48,97,7.5939254884360707e-12,0.016298799999999999,cond,max
SOPP,default,baseline,3,P3,10000,1.1,1,0.80000000000000004,0.5,,0.0001,0.10000000000000001,2,1,1.1000000000000001,3,1,1,9.9999999999999994e-12,2000,true,converged_projected,0,1,3,0,0.00043159999999999997,cond,max
SOPP,default,baseline,3,P3,10000,2.0,1,0.80000000000000004,0.5,,0.0001,0.10000000000000001,2,1,1.1000000000000001,3,1,1,9.9999999999999994e-12,2000,true,converged_projected,0,50,104,9.5701224722688494e-12,0.016112000000000001,cond,max
SOPP,default,baseline,3,P3,10000,5.0,1,0.80000000000000004,0.5,,0.0001,0.10000000000000001,2,1,1.1000000000000001,3,1,1,9.9999999999999994e-12,2000,true,converged_projected,0,52,118,9.3480778673438181e-12,0.016242699999999999,cond,max
SOPP,default,baseline,3,P3,10000,1/k,1,0.80000000000000004,0.5,,0.0001,0.10000000000000001,2,1,1.1000000000000001,3,1,1,9.9999999999999994e-12,2000,true,converged_projected,0,45,91,9.0064875577086752e-12,0.0123927,cond,max
SOPP,default,baseline,3,P3,10000,k/n,1,0.80000000000000004,0.5,,0.0001,0.10000000000000001,2,1,1.1000000000000001,3,1,1,9.9999999999999994e-12,2000,true,converged_trial,0,51,102,9.2762378159548281e-12,0.1857674,cond,max
SOPP,default,baseline,4,P4,10000,0.4,1,0.80000000000000004,0.5,,0.0001,0.10000000000000001,2,1,1.1000000000000001,3,1,1,9.9999999999999994e-12,2000,true,converged_trial,0,31,64,7.348107755744358e-12,0.0243314,cond,max
SOPP,default,baseline,4,P4,10000,0.5,1,0.80000000000000004,0.5,,0.0001,0.10000000000000001,2,1,1.1000000000000001,3,1,1,9.9999999999999994e-12,2000,true,converged_trial,0,80,176,9.6832911676258689e-12,0.033434600000000002,cond,max
SOPP,default,baseline,4,P4,10000,0.6,1,0.80000000000000004,0.5,,0.0001,0.10000000000000001,2,1,1.1000000000000001,3,1,1,9.9999999999999994e-12,2000,true,converged_trial,0,201,540,8.0896073059507769e-12,0.095316600000000001,cond,max
SOPP,default,baseline,4,P4,10000,0.8,1,0.80000000000000004,0.5,,0.0001,0.10000000000000001,2,1,1.1000000000000001,3,1,1,9.9999999999999994e-12,2000,true,converged_trial,0,213,569,8.2481603956647093e-12,0.090482699999999999,cond,max
SOPP,default,baseline,4,P4,10000,1.0,1,0.80000000000000004,0.5,,0.0001,0.10000000000000001,2,1,1.1000000000000001,3,1,1,9.9999999999999994e-12,2000,true,converged_trial,0,211,558,9.6080376043630039e-12,0.051184399999999998,cond,max
SOPP,default,baseline,4,P4,10000,1.1,1,0.80000000000000004,0.5,,0.0001,0.10000000000000001,2,1,1.1000000000000001,3,1,1,9.9999999999999994e-12,2000,true,converged_trial,0,211,555,9.4247691365729344e-12,0.050673900000000001,cond,max
SOPP,default,baseline,4,P4,10000,2.0,1,0.80000000000000004,0.5,,0.0001,0.10000000000000001,2,1,1.1000000000000001,3,1,1,9.9999999999999994e-12,2000,true,converged_trial,0,98,234,8.022976348775646e-12,0.032643999999999999,cond,max
SOPP,default,baseline,4,P4,10000,5.0,1,0.80000000000000004,0.5,,0.0001,0.10000000000000001,2,1,1.1000000000000001,3,1,1,9.9999999999999994e-12,2000,false,maxiter,10,2000,50302,11160409.370690322,3.1330119999999999,cond,max
SOPP,default,baseline,4,P4,10000,1/k,1,0.80000000000000004,0.5,,0.0001,0.10000000000000001,2,1,1.1000000000000001,3,1,1,9.9999999999999994e-12,2000,true,converged_trial,0,107,259,7.1202657485521644e-12,0.0251709,cond,max
SOPP,default,baseline,4,P4,10000,k/n,1,0.80000000000000004,0.5,,0.0001,0.10000000000000001,2,1,1.1000000000000001,3,1,1,9.9999999999999994e-12,2000,true,converged_trial,0,610,1831,9.9421297691050691e-12,0.35773969999999999,cond,max
SOPP,default,baseline,5,P5,10000,0.4,1,0.80000000000000004,0.5,,0.0001,0.10000000000000001,2,1,1.1000000000000001,3,1,1,9.9999999999999994e-12,2000,true,converged_trial,0,53,106,8.7041485130612273e-12,0.045528100000000002,cond,max
SOPP,default,baseline,5,P5,10000,0.5,1,0.80000000000000004,0.5,,0.0001,0.10000000000000001,2,1,1.1000000000000001,3,1,1,9.9999999999999994e-12,2000,true,converged_trial,0,53,106,8.3488771451811772e-12,0.0281987,cond,max
SOPP,default,baseline,5,P5,10000,0.6,1,0.80000000000000004,0.5,,0.0001,0.10000000000000001,2,1,1.1000000000000001,3,1,1,9.9999999999999994e-12,2000,true,converged_trial,0,53,106,7.993588063056351e-12,0.041404000000000003,cond,max
SOPP,default,baseline,5,P5,10000,0.8,1,0.80000000000000004,0.5,,0.0001,0.10000000000000001,2,1,1.1000000000000001,3,1,1,9.9999999999999994e-12,2000,true,converged_projected,0,52,105,9.6367358537463588e-12,0.0204663,cond,max
SOPP,default,baseline,5,P5,10000,1.0,1,0.80000000000000004,0.5,,0.0001,0.10000000000000001,2,1,1.1000000000000001,3,1,1,9.9999999999999994e-12,2000,true,converged_projected,0,52,105,8.7041663219266282e-12,0.0280433,cond,max
SOPP,default,baseline,5,P5,10000,1.1,1,0.80000000000000004,0.5,,0.0001,0.10000000000000001,2,1,1.1000000000000001,3,1,1,9.9999999999999994e-12,2000,true,converged_projected,0,52,105,8.1268325402561459e-12,0.027824000000000002,cond,max
SOPP,default,baseline,5,P5,10000,2.0,1,0.80000000000000004,0.5,,0.0001,0.10000000000000001,2,1,1.1000000000000001,3,1,1,9.9999999999999994e-12,2000,true,converged_trial,0,51,102,9.0150109599562711e-12,0.038592399999999999,cond,max
SOPP,default,baseline,5,P5,10000,5.0,1,0.80000000000000004,0.5,,0.0001,0.10000000000000001,2,1,1.1000000000000001,3,1,1,9.9999999999999994e-12,2000,true,converged_trial,0,53,106,8.6153306710912148e-12,0.019683099999999999,cond,max
SOPP,default,baseline,5,P5,10000,1/k,1,0.80000000000000004,0.5,,0.0001,0.10000000000000001,2,1,1.1000000000000001,3,1,1,9.9999999999999994e-12,2000,true,converged_projected,0,53,107,7.5029995032844801e-12,0.030781599999999999,cond,max
SOPP,default,baseline,5,P5,10000,k/n,1,0.80000000000000004,0.5,,0.0001,0.10000000000000001,2,1,1.1000000000000001,3,1,1,9.9999999999999994e-12,2000,true,converged_trial,0,53,106,8.4469271322564805e-12,0.031692900000000003,cond,max
SOPP,default,baseline,6,P6,10000,0.4,1,0.80000000000000004,0.5,,0.0001,0.10000000000000001,2,1,1.1000000000000001,3,1,1,9.9999999999999994e-12,2000,true,converged_projected,0,31,63,8.3932860661661834e-12,0.0202215,cond,max
SOPP,default,baseline,6,P6,10000,0.5,1,0.80000000000000004,0.5,,0.0001,0.10000000000000001,2,1,1.1000000000000001,3,1,1,9.9999999999999994e-12,2000,true,converged_projected,0,28,57,8.3710816056736803e-12,0.0086604999999999998,cond,max
SOPP,default,baseline,6,P6,10000,0.6,1,0.80000000000000004,0.5,,0.0001,0.10000000000000001,2,1,1.1000000000000001,3,1,1,9.9999999999999994e-12,2000,true,converged_projected,0,30,61,6.3060667798708891e-12,0.024799000000000002,cond,max
SOPP,default,baseline,6,P6,10000,0.8,1,0.80000000000000004,0.5,,0.0001,0.10000000000000001,2,1,1.1000000000000001,3,1,1,9.9999999999999994e-12,2000,true,converged_projected,0,31,63,7.5495165674510645e-12,0.012123500000000001,cond,max
SOPP,default,baseline,6,P6,10000,1.0,1,0.80000000000000004,0.5,,0.0001,0.10000000000000001,2,1,1.1000000000000001,3,1,1,9.9999999999999994e-12,2000,true,converged_projected,0,33,67,7.3940853440035426e-12,0.013322499999999999,cond,max
SOPP,default,baseline,6,P6,10000,1.1,1,0.80000000000000004,0.5,,0.0001,0.10000000000000001,2,1,1.1000000000000001,3,1,1,9.9999999999999994e-12,2000,true,converged_trial,0,34,68,8.2156503822261584e-12,0.018271900000000001,cond,max
SOPP,default,baseline,6,P6,10000,2.0,1,0.80000000000000004,0.5,,0.0001,0.10000000000000001,2,1,1.1000000000000001,3,1,1,9.9999999999999994e-12,2000,true,converged_projected,0,36,73,6.794564910705958e-12,0.0082720999999999992,cond,max
SOPP,default,baseline,6,P6,10000,5.0,1,0.80000000000000004,0.5,,0.0001,0.10000000000000001,2,1,1.1000000000000001,3,1,1,9.9999999999999994e-12,2000,true,converged_projected,0,37,75,6.3504757008558954e-12,0.0095034000000000004,cond,max
SOPP,default,baseline,6,P6,10000,1/k,1,0.80000000000000004,0.5,,0.0001,0.10000000000000001,2,1,1.1000000000000001,3,1,1,9.9999999999999994e-12,2000,true,converged_trial,0,123,246,9.9587403657833867e-12,0.036367900000000002,cond,max
SOPP,default,baseline,6,P6,10000,k/n,1,0.80000000000000004,0.5,,0.0001,0.10000000000000001,2,1,1.1000000000000001,3,1,1,9.9999999999999994e-12,2000,true,converged_trial,0,76,152,9.2681827060644651e-12,0.0184479,cond,max
SOPP,default,baseline,8,P8,10000,0.4,1,0.80000000000000004,0.5,,0.0001,0.10000000000000001,2,1,1.1000000000000001,3,1,1,9.9999999999999994e-12,2000,true,converged_trial,0,425,1443,9.3392988184656901e-12,0.13392290000000001,cond,max
SOPP,default,baseline,8,P8,10000,0.5,1,0.80000000000000004,0.5,,0.0001,0.10000000000000001,2,1,1.1000000000000001,3,1,1,9.9999999999999994e-12,2000,true,converged_trial,0,875,2729,9.5478377945984502e-12,0.20539930000000001,cond,max
SOPP,default,baseline,8,P8,10000,0.6,1,0.80000000000000004,0.5,,0.0001,0.10000000000000001,2,1,1.1000000000000001,3,1,1,9.9999999999999994e-12,2000,true,converged_trial,0,774,1707,9.7551188396609599e-12,0.35374060000000002,cond,max
SOPP,default,baseline,8,P8,10000,0.8,1,0.80000000000000004,0.5,,0.0001,0.10000000000000001,2,1,1.1000000000000001,3,1,1,9.9999999999999994e-12,2000,true,converged_trial,0,589,1519,9.734861226191661e-12,0.2210162,cond,max
SOPP,default,baseline,8,P8,10000,1.0,1,0.80000000000000004,0.5,,0.0001,0.10000000000000001,2,1,1.1000000000000001,3,1,1,9.9999999999999994e-12,2000,true,converged_trial,0,704,1831,9.9245734718909988e-12,0.15014,cond,max
SOPP,default,baseline,8,P8,10000,1.1,1,0.80000000000000004,0.5,,0.0001,0.10000000000000001,2,1,1.1000000000000001,3,1,1,9.9999999999999994e-12,2000,true,converged_trial,0,531,1358,9.6719896426777137e-12,0.1109411,cond,max
SOPP,default,baseline,8,P8,10000,2.0,1,0.80000000000000004,0.5,,0.0001,0.10000000000000001,2,1,1.1000000000000001,3,1,1,9.9999999999999994e-12,2000,true,converged_trial,0,545,1460,9.4774558609762141e-12,0.1168469,cond,max
SOPP,default,baseline,8,P8,10000,5.0,1,0.80000000000000004,0.5,,0.0001,0.10000000000000001,2,1,1.1000000000000001,3,1,1,9.9999999999999994e-12,2000,true,converged_trial,0,633,1799,9.7873953258637791e-12,0.3908297,cond,max
SOPP,default,baseline,8,P8,10000,1/k,1,0.80000000000000004,0.5,,0.0001,0.10000000000000001,2,1,1.1000000000000001,3,1,1,9.9999999999999994e-12,2000,true,converged_trial,0,711,2303,9.7385528420544439e-12,0.20953620000000001,cond,max
SOPP,default,baseline,8,P8,10000,k/n,1,0.80000000000000004,0.5,,0.0001,0.10000000000000001,2,1,1.1000000000000001,3,1,1,9.9999999999999994e-12,2000,true,converged_trial,0,510,1309,9.4669163474649848e-12,0.10452450000000001,cond,max
SOPP,default,baseline,10,P10,10000,0.4,1,0.80000000000000004,0.5,,0.0001,0.10000000000000001,2,1,1.1000000000000001,3,1,1,9.9999999999999994e-12,2000,true,converged_projected,0,34,69,8.3710816056736803e-12,0.076187000000000005,cond,max
SOPP,default,baseline,10,P10,10000,0.5,1,0.80000000000000004,0.5,,0.0001,0.10000000000000001,2,1,1.1000000000000001,3,1,1,9.9999999999999994e-12,2000,true,converged_projected,0,32,65,6.3726801613483985e-12,0.0050429999999999997,cond,max
SOPP,default,baseline,10,P10,10000,0.6,1,0.80000000000000004,0.5,,0.0001,0.10000000000000001,2,1,1.1000000000000001,3,1,1,9.9999999999999994e-12,2000,true,converged_projected,0,33,67,9.170442183403793e-12,0.0061672999999999997,cond,max
SOPP,default,baseline,10,P10,10000,0.8,1,0.80000000000000004,0.5,,0.0001,0.10000000000000001,2,1,1.1000000000000001,3,1,1,9.9999999999999994e-12,2000,true,converged_projected,0,34,69,8.1934459217336553e-12,0.0109344,cond,max
SOPP,default,baseline,10,P10,10000,1.0,1,0.80000000000000004,0.5,,0.0001,0.10000000000000001,2,1,1.1000000000000001,3,1,1,9.9999999999999994e-12,2000,true,converged_projected,0,34,69,9.170442183403793e-12,0.011184599999999999,cond,max
SOPP,default,baseline,10,P10,10000,1.1,1,0.80000000000000004,0.5,,0.0001,0.10000000000000001,2,1,1.1000000000000001,3,1,1,9.9999999999999994e-12,2000,true,converged_projected,0,34,69,8.5487172896137054e-12,0.023155200000000001,cond,max
SOPP,default,baseline,10,P10,10000,2.0,1,0.80000000000000004,0.5,,0.0001,0.10000000000000001,2,1,1.1000000000000001,3,1,1,9.9999999999999994e-12,2000,true,converged_projected,0,28,58,6.2172489379008766e-12,0.0043791000000000004,cond,max
SOPP,default,baseline,10,P10,10000,5.0,1,0.80000000000000004,0.5,,0.0001,0.10000000000000001,2,1,1.1000000000000001,3,1,1,9.9999999999999994e-12,2000,true,converged_projected,8,41,83,6.4837024638109142e-12,0.0062691999999999999,cond,max
SOPP,default,baseline,10,P10,10000,1/k,1,0.80000000000000004,0.5,,0.0001,0.10000000000000001,2,1,1.1000000000000001,3,1,1,9.9999999999999994e-12,2000,true,converged_projected,6,43,87,9.6165085074317918e-12,0.014787099999999999,cond,max
SOPP,default,baseline,10,P10,10000,k/n,1,0.80000000000000004,0.5,,0.0001,0.10000000000000001,2,1,1.1000000000000001,3,1,1,9.9999999999999994e-12,2000,true,converged_projected,0,36,73,8.3084578111364326e-12,0.0054222999999999997,cond,max
SOPP,default,baseline,11,P11,10000,0.4,1,0.80000000000000004,0.5,,0.0001,0.10000000000000001,2,1,1.1000000000000001,3,1,1,9.9999999999999994e-12,2000,true,converged_trial,0,56,112,8.324161463367145e-12,0.043802800000000003,cond,max
SOPP,default,baseline,11,P11,10000,0.5,1,0.80000000000000004,0.5,,0.0001,0.10000000000000001,2,1,1.1000000000000001,3,1,1,9.9999999999999994e-12,2000,true,converged_trial,0,56,112,8.000151554972354e-12,0.012541200000000001,cond,max
SOPP,default,baseline,11,P11,10000,0.6,1,0.80000000000000004,0.5,,0.0001,0.10000000000000001,2,1,1.1000000000000001,3,1,1,9.9999999999999994e-12,2000,true,converged_trial,0,56,112,7.7905758186065693e-12,0.026163100000000002,cond,max
SOPP,default,baseline,11,P11,10000,0.8,1,0.80000000000000004,0.5,,0.0001,0.10000000000000001,2,1,1.1000000000000001,3,1,1,9.9999999999999994e-12,2000,true,converged_projected,0,55,111,9.9111057146198063e-12,0.0133846,cond,max
SOPP,default,baseline,11,P11,10000,1.0,1,0.80000000000000004,0.5,,0.0001,0.10000000000000001,2,1,1.1000000000000001,3,1,1,9.9999999999999994e-12,2000,true,converged_projected,0,55,111,9.5184856452185662e-12,0.022474899999999999,cond,max
SOPP,default,baseline,11,P11,10000,1.1,1,0.80000000000000004,0.5,,0.0001,0.10000000000000001,2,1,1.1000000000000001,3,1,1,9.9999999999999994e-12,2000,true,converged_projected,0,55,111,9.7633390915858402e-12,0.0123798,cond,max
SOPP,default,baseline,11,P11,10000,2.0,1,0.80000000000000004,0.5,,0.0001,0.10000000000000001,2,1,1.1000000000000001,3,1,1,9.9999999999999994e-12,2000,true,converged_trial,0,60,125,7.707139607310283e-12,0.016488300000000001,cond,max
SOPP,default,baseline,11,P11,10000,5.0,1,0.80000000000000004,0.5,,0.0001,0.10000000000000001,2,1,1.1000000000000001,3,1,1,9.9999999999999994e-12,2000,true,converged_trial,0,79,377,8.3937188995361448e-12,0.035145500000000003,cond,max
SOPP,default,baseline,11,P11,10000,1/k,1,0.80000000000000004,0.5,,0.0001,0.10000000000000001,2,1,1.1000000000000001,3,1,1,9.9999999999999994e-12,2000,true,converged_trial,0,56,112,7.5327877314466189e-12,0.0145422,cond,max
SOPP,default,baseline,11,P11,10000,k/n,1,0.80000000000000004,0.5,,0.0001,0.10000000000000001,2,1,1.1000000000000001,3,1,1,9.9999999999999994e-12,2000,true,converged_trial,0,57,114,8.1182269952544367e-12,0.015277799999999999,cond,max
SOPP,default,baseline,12,P12,10000,0.4,1,0.80000000000000004,0.5,,0.0001,0.10000000000000001,2,1,1.1000000000000001,3,1,1,9.9999999999999994e-12,2000,true,converged_projected,0,30,61,6.3282712403633923e-12,0.083175299999999994,cond,max
SOPP,default,baseline,12,P12,10000,0.5,1,0.80000000000000004,0.5,,0.0001,0.10000000000000001,2,1,1.1000000000000001,3,1,1,9.9999999999999994e-12,2000,true,converged_projected,0,28,57,8.3655304905505545e-12,0.0063366000000000004,cond,max
SOPP,default,baseline,12,P12,10000,0.6,1,0.80000000000000004,0.5,,0.0001,0.10000000000000001,2,1,1.1000000000000001,3,1,1,9.9999999999999994e-12,2000,true,converged_projected,0,31,63,8.3877349510430577e-12,0.0076616000000000002,cond,max
SOPP,default,baseline,12,P12,10000,0.8,1,0.80000000000000004,0.5,,0.0001,0.10000000000000001,2,1,1.1000000000000001,3,1,1,9.9999999999999994e-12,2000,true,converged_trial,0,33,66,9.5978780478844783e-12,0.0124843,cond,max
SOPP,default,baseline,12,P12,10000,1.0,1,0.80000000000000004,0.5,,0.0001,0.10000000000000001,2,1,1.1000000000000001,3,1,1,9.9999999999999994e-12,2000,true,converged_trial,0,34,68,7.8659301294692341e-12,0.015962899999999999,cond,max
SOPP,default,baseline,12,P12,10000,1.1,1,0.80000000000000004,0.5,,0.0001,0.10000000000000001,2,1,1.1000000000000001,3,1,1,9.9999999999999994e-12,2000,true,converged_projected,0,34,69,6.872280522429719e-12,0.0261949,cond,max
SOPP,default,baseline,12,P12,10000,2.0,1,0.80000000000000004,0.5,,0.0001,0.10000000000000001,2,1,1.1000000000000001,3,1,1,9.9999999999999994e-12,2000,true,converged_projected,0,34,69,8.9650509238481391e-12,0.0074837000000000002,cond,max
SOPP,default,baseline,12,P12,10000,5.0,1,0.80000000000000004,0.5,,0.0001,0.10000000000000001,2,1,1.1000000000000001,3,1,1,9.9999999999999994e-12,2000,true,converged_projected,0,37,75,6.5614180755346752e-12,0.0094076000000000003,cond,max
SOPP,default,baseline,12,P12,10000,1/k,1,0.80000000000000004,0.5,,0.0001,0.10000000000000001,2,1,1.1000000000000001,3,1,1,9.9999999999999994e-12,2000,true,converged_projected,0,34,69,6.3668293467107719e-12,0.0144087,cond,max
SOPP,default,baseline,12,P12,10000,k/n,1,0.80000000000000004,0.5,,0.0001,0.10000000000000001,2,1,1.1000000000000001,3,1,1,9.9999999999999994e-12,2000,true,converged_trial,0,42,84,7.4389260697653461e-12,0.0104139,cond,max
SOPP,default,baseline,13,P13,10000,0.4,1,0.80000000000000004,0.5,,0.0001,0.10000000000000001,2,1,1.1000000000000001,3,1,1,9.9999999999999994e-12,2000,true,converged_projected,0,25,53,7.1165295878472534e-12,0.080895999999999996,cond,max
SOPP,default,baseline,13,P13,10000,0.5,1,0.80000000000000004,0.5,,0.0001,0.10000000000000001,2,1,1.1000000000000001,3,1,1,9.9999999999999994e-12,2000,true,converged_trial,0,25,52,8.915090887740007e-12,0.0061104999999999996,cond,max
SOPP,default,baseline,13,P13,10000,0.6,1,0.80000000000000004,0.5,,0.0001,0.10000000000000001,2,1,1.1000000000000001,3,1,1,9.9999999999999994e-12,2000,true,converged_projected,0,25,53,7.7937656328685989e-12,0.0060905000000000004,cond,max
SOPP,default,baseline,13,P13,10000,0.8,1,0.80000000000000004,0.5,,0.0001,0.10000000000000001,2,1,1.1000000000000001,3,1,1,9.9999999999999994e-12,2000,true,converged_projected,0,27,57,6.4392935428259079e-12,0.0087092999999999997,cond,max
SOPP,default,baseline,13,P13,10000,1.0,1,0.80000000000000004,0.5,,0.0001,0.10000000000000001,2,1,1.1000000000000001,3,1,1,9.9999999999999994e-12,2000,true,converged_trial,0,28,58,8.8373752760162461e-12,0.0151281,cond,max
SOPP,default,baseline,13,P13,10000,1.1,1,0.80000000000000004,0.5,,0.0001,0.10000000000000001,2,1,1.1000000000000001,3,1,1,9.9999999999999994e-12,2000,true,converged_trial,0,29,60,6.3726801613483985e-12,0.0086698999999999995,cond,max
SOPP,default,baseline,13,P13,10000,2.0,1,0.80000000000000004,0.5,,0.0001,0.10000000000000001,2,1,1.1000000000000001,3,1,1,9.9999999999999994e-12,2000,true,converged_projected,0,28,57,8.8706819667550008e-12,0.0068735000000000003,cond,max
SOPP,default,baseline,13,P13,10000,5.0,1,0.80000000000000004,0.5,,0.0001,0.10000000000000001,2,1,1.1000000000000001,3,1,1,9.9999999999999994e-12,2000,true,converged_projected,0,28,58,9.758860386455126e-12,0.015658999999999999,cond,max
SOPP,default,baseline,13,P13,10000,1/k,1,0.80000000000000004,0.5,,0.0001,0.10000000000000001,2,1,1.1000000000000001,3,1,1,9.9999999999999994e-12,2000,true,converged_trial,0,284,849,9.5839182987090853e-12,0.091600399999999998,cond,max
SOPP,default,baseline,13,P13,10000,k/n,1,0.80000000000000004,0.5,,0.0001,0.10000000000000001,2,1,1.1000000000000001,3,1,1,9.9999999999999994e-12,2000,true,converged_trial,0,304,911,9.4521523196209717e-12,0.2767694,cond,max
SOPP,default,baseline,14,P14,10000,0.4,1,0.80000000000000004,0.5,,0.0001,0.10000000000000001,2,1,1.1000000000000001,3,1,1,9.9999999999999994e-12,2000,true,converged_projected,0,26,55,7.2164496600635175e-12,0.080704399999999996,cond,max
SOPP,default,baseline,14,P14,10000,0.5,1,0.80000000000000004,0.5,,0.0001,0.10000000000000001,2,1,1.1000000000000001,3,1,1,9.9999999999999994e-12,2000,true,converged_trial,0,25,52,6.5725203057809267e-12,0.010281999999999999,cond,max
SOPP,default,baseline,14,P14,10000,0.6,1,0.80000000000000004,0.5,,0.0001,0.10000000000000001,2,1,1.1000000000000001,3,1,1,9.9999999999999994e-12,2000,true,converged_projected,0,24,51,6.2727600891321345e-12,0.024506900000000002,cond,max
SOPP,default,baseline,14,P14,10000,0.8,1,0.80000000000000004,0.5,,0.0001,0.10000000000000001,2,1,1.1000000000000001,3,1,1,9.9999999999999994e-12,2000,true,converged_projected,0,26,55,5.4178883601707639e-12,0.0063525999999999999,cond,max
SOPP,default,baseline,14,P14,10000,1.0,1,0.80000000000000004,0.5,,0.0001,0.10000000000000001,2,1,1.1000000000000001,3,1,1,9.9999999999999994e-12,2000,true,converged_projected,0,27,57,6.283862319378386e-12,0.0067204999999999999,cond,max
SOPP,default,baseline,14,P14,10000,1.1,1,0.80000000000000004,0.5,,0.0001,0.10000000000000001,2,1,1.1000000000000001,3,1,1,9.9999999999999994e-12,2000,true,converged_trial,0,28,57,8.0047080075473787e-12,0.0099263000000000007,cond,max
SOPP,default,baseline,14,P14,10000,2.0,1,0.80000000000000004,0.5,,0.0001,0.10000000000000001,2,1,1.1000000000000001,3,1,1,9.9999999999999994e-12,2000,true,converged_trial,0,31,67,9.0705221111875289e-12,0.0148713,cond,max
SOPP,default,baseline,14,P14,10000,5.0,1,0.80000000000000004,0.5,,0.0001,0.10000000000000001,2,1,1.1000000000000001,3,1,1,9.9999999999999994e-12,2000,true,converged_trial,0,28,57,7.382983113757291e-12,0.013554500000000001,cond,max
SOPP,default,baseline,14,P14,10000,1/k,1,0.80000000000000004,0.5,,0.0001,0.10000000000000001,2,1,1.1000000000000001,3,1,1,9.9999999999999994e-12,2000,true,converged_projected,0,28,59,9.9203188532766107e-12,0.0136367,cond,max
SOPP,default,baseline,14,P14,10000,k/n,1,0.80000000000000004,0.5,,0.0001,0.10000000000000001,2,1,1.1000000000000001,3,1,1,9.9999999999999994e-12,2000,true,converged_trial,0,415,1246,9.7466544175978099e-12,0.20430699999999999,cond,max
SOPP,default,baseline,15,P15,10000,0.4,1,0.80000000000000004,0.5,,0.0001,0.10000000000000001,2,1,1.1000000000000001,3,1,1,9.9999999999999994e-12,2000,true,converged_projected,0,1,8,0,0.1104179,cond,max
SOPP,default,baseline,15,P15,10000,0.5,1,0.80000000000000004,0.5,,0.0001,0.10000000000000001,2,1,1.1000000000000001,3,1,1,9.9999999999999994e-12,2000,true,converged_projected,0,1,8,0,0.0011493,cond,max
SOPP,default,baseline,15,P15,10000,0.6,1,0.80000000000000004,0.5,,0.0001,0.10000000000000001,2,1,1.1000000000000001,3,1,1,9.9999999999999994e-12,2000,true,converged_projected,0,24,55,4.3298697960381105e-12,0.0098589000000000003,cond,max
SOPP,default,baseline,15,P15,10000,0.8,1,0.80000000000000004,0.5,,0.0001,0.10000000000000001,2,1,1.1000000000000001,3,1,1,9.9999999999999994e-12,2000,true,converged_trial,0,23,52,8.8817841970012523e-12,0.018453500000000001,cond,max
SOPP,default,baseline,15,P15,10000,1.0,1,0.80000000000000004,0.5,,0.0001,0.10000000000000001,2,1,1.1000000000000001,3,1,1,9.9999999999999994e-12,2000,true,converged_projected,0,1,4,0,0.0006244,cond,max
SOPP,default,baseline,15,P15,10000,1.1,1,0.80000000000000004,0.5,,0.0001,0.10000000000000001,2,1,1.1000000000000001,3,1,1,9.9999999999999994e-12,2000,true,converged_projected,0,1,4,0,0.00063900000000000003,cond,max
SOPP,default,baseline,15,P15,10000,2.0,1,0.80000000000000004,0.5,,0.0001,0.10000000000000001,2,1,1.1000000000000001,3,1,1,9.9999999999999994e-12,2000,true,converged_projected,0,1,3,0,0.00050900000000000001,cond,max
SOPP,default,baseline,15,P15,10000,5.0,1,0.80000000000000004,0.5,,0.0001,0.10000000000000001,2,1,1.1000000000000001,3,1,1,9.9999999999999994e-12,2000,true,converged_projected,0,1,13,0,0.0025422000000000001,cond,max
SOPP,default,baseline,15,P15,10000,1/k,1,0.80000000000000004,0.5,,0.0001,0.10000000000000001,2,1,1.1000000000000001,3,1,1,9.9999999999999994e-12,2000,true,converged_trial,0,719,4386,9.6390849828899841e-12,0.69686959999999998,cond,max
SOPP,default,baseline,15,P15,10000,k/n,1,0.80000000000000004,0.5,,0.0001,0.10000000000000001,2,1,1.1000000000000001,3,1,1,9.9999999999999994e-12,2000,true,converged_trial,0,787,4777,9.7977775214493774e-12,0.9980639,cond,max
SOPP,default,baseline,16,P16,10000,0.4,1,0.80000000000000004,0.5,,0.0001,0.10000000000000001,2,1,1.1000000000000001,3,1,1,9.9999999999999994e-12,2000,true,converged_trial,0,203,609,9.9640599411220012e-12,0.065535499999999997,cond,max
SOPP,default,baseline,16,P16,10000,0.5,1,0.80000000000000004,0.5,,0.0001,0.10000000000000001,2,1,1.1000000000000001,3,1,1,9.9999999999999994e-12,2000,true,converged_trial,0,245,810,8.6547836813024104e-12,0.055842900000000001,cond,max
SOPP,default,baseline,16,P16,10000,0.6,1,0.80000000000000004,0.5,,0.0001,0.10000000000000001,2,1,1.1000000000000001,3,1,1,9.9999999999999994e-12,2000,true,converged_trial,0,276,895,9.0991684031112228e-12,0.059742900000000002,cond,max
SOPP,default,baseline,16,P16,10000,0.8,1,0.80000000000000004,0.5,,0.0001,0.10000000000000001,2,1,1.1000000000000001,3,1,1,9.9999999999999994e-12,2000,true,converged_trial,0,217,689,8.6145282457841236e-12,0.048740100000000001,cond,max
SOPP,default,baseline,16,P16,10000,1.0,1,0.80000000000000004,0.5,,0.0001,0.10000000000000001,2,1,1.1000000000000001,3,1,1,9.9999999999999994e-12,2000,true,converged_trial,0,233,771,8.211601858878744e-12,0.052329000000000001,cond,max
SOPP,default,baseline,16,P16,10000,1.1,1,0.80000000000000004,0.5,,0.0001,0.10000000000000001,2,1,1.1000000000000001,3,1,1,9.9999999999999994e-12,2000,true,converged_trial,0,236,796,9.982684847453844e-12,0.069133100000000003,cond,max
SOPP,default,baseline,16,P16,10000,2.0,1,0.80000000000000004,0.5,,0.0001,0.10000000000000001,2,1,1.1000000000000001,3,1,1,9.9999999999999994e-12,2000,true,converged_trial,0,247,843,8.9404633474048206e-12,0.2434347,cond,max
SOPP,default,baseline,16,P16,10000,5.0,1,0.80000000000000004,0.5,,0.0001,0.10000000000000001,2,1,1.1000000000000001,3,1,1,9.9999999999999994e-12,2000,true,converged_trial,0,265,912,8.3926943948323757e-12,0.1015378,cond,max
SOPP,default,baseline,16,P16,10000,1/k,1,0.80000000000000004,0.5,,0.0001,0.10000000000000001,2,1,1.1000000000000001,3,1,1,9.9999999999999994e-12,2000,true,converged_trial,0,366,782,9.8768189906368613e-12,0.11619889999999999,cond,max
SOPP,default,baseline,16,P16,10000,k/n,1,0.80000000000000004,0.5,,0.0001,0.10000000000000001,2,1,1.1000000000000001,3,1,1,9.9999999999999994e-12,2000,true,converged_trial,0,319,776,9.7731680471997034e-12,0.084357699999999994,cond,max
SOPP,default,baseline,17,P17,10000,0.4,1,0.80000000000000004,0.5,,0.0001,0.10000000000000001,2,1,1.1000000000000001,3,1,1,9.9999999999999994e-12,2000,true,converged_trial,0,50,100,8.8839532348841421e-12,0.078565300000000005,cond,max
SOPP,default,baseline,17,P17,10000,0.5,1,0.80000000000000004,0.5,,0.0001,0.10000000000000001,2,1,1.1000000000000001,3,1,1,9.9999999999999994e-12,2000,true,converged_projected,0,50,101,8.0393886936992245e-12,0.012695700000000001,cond,max
SOPP,default,baseline,17,P17,10000,0.6,1,0.80000000000000004,0.5,,0.0001,0.10000000000000001,2,1,1.1000000000000001,3,1,1,9.9999999999999994e-12,2000,true,converged_projected,0,50,101,9.4903863445730371e-12,0.0177953,cond,max
SOPP,default,baseline,17,P17,10000,0.8,1,0.80000000000000004,0.5,,0.0001,0.10000000000000001,2,1,1.1000000000000001,3,1,1,9.9999999999999994e-12,2000,true,converged_trial,0,51,102,9.0742614887044467e-12,0.013025999999999999,cond,max
SOPP,default,baseline,17,P17,10000,1.0,1,0.80000000000000004,0.5,,0.0001,0.10000000000000001,2,1,1.1000000000000001,3,1,1,9.9999999999999994e-12,2000,true,converged_projected,0,51,103,7.8031782440732518e-12,0.0182544,cond,max
SOPP,default,baseline,17,P17,10000,1.1,1,0.80000000000000004,0.5,,0.0001,0.10000000000000001,2,1,1.1000000000000001,3,1,1,9.9999999999999994e-12,2000,true,converged_projected,0,51,103,8.2435316980058876e-12,0.013425299999999999,cond,max
SOPP,default,baseline,17,P17,10000,2.0,1,0.80000000000000004,0.5,,0.0001,0.10000000000000001,2,1,1.1000000000000001,3,1,1,9.9999999999999994e-12,2000,true,converged_trial,0,51,102,9.3273174042688958e-12,0.0109122,cond,max
SOPP,default,baseline,17,P17,10000,5.0,1,0.80000000000000004,0.5,,0.0001,0.10000000000000001,2,1,1.1000000000000001,3,1,1,9.9999999999999994e-12,2000,true,converged_projected,0,50,102,7.7635688885529864e-12,0.0124867,cond,max
SOPP,default,baseline,17,P17,10000,1/k,1,0.80000000000000004,0.5,,0.0001,0.10000000000000001,2,1,1.1000000000000001,3,1,1,9.9999999999999994e-12,2000,true,converged_trial,0,44,88,9.7736773373210682e-12,0.011044399999999999,cond,max
SOPP,default,baseline,17,P17,10000,k/n,1,0.80000000000000004,0.5,,0.0001,0.10000000000000001,2,1,1.1000000000000001,3,1,1,9.9999999999999994e-12,2000,true,converged_projected,0,50,101,8.8732671887503435e-12,0.0139212,cond,max
SOPP,default,baseline,18,P18,10000,0.4,1,0.80000000000000004,0.5,,0.0001,0.10000000000000001,2,1,1.1000000000000001,3,1,1,9.9999999999999994e-12,2000,true,converged_trial,0,9,18,9.2370555648813024e-12,0.2403343,cond,max
SOPP,default,baseline,18,P18,10000,0.5,1,0.80000000000000004,0.5,,0.0001,0.10000000000000001,2,1,1.1000000000000001,3,1,1,9.9999999999999994e-12,2000,true,converged_trial,0,9,18,9.2370555648813024e-12,0.0029654999999999998,cond,max
SOPP,default,baseline,18,P18,10000,0.6,1,0.80000000000000004,0.5,,0.0001,0.10000000000000001,2,1,1.1000000000000001,3,1,1,9.9999999999999994e-12,2000,true,converged_trial,0,9,18,9.2370555648813024e-12,0.0029521,cond,max
SOPP,default,baseline,18,P18,10000,0.8,1,0.80000000000000004,0.5,,0.0001,0.10000000000000001,2,1,1.1000000000000001,3,1,1,9.9999999999999994e-12,2000,true,converged_trial,0,9,18,9.2370555648813024e-12,0.0029837000000000002,cond,max
SOPP,default,baseline,18,P18,10000,1.0,1,0.80000000000000004,0.5,,0.0001,0.10000000000000001,2,1,1.1000000000000001,3,1,1,9.9999999999999994e-12,2000,true,converged_trial,0,9,18,9.2370555648813024e-12,0.0032967000000000001,cond,max
SOPP,default,baseline,18,P18,10000,1.1,1,0.80000000000000004,0.5,,0.0001,0.10000000000000001,2,1,1.1000000000000001,3,1,1,9.9999999999999994e-12,2000,true,converged_trial,0,48,96,7.815970093361102e-12,0.023052099999999999,cond,max
SOPP,default,baseline,18,P18,10000,2.0,1,0.80000000000000004,0.5,,0.0001,0.10000000000000001,2,1,1.1000000000000001,3,1,1,9.9999999999999994e-12,2000,true,converged_trial,0,52,104,8.7707618945387367e-12,0.025958999999999999,cond,max
SOPP,default,baseline,18,P18,10000,5.0,1,0.80000000000000004,0.5,,0.0001,0.10000000000000001,2,1,1.1000000000000001,3,1,1,9.9999999999999994e-12,2000,true,converged_trial,0,55,110,9.3924867883288243e-12,0.0230758,cond,max
SOPP,default,baseline,18,P18,10000,1/k,1,0.80000000000000004,0.5,,0.0001,0.10000000000000001,2,1,1.1000000000000001,3,1,1,9.9999999999999994e-12,2000,true,converged_trial,0,9,18,9.2370555648813024e-12,0.0030284999999999999,cond,max
SOPP,default,baseline,18,P18,10000,k/n,1,0.80000000000000004,0.5,,0.0001,0.10000000000000001,2,1,1.1000000000000001,3,1,1,9.9999999999999994e-12,2000,true,converged_trial,0,9,18,9.2370555648813024e-12,0.0051679999999999999,cond,max
SOPP,default,baseline,19,P19,10000,0.4,1,0.80000000000000004,0.5,,0.0001,0.10000000000000001,2,1,1.1000000000000001,3,1,1,9.9999999999999994e-12,2000,true,converged_trial,0,29,100,6.7067011666477327e-12,0.18354309999999999,cond,max
SOPP,default,baseline,19,P19,10000,0.5,1,0.80000000000000004,0.5,,0.0001,0.10000000000000001,2,1,1.1000000000000001,3,1,1,9.9999999999999994e-12,2000,true,converged_projected,0,28,103,7.0979680466543016e-12,0.0064736999999999998,cond,max
SOPP,default,baseline,19,P19,10000,0.6,1,0.80000000000000004,0.5,,0.0001,0.10000000000000001,2,1,1.1000000000000001,3,1,1,9.9999999999999994e-12,2000,true,converged_projected,0,33,107,8.0185857953551931e-12,0.0122583,cond,max
SOPP,default,baseline,19,P19,10000,0.8,1,0.80000000000000004,0.5,,0.0001,0.10000000000000001,2,1,1.1000000000000001,3,1,1,9.9999999999999994e-12,2000,true,converged_projected,0,35,117,6.0429959647390064e-12,0.007927,cond,max
SOPP,default,baseline,19,P19,10000,1.0,1,0.80000000000000004,0.5,,0.0001,0.10000000000000001,2,1,1.1000000000000001,3,1,1,9.9999999999999994e-12,2000,true,converged_projected,0,28,109,8.5794218951384948e-12,0.010613600000000001,cond,max
SOPP,default,baseline,19,P19,10000,1.1,1,0.80000000000000004,0.5,,0.0001,0.10000000000000001,2,1,1.1000000000000001,3,1,1,9.9999999999999994e-12,2000,true,converged_projected,0,35,129,6.0429959647390064e-12,0.0095101999999999999,cond,max
SOPP,default,baseline,19,P19,10000,2.0,1,0.80000000000000004,0.5,,0.0001,0.10000000000000001,2,1,1.1000000000000001,3,1,1,9.9999999999999994e-12,2000,false,line_search_failed,0,1,52,31999800.002000701,0.0016083,cond,max
SOPP,default,baseline,19,P19,10000,5.0,1,0.80000000000000004,0.5,,0.0001,0.10000000000000001,2,1,1.1000000000000001,3,1,1,9.9999999999999994e-12,2000,false,line_search_failed,0,1,52,499999500.00799143,0.0016749,cond,max
SOPP,default,baseline,19,P19,10000,1/k,1,0.80000000000000004,0.5,,0.0001,0.10000000000000001,2,1,1.1000000000000001,3,1,1,9.9999999999999994e-12,2000,false,maxiter,0,2000,4005,6.227736134783988e-07,0.73463129999999999,cond,max
SOPP,default,baseline,19,P19,10000,k/n,1,0.80000000000000004,0.5,,0.0001,0.10000000000000001,2,1,1.1000000000000001,3,1,1,9.9999999999999994e-12,2000,false,maxiter,0,2000,4041,8.7999543841692488e-07,0.69194149999999999,cond,max
SOPP,default,baseline,20,P20,10000,0.4,1,0.80000000000000004,0.5,,0.0001,0.10000000000000001,2,1,1.1000000000000001,3,1,1,9.9999999999999994e-12,2000,true,converged_trial,0,28,56,9.347194924638589e-12,0.0461407,cond,max
SOPP,default,baseline,20,P20,10000,0.5,1,0.80000000000000004,0.5,,0.0001,0.10000000000000001,2,1,1.1000000000000001,3,1,1,9.9999999999999994e-12,2000,true,converged_projected,0,28,57,7.7592886287975763e-12,0.011898000000000001,cond,max
SOPP,default,baseline,20,P20,10000,0.6,1,0.80000000000000004,0.5,,0.0001,0.10000000000000001,2,1,1.1000000000000001,3,1,1,9.9999999999999994e-12,2000,true,converged_projected,0,28,57,9.4795204492920128e-12,0.013298300000000001,cond,max
SOPP,default,baseline,20,P20,10000,0.8,1,0.80000000000000004,0.5,,0.0001,0.10000000000000001,2,1,1.1000000000000001,3,1,1,9.9999999999999994e-12,2000,true,converged_projected,0,27,55,9.0825438753317689e-12,0.0169645,cond,max
SOPP,default,baseline,20,P20,10000,1.0,1,0.80000000000000004,0.5,,0.0001,0.10000000000000001,2,1,1.1000000000000001,3,1,1,9.9999999999999994e-12,2000,true,converged_trial,0,28,56,7.4284748171643763e-12,0.017572899999999999,cond,max
SOPP,default,baseline,20,P20,10000,1.1,1,0.80000000000000004,0.5,,0.0001,0.10000000000000001,2,1,1.1000000000000001,3,1,1,9.9999999999999994e-12,2000,true,converged_trial,0,28,56,7.0314982432037721e-12,0.0178783,cond,max
SOPP,default,baseline,20,P20,10000,2.0,1,0.80000000000000004,0.5,,0.0001,0.10000000000000001,2,1,1.1000000000000001,3,1,1,9.9999999999999994e-12,2000,true,converged_trial,0,28,61,7.8254513911242502e-12,0.019143,cond,max
SOPP,default,baseline,20,P20,10000,5.0,1,0.80000000000000004,0.5,,0.0001,0.10000000000000001,2,1,1.1000000000000001,3,1,1,9.9999999999999994e-12,2000,true,converged_projected,2,3,8,0,0.0023689000000000002,cond,max
SOPP,default,baseline,20,P20,10000,1/k,1,0.80000000000000004,0.5,,0.0001,0.10000000000000001,2,1,1.1000000000000001,3,1,1,9.9999999999999994e-12,2000,true,converged_trial,0,41,82,6.5533524747411805e-12,0.0352571,cond,max
SOPP,default,baseline,20,P20,10000,k/n,1,0.80000000000000004,0.5,,0.0001,0.10000000000000001,2,1,1.1000000000000001,3,1,1,9.9999999999999994e-12,2000,true,converged_projected,0,31,63,9.4682683368394977e-12,0.013041499999999999,cond,max
SOPP,tsel=gap,tsel,1,P1,10000,0.4,1,0.80000000000000004,0.5,,0.0001,0.10000000000000001,2,1,1.1000000000000001,3,1,1,9.9999999999999994e-12,2000,true,converged_trial,0,50,100,8.8839532348841421e-12,0.015036600000000001,gap,max
SOPP,tsel=gap,tsel,1,P1,10000,0.5,1,0.80000000000000004,0.5,,0.0001,0.10000000000000001,2,1,1.1000000000000001,3,1,1,9.9999999999999994e-12,2000,true,converged_projected,0,50,101,8.0393886936992245e-12,0.027584500000000001,gap,max
SOPP,tsel=gap,tsel,1,P1,10000,0.6,1,0.80000000000000004,0.5,,0.0001,0.10000000000000001,2,1,1.1000000000000001,3,1,1,9.9999999999999994e-12,2000,true,converged_projected,0,50,101,9.4903863445730371e-12,0.012047499999999999,gap,max
SOPP,tsel=gap,tsel,1,P1,10000,0.8,1,0.80000000000000004,0.5,,0.0001,0.10000000000000001,2,1,1.1000000000000001,3,1,1,9.9999999999999994e-12,2000,true,converged_trial,0,51,102,9.0742614887044467e-12,0.0133735,gap,max
SOPP,tsel=gap,tsel,1,P1,10000,1.0,1,0.80000000000000004,0.5,,0.0001,0.10000000000000001,2,1,1.1000000000000001,3,1,1,9.9999999999999994e-12,2000,true,converged_projected,0,51,103,7.8031782440732518e-12,0.0189082,gap,max
SOPP,tsel=gap,tsel,1,P1,10000,1.1,1,0.80000000000000004,0.5,,0.0001,0.10000000000000001,2,1,1.1000000000000001,3,1,1,9.9999999999999994e-12,2000,true,converged_projected,0,51,103,8.2435316980058876e-12,0.0113291,gap,max
SOPP,tsel=gap,tsel,1,P1,10000,2.0,1,0.80000000000000004,0.5,,0.0001,0.10000000000000001,2,1,1.1000000000000001,3,1,1,9.9999999999999994e-12,2000,true,converged_trial,0,51,102,9.3273174042688958e-12,0.0136921,gap,max
SOPP,tsel=gap,tsel,1,P1,10000,5.0,1,0.80000000000000004,0.5,,0.0001,0.10000000000000001,2,1,1.1000000000000001,3,1,1,9.9999999999999994e-12,2000,true,converged_projected,0,50,102,7.7635688885529864e-12,0.012814799999999999,gap,max
SOPP,tsel=gap,tsel,1,P1,10000,1/k,1,0.80000000000000004,0.5,,0.0001,0.10000000000000001,2,1,1.1000000000000001,3,1,1,9.9999999999999994e-12,2000,true,converged_trial,0,44,88,9.7737408877083045e-12,0.0089879000000000001,gap,max
SOPP,tsel=gap,tsel,1,P1,10000,k/n,1,0.80000000000000004,0.5,,0.0001,0.10000000000000001,2,1,1.1000000000000001,3,1,1,9.9999999999999994e-12,2000,true,converged_projected,0,50,101,8.8732755103816916e-12,0.012267200000000001,gap,max
SOPP,tsel=gap,tsel,2,P2,10000,0.4,1,0.80000000000000004,0.5,,0.0001,0.10000000000000001,2,1,1.1000000000000001,3,1,1,9.9999999999999994e-12,2000,true,converged_projected,0,50,101,7.5931665379395827e-12,0.0136697,gap,max
SOPP,tsel=gap,tsel,2,P2,10000,0.5,1,0.80000000000000004,0.5,,0.0001,0.10000000000000001,2,1,1.1000000000000001,3,1,1,9.9999999999999994e-12,2000,true,converged_projected,0,50,101,9.6801760742690113e-12,0.014624399999999999,gap,max
SOPP,tsel=gap,tsel,2,P2,10000,0.6,1,0.80000000000000004,0.5,,0.0001,0.10000000000000001,2,1,1.1000000000000001,3,1,1,9.9999999999999994e-12,2000,true,converged_trial,0,51,102,8.9030984934780733e-12,0.014382000000000001,gap,max
SOPP,tsel=gap,tsel,2,P2,10000,0.8,1,0.80000000000000004,0.5,,0.0001,0.10000000000000001,2,1,1.1000000000000001,3,1,1,9.9999999999999994e-12,2000,true,converged_projected,0,51,103,9.0363107660695327e-12,0.014348,gap,max
SOPP,tsel=gap,tsel,2,P2,10000,1.0,1,0.80000000000000004,0.5,,0.0001,0.10000000000000001,2,1,1.1000000000000001,3,1,1,9.9999999999999994e-12,2000,true,converged_trial,0,52,104,8.769885308455336e-12,0.0150651,gap,max
SOPP,tsel=gap,tsel,2,P2,10000,1.1,1,0.80000000000000004,0.5,,0.0001,0.10000000000000001,2,1,1.1000000000000001,3,1,1,9.9999999999999994e-12,2000,true,converged_trial,0,52,104,9.8133910518134003e-12,0.014032899999999999,gap,max
SOPP,tsel=gap,tsel,2,P2,10000,2.0,1,0.80000000000000004,0.5,,0.0001,0.10000000000000001,2,1,1.1000000000000001,3,1,1,9.9999999999999994e-12,2000,true,converged_projected,0,53,107,8.2592337303573357e-12,0.0143506,gap,max
SOPP,tsel=gap,tsel,2,P2,10000,5.0,1,0.80000000000000004,0.5,,0.0001,0.10000000000000001,2,1,1.1000000000000001,3,1,1,9.9999999999999994e-12,2000,true,converged_trial,0,56,112,7.681973965506798e-12,0.016394499999999999,gap,max
SOPP,tsel=gap,tsel,2,P2,10000,1/k,1,0.80000000000000004,0.5,,0.0001,0.10000000000000001,2,1,1.1000000000000001,3,1,1,9.9999999999999994e-12,2000,true,converged_projected,0,44,89,9.5042590772353716e-12,0.012213,gap,max
SOPP,tsel=gap,tsel,2,P2,10000,k/n,1,0.80000000000000004,0.5,,0.0001,0.10000000000000001,2,1,1.1000000000000001,3,1,1,9.9999999999999994e-12,2000,true,converged_trial,0,51,102,8.8459876186465342e-12,0.0143366,gap,max
SOPP,tsel=gap,tsel,3,P3,10000,0.4,1,0.80000000000000004,0.5,,0.0001,0.10000000000000001,2,1,1.1000000000000001,3,1,1,9.9999999999999994e-12,2000,true,converged_projected,0,49,99,9.2814644858663087e-12,0.0129371,gap,max
SOPP,tsel=gap,tsel,3,P3,10000,0.5,1,0.80000000000000004,0.5,,0.0001,0.10000000000000001,2,1,1.1000000000000001,3,1,1,9.9999999999999994e-12,2000,true,converged_trial,0,50,100,7.7937656328685989e-12,0.012516899999999999,gap,max
SOPP,tsel=gap,tsel,3,P3,10000,0.6,1,0.80000000000000004,0.5,,0.0001,0.10000000000000001,2,1,1.1000000000000001,3,1,1,9.9999999999999994e-12,2000,true,converged_trial,0,50,100,8.1712414612411521e-12,0.0137261,gap,max
SOPP,tsel=gap,tsel,3,P3,10000,0.8,1,0.80000000000000004,0.5,,0.0001,0.10000000000000001,2,1,1.1000000000000001,3,1,1,9.9999999999999994e-12,2000,true,converged_projected,0,49,99,9.4813046302988369e-12,0.020452600000000001,gap,max
SOPP,tsel=gap,tsel,3,P3,10000,1.0,1,0.80000000000000004,0.5,,0.0001,0.10000000000000001,2,1,1.1000000000000001,3,1,1,9.9999999999999994e-12,2000,true,converged_projected,0,48,97,7.5939254884360707e-12,0.015436699999999999,gap,max
SOPP,tsel=gap,tsel,3,P3,10000,1.1,1,0.80000000000000004,0.5,,0.0001,0.10000000000000001,2,1,1.1000000000000001,3,1,1,9.9999999999999994e-12,2000,true,converged_projected,0,1,3,0,0.00021929999999999999,gap,max
SOPP,tsel=gap,tsel,3,P3,10000,2.0,1,0.80000000000000004,0.5,,0.0001,0.10000000000000001,2,1,1.1000000000000001,3,1,1,9.9999999999999994e-12,2000,true,converged_projected,0,50,104,9.5701224722688494e-12,0.014195599999999999,gap,max
SOPP,tsel=gap,tsel,3,P3,10000,5.0,1,0.80000000000000004,0.5,,0.0001,0.10000000000000001,2,1,1.1000000000000001,3,1,1,9.9999999999999994e-12,2000,true,converged_projected,0,52,118,9.3480778673438181e-12,0.013955199999999999,gap,max
SOPP,tsel=gap,tsel,3,P3,10000,1/k,1,0.80000000000000004,0.5,,0.0001,0.10000000000000001,2,1,1.1000000000000001,3,1,1,9.9999999999999994e-12,2000,true,converged_projected,0,45,91,9.0479232282172087e-12,0.0118862,gap,max
SOPP,tsel=gap,tsel,3,P3,10000,k/n,1,0.80000000000000004,0.5,,0.0001,0.10000000000000001,2,1,1.1000000000000001,3,1,1,9.9999999999999994e-12,2000,true,converged_trial,0,51,102,9.2955310666905853e-12,0.0164213,gap,max
SOPP,tsel=gap,tsel,4,P4,10000,0.4,1,0.80000000000000004,0.5,,0.0001,0.10000000000000001,2,1,1.1000000000000001,3,1,1,9.9999999999999994e-12,2000,true,converged_trial,0,31,64,7.0977408847328225e-12,0.0073726,gap,max
SOPP,tsel=gap,tsel,4,P4,10000,0.5,1,0.80000000000000004,0.5,,0.0001,0.10000000000000001,2,1,1.1000000000000001,3,1,1,9.9999999999999994e-12,2000,true,converged_trial,0,100,220,8.4023462284656649e-12,0.0215307,gap,max
SOPP,tsel=gap,tsel,4,P4,10000,0.6,1,0.80000000000000004,0.5,,0.0001,0.10000000000000001,2,1,1.1000000000000001,3,1,1,9.9999999999999994e-12,2000,true,converged_trial,0,207,556,7.9387386102424211e-12,0.050599400000000003,gap,max
SOPP,tsel=gap,tsel,4,P4,10000,0.8,1,0.80000000000000004,0.5,,0.0001,0.10000000000000001,2,1,1.1000000000000001,3,1,1,9.9999999999999994e-12,2000,true,converged_trial,0,223,595,7.3430937904381069e-12,0.051061000000000002,gap,max
SOPP,tsel=gap,tsel,4,P4,10000,1.0,1,0.80000000000000004,0.5,,0.0001,0.10000000000000001,2,1,1.1000000000000001,3,1,1,9.9999999999999994e-12,2000,true,converged_trial,0,222,587,9.8948088405585747e-12,0.2432076,gap,max
SOPP,tsel=gap,tsel,4,P4,10000,1.1,1,0.80000000000000004,0.5,,0.0001,0.10000000000000001,2,1,1.1000000000000001,3,1,1,9.9999999999999994e-12,2000,true,converged_trial,0,223,586,7.2300300020708475e-12,0.094385200000000002,gap,max
SOPP,tsel=gap,tsel,4,P4,10000,2.0,1,0.80000000000000004,0.5,,0.0001,0.10000000000000001,2,1,1.1000000000000001,3,1,1,9.9999999999999994e-12,2000,true,converged_trial,0,158,365,9.8508119267583659e-12,0.042376700000000003,gap,max
SOPP,tsel=gap,tsel,4,P4,10000,5.0,1,0.80000000000000004,0.5,,0.0001,0.10000000000000001,2,1,1.1000000000000001,3,1,1,9.9999999999999994e-12,2000,false,maxiter,103,2000,39501,14708692016.140898,2.3291575,gap,max
SOPP,tsel=gap,tsel,4,P4,10000,1/k,1,0.80000000000000004,0.5,,0.0001,0.10000000000000001,2,1,1.1000000000000001,3,1,1,9.9999999999999994e-12,2000,true,converged_trial,0,109,264,9.2364332160526073e-12,0.0244639,gap,max
SOPP,tsel=gap,tsel,4,P4,10000,k/n,1,0.80000000000000004,0.5,,0.0001,0.10000000000000001,2,1,1.1000000000000001,3,1,1,9.9999999999999994e-12,2000,true,converged_trial,0,610,1831,9.9863522790853912e-12,0.32474500000000001,gap,max
SOPP,tsel=gap,tsel,5,P5,10000,0.4,1,0.80000000000000004,0.5,,0.0001,0.10000000000000001,2,1,1.1000000000000001,3,1,1,9.9999999999999994e-12,2000,true,converged_trial,0,53,106,8.7041485130612273e-12,0.028060399999999999,gap,max
SOPP,tsel=gap,tsel,5,P5,10000,0.5,1,0.80000000000000004,0.5,,0.0001,0.10000000000000001,2,1,1.1000000000000001,3,1,1,9.9999999999999994e-12,2000,true,converged_trial,0,53,106,8.3488771451811772e-12,0.029144,gap,max
SOPP,tsel=gap,tsel,5,P5,10000,0.6,1,0.80000000000000004,0.5,,0.0001,0.10000000000000001,2,1,1.1000000000000001,3,1,1,9.9999999999999994e-12,2000,true,converged_trial,0,53,106,7.993588063056351e-12,0.0330564,gap,max
SOPP,tsel=gap,tsel,5,P5,10000,0.8,1,0.80000000000000004,0.5,,0.0001,0.10000000000000001,2,1,1.1000000000000001,3,1,1,9.9999999999999994e-12,2000,true,converged_projected,0,52,105,9.6367358537463588e-12,0.0196402,gap,max
SOPP,tsel=gap,tsel,5,P5,10000,1.0,1,0.80000000000000004,0.5,,0.0001,0.10000000000000001,2,1,1.1000000000000001,3,1,1,9.9999999999999994e-12,2000,true,converged_projected,0,52,105,8.7041663219266282e-12,0.026633899999999999,gap,max
SOPP,tsel=gap,tsel,5,P5,10000,1.1,1,0.80000000000000004,0.5,,0.0001,0.10000000000000001,2,1,1.1000000000000001,3,1,1,9.9999999999999994e-12,2000,true,converged_projected,0,52,105,8.1268325402561459e-12,0.027834299999999999,gap,max
SOPP,tsel=gap,tsel,5,P5,10000,2.0,1,0.80000000000000004,0.5,,0.0001,0.10000000000000001,2,1,1.1000000000000001,3,1,1,9.9999999999999994e-12,2000,true,converged_trial,0,51,102,9.0150109599562711e-12,0.032163999999999998,gap,max
SOPP,tsel=gap,tsel,5,P5,10000,5.0,1,0.80000000000000004,0.5,,0.0001,0.10000000000000001,2,1,1.1000000000000001,3,1,1,9.9999999999999994e-12,2000,true,converged_trial,0,53,106,8.6153306710912148e-12,0.0191992,gap,max
SOPP,tsel=gap,tsel,5,P5,10000,1/k,1,0.80000000000000004,0.5,,0.0001,0.10000000000000001,2,1,1.1000000000000001,3,1,1,9.9999999999999994e-12,2000,true,converged_projected,0,53,107,7.5029995032844801e-12,0.0273651,gap,max
SOPP,tsel=gap,tsel,5,P5,10000,k/n,1,0.80000000000000004,0.5,,0.0001,0.10000000000000001,2,1,1.1000000000000001,3,1,1,9.9999999999999994e-12,2000,true,converged_trial,0,53,106,8.4469271322564805e-12,0.0304491,gap,max
SOPP,tsel=gap,tsel,6,P6,10000,0.4,1,0.80000000000000004,0.5,,0.0001,0.10000000000000001,2,1,1.1000000000000001,3,1,1,9.9999999999999994e-12,2000,true,converged_projected,0,31,63,8.3932860661661834e-12,0.025082400000000001,gap,max
SOPP,tsel=gap,tsel,6,P6,10000,0.5,1,0.80000000000000004,0.5,,0.0001,0.10000000000000001,2,1,1.1000000000000001,3,1,1,9.9999999999999994e-12,2000,true,converged_projected,0,28,57,8.3710816056736803e-12,0.0064507000000000002,gap,max
SOPP,tsel=gap,tsel,6,P6,10000,0.6,1,0.80000000000000004,0.5,,0.0001,0.10000000000000001,2,1,1.1000000000000001,3,1,1,9.9999999999999994e-12,2000,true,converged_projected,0,30,61,6.3060667798708891e-12,0.0067542000000000001,gap,max
SOPP,tsel=gap,tsel,6,P6,10000,0.8,1,0.80000000000000004,0.5,,0.0001,0.10000000000000001,2,1,1.1000000000000001,3,1,1,9.9999999999999994e-12,2000,true,converged_projected,0,31,63,7.5495165674510645e-12,0.0072192999999999997,gap,max
SOPP,tsel=gap,tsel,6,P6,10000,1.0,1,0.80000000000000004,0.5,,0.0001,0.10000000000000001,2,1,1.1000000000000001,3,1,1,9.9999999999999994e-12,2000,true,converged_projected,0,33,67,7.3940853440035426e-12,0.011975599999999999,gap,max
SOPP,tsel=gap,tsel,6,P6,10000,1.1,1,0.80000000000000004,0.5,,0.0001,0.10000000000000001,2,1,1.1000000000000001,3,1,1,9.9999999999999994e-12,2000,true,converged_trial,0,34,68,8.2156503822261584e-12,0.0131947,gap,max
SOPP,tsel=gap,tsel,6,P6,10000,2.0,1,0.80000000000000004,0.5,,0.0001,0.10000000000000001,2,1,1.1000000000000001,3,1,1,9.9999999999999994e-12,2000,true,converged_projected,0,36,73,6.794564910705958e-12,0.0086257,gap,max
SOPP,tsel=gap,tsel,6,P6,10000,5.0,1,0.80000000000000004,0.5,,0.0001,0.10000000000000001,2,1,1.1000000000000001,3,1,1,9.9999999999999994e-12,2000,true,converged_projected,0,37,75,6.3504757008558954e-12,0.0089831000000000008,gap,max
SOPP,tsel=gap,tsel,6,P6,10000,1/k,1,0.80000000000000004,0.5,,0.0001,0.10000000000000001,2,1,1.1000000000000001,3,1,1,9.9999999999999994e-12,2000,true,converged_trial,0,131,262,9.0019596604980512e-12,0.034036900000000002,gap,max
SOPP,tsel=gap,tsel,6,P6,10000,k/n,1,0.80000000000000004,0.5,,0.0001,0.10000000000000001,2,1,1.1000000000000001,3,1,1,9.9999999999999994e-12,2000,true,converged_trial,0,79,158,8.2190428541825646e-12,0.020786900000000001,gap,max
SOPP,tsel=gap,tsel,8,P8,10000,0.4,1,0.80000000000000004,0.5,,0.0001,0.10000000000000001,2,1,1.1000000000000001,3,1,1,9.9999999999999994e-12,2000,true,converged_trial,0,427,1447,9.9332760439160648e-12,0.098179699999999995,gap,max
SOPP,tsel=gap,tsel,8,P8,10000,0.5,1,0.80000000000000004,0.5,,0.0001,0.10000000000000001,2,1,1.1000000000000001,3,1,1,9.9999999999999994e-12,2000,true,converged_trial,0,1145,2386,9.6838663210172537e-12,0.22297839999999999,gap,max
SOPP,tsel=gap,tsel,8,P8,10000,0.6,1,0.80000000000000004,0.5,,0.0001,0.10000000000000001,2,1,1.1000000000000001,3,1,1,9.9999999999999994e-12,2000,true,converged_trial,0,1105,2360,9.8161726219952192e-12,0.46254810000000002,gap,max
SOPP,tsel=gap,tsel,8,P8,10000,0.8,1,0.80000000000000004,0.5,,0.0001,0.10000000000000001,2,1,1.1000000000000001,3,1,1,9.9999999999999994e-12,2000,true,converged_trial,0,814,2005,9.9496250888094841e-12,0.17685890000000001,gap,max
SOPP,tsel=gap,tsel,8,P8,10000,1.0,1,0.80000000000000004,0.5,,0.0001,0.10000000000000001,2,1,1.1000000000000001,3,1,1,9.9999999999999994e-12,2000,true,converged_trial,0,990,2380,9.0124285599833666e-12,0.2015496,gap,max
SOPP,tsel=gap,tsel,8,P8,10000,1.1,1,0.80000000000000004,0.5,,0.0001,0.10000000000000001,2,1,1.1000000000000001,3,1,1,9.9999999999999994e-12,2000,true,converged_trial,0,634,1572,9.9092204907217044e-12,0.35004849999999998,gap,max
SOPP,tsel=gap,tsel,8,P8,10000,2.0,1,0.80000000000000004,0.5,,0.0001,0.10000000000000001,2,1,1.1000000000000001,3,1,1,9.9999999999999994e-12,2000,true,converged_trial,0,635,1658,9.9239694807639361e-12,0.1898888,gap,max
SOPP,tsel=gap,tsel,8,P8,10000,5.0,1,0.80000000000000004,0.5,,0.0001,0.10000000000000001,2,1,1.1000000000000001,3,1,1,9.9999999999999994e-12,2000,true,converged_trial,0,770,1991,9.7006758830801905e-12,0.1653944,gap,max
SOPP,tsel=gap,tsel,8,P8,10000,1/k,1,0.80000000000000004,0.5,,0.0001,0.10000000000000001,2,1,1.1000000000000001,3,1,1,9.9999999999999994e-12,2000,true,converged_trial,0,793,2440,9.857355342533474e-12,0.1703143,gap,max
SOPP,tsel=gap,tsel,8,P8,10000,k/n,1,0.80000000000000004,0.5,,0.0001,0.10000000000000001,2,1,1.1000000000000001,3,1,1,9.9999999999999994e-12,2000,true,converged_trial,0,736,2161,9.3918199996197197e-12,0.39640829999999999,gap,max
SOPP,tsel=gap,tsel,10,P10,10000,0.4,1,0.80000000000000004,0.5,,0.0001,0.10000000000000001,2,1,1.1000000000000001,3,1,1,9.9999999999999994e-12,2000,true,converged_projected,0,34,69,8.3710816056736803e-12,0.0094006000000000003,gap,max
SOPP,tsel=gap,tsel,10,P10,10000,0.5,1,0.80000000000000004,0.5,,0.0001,0.10000000000000001,2,1,1.1000000000000001,3,1,1,9.9999999999999994e-12,2000,true,converged_projected,0,32,65,6.3726801613483985e-12,0.0099276999999999994,gap,max
SOPP,tsel=gap,tsel,10,P10,10000,0.6,1,0.80000000000000004,0.5,,0.0001,0.10000000000000001,2,1,1.1000000000000001,3,1,1,9.9999999999999994e-12,2000,true,converged_projected,0,33,67,9.170442183403793e-12,0.0135773,gap,max
SOPP,tsel=gap,tsel,10,P10,10000,0.8,1,0.80000000000000004,0.5,,0.0001,0.10000000000000001,2,1,1.1000000000000001,3,1,1,9.9999999999999994e-12,2000,true,converged_projected,0,34,69,8.1934459217336553e-12,0.0049657,gap,max
SOPP,tsel=gap,tsel,10,P10,10000,1.0,1,0.80000000000000004,0.5,,0.0001,0.10000000000000001,2,1,1.1000000000000001,3,1,1,9.9999999999999994e-12,2000,true,converged_projected,0,34,69,9.170442183403793e-12,0.0052715000000000001,gap,max
SOPP,tsel=gap,tsel,10,P10,10000,1.1,1,0.80000000000000004,0.5,,0.0001,0.10000000000000001,2,1,1.1000000000000001,3,1,1,9.9999999999999994e-12,2000,true,converged_projected,0,34,69,8.5487172896137054e-12,0.0118557,gap,max
SOPP,tsel=gap,tsel,10,P10,10000,2.0,1,0.80000000000000004,0.5,,0.0001,0.10000000000000001,2,1,1.1000000000000001,3,1,1,9.9999999999999994e-12,2000,true,converged_projected,0,28,58,6.2172489379008766e-12,0.0039410000000000001,gap,max
SOPP,tsel=gap,tsel,10,P10,10000,5.0,1,0.80000000000000004,0.5,,0.0001,0.10000000000000001,2,1,1.1000000000000001,3,1,1,9.9999999999999994e-12,2000,true,converged_projected,8,41,83,6.4837024638109142e-12,0.0066785999999999998,gap,max
SOPP,tsel=gap,tsel,10,P10,10000,1/k,1,0.80000000000000004,0.5,,0.0001,0.10000000000000001,2,1,1.1000000000000001,3,1,1,9.9999999999999994e-12,2000,true,converged_trial,6,47,94,8.0409665245272859e-12,0.021255900000000001,gap,max
SOPP,tsel=gap,tsel,10,P10,10000,k/n,1,0.80000000000000004,0.5,,0.0001,0.10000000000000001,2,1,1.1000000000000001,3,1,1,9.9999999999999994e-12,2000,true,converged_projected,0,36,73,7.6059970420642889e-12,0.0118602,gap,max
SOPP,tsel=gap,tsel,11,P11,10000,0.4,1,0.80000000000000004,0.5,,0.0001,0.10000000000000001,2,1,1.1000000000000001,3,1,1,9.9999999999999994e-12,2000,true,converged_trial,0,56,112,8.2775978183277606e-12,0.016851000000000001,gap,max
SOPP,tsel=gap,tsel,11,P11,10000,0.5,1,0.80000000000000004,0.5,,0.0001,0.10000000000000001,2,1,1.1000000000000001,3,1,1,9.9999999999999994e-12,2000,true,converged_trial,0,56,112,7.9497470326409687e-12,0.0140287,gap,max
SOPP,tsel=gap,tsel,11,P11,10000,0.6,1,0.80000000000000004,0.5,,0.0001,0.10000000000000001,2,1,1.1000000000000001,3,1,1,9.9999999999999994e-12,2000,true,converged_trial,0,56,112,7.7345636207056165e-12,0.0147679,gap,max
SOPP,tsel=gap,tsel,11,P11,10000,0.8,1,0.80000000000000004,0.5,,0.0001,0.10000000000000001,2,1,1.1000000000000001,3,1,1,9.9999999999999994e-12,2000,true,converged_projected,0,55,111,9.8369091289908527e-12,0.0139285,gap,max
SOPP,tsel=gap,tsel,11,P11,10000,1.0,1,0.80000000000000004,0.5,,0.0001,0.10000000000000001,2,1,1.1000000000000001,3,1,1,9.9999999999999994e-12,2000,true,converged_projected,0,55,111,9.481042864956744e-12,0.0138003,gap,max
SOPP,tsel=gap,tsel,11,P11,10000,1.1,1,0.80000000000000004,0.5,,0.0001,0.10000000000000001,2,1,1.1000000000000001,3,1,1,9.9999999999999994e-12,2000,true,converged_projected,0,55,111,9.7747090864794372e-12,0.0155202,gap,max
SOPP,tsel=gap,tsel,11,P11,10000,2.0,1,0.80000000000000004,0.5,,0.0001,0.10000000000000001,2,1,1.1000000000000001,3,1,1,9.9999999999999994e-12,2000,true,converged_trial,0,60,125,8.9011475920322536e-12,0.015059899999999999,gap,max
SOPP,tsel=gap,tsel,11,P11,10000,5.0,1,0.80000000000000004,0.5,,0.0001,0.10000000000000001,2,1,1.1000000000000001,3,1,1,9.9999999999999994e-12,2000,true,converged_trial,0,83,384,8.3932753340034176e-12,0.035645400000000001,gap,max
SOPP,tsel=gap,tsel,11,P11,10000,1/k,1,0.80000000000000004,0.5,,0.0001,0.10000000000000001,2,1,1.1000000000000001,3,1,1,9.9999999999999994e-12,2000,true,converged_trial,0,56,112,7.5028617792564243e-12,0.014121699999999999,gap,max
SOPP,tsel=gap,tsel,11,P11,10000,k/n,1,0.80000000000000004,0.5,,0.0001,0.10000000000000001,2,1,1.1000000000000001,3,1,1,9.9999999999999994e-12,2000,true,converged_trial,0,57,114,8.0404143838742745e-12,0.014839099999999999,gap,max
SOPP,tsel=gap,tsel,12,P12,10000,0.4,1,0.80000000000000004,0.5,,0.0001,0.10000000000000001,2,1,1.1000000000000001,3,1,1,9.9999999999999994e-12,2000,true,converged_projected,0,30,61,6.3282712403633923e-12,0.0076563000000000004,gap,max
SOPP,tsel=gap,tsel,12,P12,10000,0.5,1,0.80000000000000004,0.5,,0.0001,0.10000000000000001,2,1,1.1000000000000001,3,1,1,9.9999999999999994e-12,2000,true,converged_projected,0,28,57,8.3655304905505545e-12,0.0068964999999999999,gap,max
SOPP,tsel=gap,tsel,12,P12,10000,0.6,1,0.80000000000000004,0.5,,0.0001,0.10000000000000001,2,1,1.1000000000000001,3,1,1,9.9999999999999994e-12,2000,true,converged_projected,0,31,63,8.3877349510430577e-12,0.0078873999999999993,gap,max
SOPP,tsel=gap,tsel,12,P12,10000,0.8,1,0.80000000000000004,0.5,,0.0001,0.10000000000000001,2,1,1.1000000000000001,3,1,1,9.9999999999999994e-12,2000,true,converged_trial,0,33,66,9.5978780478844783e-12,0.0095700000000000004,gap,max
SOPP,tsel=gap,tsel,12,P12,10000,1.0,1,0.80000000000000004,0.5,,0.0001,0.10000000000000001,2,1,1.1000000000000001,3,1,1,9.9999999999999994e-12,2000,true,converged_trial,0,34,68,7.8659301294692341e-12,0.0087373999999999993,gap,max
SOPP,tsel=gap,tsel,12,P12,10000,1.1,1,0.80000000000000004,0.5,,0.0001,0.10000000000000001,2,1,1.1000000000000001,3,1,1,9.9999999999999994e-12,2000,true,converged_projected,0,34,69,6.872280522429719e-12,0.0086209000000000008,gap,max
SOPP,tsel=gap,tsel,12,P12,10000,2.0,1,0.80000000000000004,0.5,,0.0001,0.10000000000000001,2,1,1.1000000000000001,3,1,1,9.9999999999999994e-12,2000,true,converged_projected,0,34,69,8.9650509238481391e-12,0.0091336000000000004,gap,max
SOPP,tsel=gap,tsel,12,P12,10000,5.0,1,0.80000000000000004,0.5,,0.0001,0.10000000000000001,2,1,1.1000000000000001,3,1,1,9.9999999999999994e-12,2000,true,converged_projected,0,37,75,6.5614180755346752e-12,0.0093045000000000003,gap,max
SOPP,tsel=gap,tsel,12,P12,10000,1/k,1,0.80000000000000004,0.5,,0.0001,0.10000000000000001,2,1,1.1000000000000001,3,1,1,9.9999999999999994e-12,2000,true,converged_projected,0,34,69,6.3679183724033905e-12,0.0092402999999999999,gap,max
SOPP,tsel=gap,tsel,12,P12,10000,k/n,1,0.80000000000000004,0.5,,0.0001,0.10000000000000001,2,1,1.1000000000000001,3,1,1,9.9999999999999994e-12,2000,true,converged_trial,0,42,84,7.4460924562871256e-12,0.0112301,gap,max
SOPP,tsel=gap,tsel,13,P13,10000,0.4,1,0.80000000000000004,0.5,,0.0001,0.10000000000000001,2,1,1.1000000000000001,3,1,1,9.9999999999999994e-12,2000,true,converged_projected,0,25,53,7.1165295878472534e-12,0.0065310999999999998,gap,max
SOPP,tsel=gap,tsel,13,P13,10000,0.5,1,0.80000000000000004,0.5,,0.0001,0.10000000000000001,2,1,1.1000000000000001,3,1,1,9.9999999999999994e-12,2000,true,converged_trial,0,25,52,8.915090887740007e-12,0.0066388000000000003,gap,max
SOPP,tsel=gap,tsel,13,P13,10000,0.6,1,0.80000000000000004,0.5,,0.0001,0.10000000000000001,2,1,1.1000000000000001,3,1,1,9.9999999999999994e-12,2000,true,converged_projected,0,25,53,7.7937656328685989e-12,0.0064356999999999999,gap,max
SOPP,tsel=gap,tsel,13,P13,10000,0.8,1,0.80000000000000004,0.5,,0.0001,0.10000000000000001,2,1,1.1000000000000001,3,1,1,9.9999999999999994e-12,2000,true,converged_projected,0,27,57,6.4392935428259079e-12,0.0069268000000000003,gap,max
SOPP,tsel=gap,tsel,13,P13,10000,1.0,1,0.80000000000000004,0.5,,0.0001,0.10000000000000001,2,1,1.1000000000000001,3,1,1,9.9999999999999994e-12,2000,true,converged_trial,0,28,58,8.8373752760162461e-12,0.0070305999999999997,gap,max
SOPP,tsel=gap,tsel,13,P13,10000,1.1,1,0.80000000000000004,0.5,,0.0001,0.10000000000000001,2,1,1.1000000000000001,3,1,1,9.9999999999999994e-12,2000,true,converged_trial,0,29,60,6.3726801613483985e-12,0.0076455999999999998,gap,max
SOPP,tsel=gap,tsel,13,P13,10000,2.0,1,0.80000000000000004,0.5,,0.0001,0.10000000000000001,2,1,1.1000000000000001,3,1,1,9.9999999999999994e-12,2000,true,converged_projected,0,28,57,8.8706819667550008e-12,0.0088657000000000007,gap,max
SOPP,tsel=gap,tsel,13,P13,10000,5.0,1,0.80000000000000004,0.5,,0.0001,0.10000000000000001,2,1,1.1000000000000001,3,1,1,9.9999999999999994e-12,2000,true,converged_projected,0,28,58,9.758860386455126e-12,0.0071473999999999999,gap,max
SOPP,tsel=gap,tsel,13,P13,10000,1/k,1,0.80000000000000004,0.5,,0.0001,0.10000000000000001,2,1,1.1000000000000001,3,1,1,9.9999999999999994e-12,2000,true,converged_trial,0,284,849,9.5815928417954469e-12,0.093300400000000006,gap,max
SOPP,tsel=gap,tsel,13,P13,10000,k/n,1,0.80000000000000004,0.5,,0.0001,0.10000000000000001,2,1,1.1000000000000001,3,1,1,9.9999999999999994e-12,2000,true,converged_trial,0,304,911,9.4526408388434448e-12,0.2642333,gap,max
SOPP,tsel=gap,tsel,14,P14,10000,0.4,1,0.80000000000000004,0.5,,0.0001,0.10000000000000001,2,1,1.1000000000000001,3,1,1,9.9999999999999994e-12,2000,true,converged_projected,0,26,55,7.2164496600635175e-12,0.0064431000000000002,gap,max
SOPP,tsel=gap,tsel,14,P14,10000,0.5,1,0.80000000000000004,0.5,,0.0001,0.10000000000000001,2,1,1.1000000000000001,3,1,1,9.9999999999999994e-12,2000,true,converged_trial,0,25,52,6.5725203057809267e-12,0.0067226999999999999,gap,max
SOPP,tsel=gap,tsel,14,P14,10000,0.6,1,0.80000000000000004,0.5,,0.0001,0.10000000000000001,2,1,1.1000000000000001,3,1,1,9.9999999999999994e-12,2000,true,converged_projected,0,24,51,6.2727600891321345e-12,0.0096101999999999993,gap,max
SOPP,tsel=gap,tsel,14,P14,10000,0.8,1,0.80000000000000004,0.5,,0.0001,0.10000000000000001,2,1,1.1000000000000001,3,1,1,9.9999999999999994e-12,2000,true,converged_projected,0,26,55,5.4178883601707639e-12,0.0098563000000000001,gap,max
SOPP,tsel=gap,tsel,14,P14,10000,1.0,1,0.80000000000000004,0.5,,0.0001,0.10000000000000001,2,1,1.1000000000000001,3,1,1,9.9999999999999994e-12,2000,true,converged_projected,0,27,57,6.283862319378386e-12,0.010872100000000001,gap,max
SOPP,tsel=gap,tsel,14,P14,10000,1.1,1,0.80000000000000004,0.5,,0.0001,0.10000000000000001,2,1,1.1000000000000001,3,1,1,9.9999999999999994e-12,2000,true,converged_trial,0,28,57,8.0047080075473787e-12,0.011131200000000001,gap,max
SOPP,tsel=gap,tsel,14,P14,10000,2.0,1,0.80000000000000004,0.5,,0.0001,0.10000000000000001,2,1,1.1000000000000001,3,1,1,9.9999999999999994e-12,2000,true,converged_trial,0,31,67,9.0705221111875289e-12,0.017225899999999999,gap,max
SOPP,tsel=gap,tsel,14,P14,10000,5.0,1,0.80000000000000004,0.5,,0.0001,0.10000000000000001,2,1,1.1000000000000001,3,1,1,9.9999999999999994e-12,2000,true,converged_trial,0,28,57,7.382983113757291e-12,0.0062748999999999999,gap,max
SOPP,tsel=gap,tsel,14,P14,10000,1/k,1,0.80000000000000004,0.5,,0.0001,0.10000000000000001,2,1,1.1000000000000001,3,1,1,9.9999999999999994e-12,2000,true,converged_projected,0,28,59,9.9207844134964858e-12,0.0068925999999999996,gap,max
SOPP,tsel=gap,tsel,14,P14,10000,k/n,1,0.80000000000000004,0.5,,0.0001,0.10000000000000001,2,1,1.1000000000000001,3,1,1,9.9999999999999994e-12,2000,true,converged_trial,0,415,1246,9.7486017595931505e-12,0.19390399999999999,gap,max
SOPP,tsel=gap,tsel,15,P15,10000,0.4,1,0.80000000000000004,0.5,,0.0001,0.10000000000000001,2,1,1.1000000000000001,3,1,1,9.9999999999999994e-12,2000,true,converged_projected,0,1,8,0,0.0011119000000000001,gap,max
SOPP,tsel=gap,tsel,15,P15,10000,0.5,1,0.80000000000000004,0.5,,0.0001,0.10000000000000001,2,1,1.1000000000000001,3,1,1,9.9999999999999994e-12,2000,true,converged_projected,0,1,8,0,0.0011150000000000001,gap,max
SOPP,tsel=gap,tsel,15,P15,10000,0.6,1,0.80000000000000004,0.5,,0.0001,0.10000000000000001,2,1,1.1000000000000001,3,1,1,9.9999999999999994e-12,2000,true,converged_projected,0,24,55,4.3298697960381105e-12,0.010047800000000001,gap,max
SOPP,tsel=gap,tsel,15,P15,10000,0.8,1,0.80000000000000004,0.5,,0.0001,0.10000000000000001,2,1,1.1000000000000001,3,1,1,9.9999999999999994e-12,2000,true,converged_trial,0,23,52,8.8817841970012523e-12,0.0096308000000000001,gap,max
SOPP,tsel=gap,tsel,15,P15,10000,1.0,1,0.80000000000000004,0.5,,0.0001,0.10000000000000001,2,1,1.1000000000000001,3,1,1,9.9999999999999994e-12,2000,true,converged_projected,0,1,4,0,0.00090609999999999996,gap,max
SOPP,tsel=gap,tsel,15,P15,10000,1.1,1,0.80000000000000004,0.5,,0.0001,0.10000000000000001,2,1,1.1000000000000001,3,1,1,9.9999999999999994e-12,2000,true,converged_projected,0,1,4,0,0.00067529999999999999,gap,max
SOPP,tsel=gap,tsel,15,P15,10000,2.0,1,0.80000000000000004,0.5,,0.0001,0.10000000000000001,2,1,1.1000000000000001,3,1,1,9.9999999999999994e-12,2000,true,converged_projected,0,1,3,0,0.00053479999999999999,gap,max
SOPP,tsel=gap,tsel,15,P15,10000,5.0,1,0.80000000000000004,0.5,,0.0001,0.10000000000000001,2,1,1.1000000000000001,3,1,1,9.9999999999999994e-12,2000,true,converged_projected,0,1,13,0,0.0024128999999999999,gap,max
SOPP,tsel=gap,tsel,15,P15,10000,1/k,1,0.80000000000000004,0.5,,0.0001,0.10000000000000001,2,1,1.1000000000000001,3,1,1,9.9999999999999994e-12,2000,true,converged_trial,0,720,4392,9.923209835880012e-12,0.71567729999999996,gap,max
SOPP,tsel=gap,tsel,15,P15,10000,k/n,1,0.80000000000000004,0.5,,0.0001,0.10000000000000001,2,1,1.1000000000000001,3,1,1,9.9999999999999994e-12,2000,true,converged_trial,0,786,4771,9.7847267531953137e-12,0.97277020000000003,gap,max
SOPP,tsel=gap,tsel,16,P16,10000,0.4,1,0.80000000000000004,0.5,,0.0001,0.10000000000000001,2,1,1.1000000000000001,3,1,1,9.9999999999999994e-12,2000,true,converged_trial,0,209,628,9.0255973976661341e-12,0.050743299999999998,gap,max
SOPP,tsel=gap,tsel,16,P16,10000,0.5,1,0.80000000000000004,0.5,,0.0001,0.10000000000000001,2,1,1.1000000000000001,3,1,1,9.9999999999999994e-12,2000,true,converged_trial,0,278,917,9.4870701323276557e-12,0.074046000000000001,gap,max
SOPP,tsel=gap,tsel,16,P16,10000,0.6,1,0.80000000000000004,0.5,,0.0001,0.10000000000000001,2,1,1.1000000000000001,3,1,1,9.9999999999999994e-12,2000,true,converged_trial,0,280,929,7.9932463260342492e-12,0.065671400000000005,gap,max
SOPP,tsel=gap,tsel,16,P16,10000,0.8,1,0.80000000000000004,0.5,,0.0001,0.10000000000000001,2,1,1.1000000000000001,3,1,1,9.9999999999999994e-12,2000,true,converged_trial,0,234,742,9.860602475727011e-12,0.051604999999999998,gap,max
SOPP,tsel=gap,tsel,16,P16,10000,1.0,1,0.80000000000000004,0.5,,0.0001,0.10000000000000001,2,1,1.1000000000000001,3,1,1,9.9999999999999994e-12,2000,true,converged_trial,0,252,823,9.7758933387698521e-12,0.056449199999999998,gap,max
SOPP,tsel=gap,tsel,16,P16,10000,1.1,1,0.80000000000000004,0.5,,0.0001,0.10000000000000001,2,1,1.1000000000000001,3,1,1,9.9999999999999994e-12,2000,true,converged_trial,0,249,834,8.8064055206931453e-12,0.22347020000000001,gap,max
SOPP,tsel=gap,tsel,16,P16,10000,2.0,1,0.80000000000000004,0.5,,0.0001,0.10000000000000001,2,1,1.1000000000000001,3,1,1,9.9999999999999994e-12,2000,true,converged_trial,0,457,1181,9.7911684404520562e-12,0.14442140000000001,gap,max
SOPP,tsel=gap,tsel,16,P16,10000,5.0,1,0.80000000000000004,0.5,,0.0001,0.10000000000000001,2,1,1.1000000000000001,3,1,1,9.9999999999999994e-12,2000,true,converged_trial,0,433,1170,9.91707478397032e-12,0.1251555,gap,max
SOPP,tsel=gap,tsel,16,P16,10000,1/k,1,0.80000000000000004,0.5,,0.0001,0.10000000000000001,2,1,1.1000000000000001,3,1,1,9.9999999999999994e-12,2000,true,converged_trial,0,451,966,9.4009810091215633e-12,0.087093900000000002,gap,max
SOPP,tsel=gap,tsel,16,P16,10000,k/n,1,0.80000000000000004,0.5,,0.0001,0.10000000000000001,2,1,1.1000000000000001,3,1,1,9.9999999999999994e-12,2000,true,converged_trial,0,232,691,9.8469527441772694e-12,0.065041500000000002,gap,max
SOPP,tsel=gap,tsel,17,P17,10000,0.4,1,0.80000000000000004,0.5,,0.0001,0.10000000000000001,2,1,1.1000000000000001,3,1,1,9.9999999999999994e-12,2000,true,converged_trial,0,50,100,8.8839532348841421e-12,0.0125921,gap,max
SOPP,tsel=gap,tsel,17,P17,10000,0.5,1,0.80000000000000004,0.5,,0.0001,0.10000000000000001,2,1,1.1000000000000001,3,1,1,9.9999999999999994e-12,2000,true,converged_projected,0,50,101,8.0393886936992245e-12,0.0156869,gap,max
SOPP,tsel=gap,tsel,17,P17,10000,0.6,1,0.80000000000000004,0.5,,0.0001,0.10000000000000001,2,1,1.1000000000000001,3,1,1,9.9999999999999994e-12,2000,true,converged_projected,0,50,101,9.4903863445730371e-12,0.013160399999999999,gap,max
SOPP,tsel=gap,tsel,17,P17,10000,0.8,1,0.80000000000000004,0.5,,0.0001,0.10000000000000001,2,1,1.1000000000000001,3,1,1,9.9999999999999994e-12,2000,true,converged_trial,0,51,102,9.0742614887044467e-12,0.012547600000000001,gap,max
SOPP,tsel=gap,tsel,17,P17,10000,1.0,1,0.80000000000000004,0.5,,0.0001,0.10000000000000001,2,1,1.1000000000000001,3,1,1,9.9999999999999994e-12,2000,true,converged_projected,0,51,103,7.8031782440732518e-12,0.0124273,gap,max
SOPP,tsel=gap,tsel,17,P17,10000,1.1,1,0.80000000000000004,0.5,,0.0001,0.10000000000000001,2,1,1.1000000000000001,3,1,1,9.9999999999999994e-12,2000,true,converged_projected,0,51,103,8.2435316980058876e-12,0.012835600000000001,gap,max
SOPP,tsel=gap,tsel,17,P17,10000,2.0,1,0.80000000000000004,0.5,,0.0001,0.10000000000000001,2,1,1.1000000000000001,3,1,1,9.9999999999999994e-12,2000,true,converged_trial,0,51,102,9.3273174042688958e-12,0.012582899999999999,gap,max
SOPP,tsel=gap,tsel,17,P17,10000,5.0,1,0.80000000000000004,0.5,,0.0001,0.10000000000000001,2,1,1.1000000000000001,3,1,1,9.9999999999999994e-12,2000,true,converged_projected,0,50,102,7.7635688885529864e-12,0.012657699999999999,gap,max
SOPP,tsel=gap,tsel,17,P17,10000,1/k,1,0.80000000000000004,0.5,,0.0001,0.10000000000000001,2,1,1.1000000000000001,3,1,1,9.9999999999999994e-12,2000,true,converged_trial,0,44,88,9.7737408877083045e-12,0.0109687,gap,max
SOPP,tsel=gap,tsel,17,P17,10000,k/n,1,0.80000000000000004,0.5,,0.0001,0.10000000000000001,2,1,1.1000000000000001,3,1,1,9.9999999999999994e-12,2000,true,converged_projected,0,50,101,8.8732755103816916e-12,0.012337300000000001,gap,max
SOPP,tsel=gap,tsel,18,P18,10000,0.4,1,0.80000000000000004,0.5,,0.0001,0.10000000000000001,2,1,1.1000000000000001,3,1,1,9.9999999999999994e-12,2000,true,converged_trial,0,9,18,9.2370555648813024e-12,0.0040549000000000002,gap,max
SOPP,tsel=gap,tsel,18,P18,10000,0.5,1,0.80000000000000004,0.5,,0.0001,0.10000000000000001,2,1,1.1000000000000001,3,1,1,9.9999999999999994e-12,2000,true,converged_trial,0,9,18,9.2370555648813024e-12,0.002862,gap,max
SOPP,tsel=gap,tsel,18,P18,10000,0.6,1,0.80000000000000004,0.5,,0.0001,0.10000000000000001,2,1,1.1000000000000001,3,1,1,9.9999999999999994e-12,2000,true,converged_trial,0,9,18,9.2370555648813024e-12,0.0039918999999999996,gap,max
SOPP,tsel=gap,tsel,18,P18,10000,0.8,1,0.80000000000000004,0.5,,0.0001,0.10000000000000001,2,1,1.1000000000000001,3,1,1,9.9999999999999994e-12,2000,true,converged_trial,0,9,18,9.2370555648813024e-12,0.0028798000000000001,gap,max
SOPP,tsel=gap,tsel,18,P18,10000,1.0,1,0.80000000000000004,0.5,,0.0001,0.10000000000000001,2,1,1.1000000000000001,3,1,1,9.9999999999999994e-12,2000,true,converged_trial,0,9,18,9.2370555648813024e-12,0.0041513000000000001,gap,max
SOPP,tsel=gap,tsel,18,P18,10000,1.1,1,0.80000000000000004,0.5,,0.0001,0.10000000000000001,2,1,1.1000000000000001,3,1,1,9.9999999999999994e-12,2000,true,converged_trial,0,48,96,7.815970093361102e-12,0.017696300000000002,gap,max
SOPP,tsel=gap,tsel,18,P18,10000,2.0,1,0.80000000000000004,0.5,,0.0001,0.10000000000000001,2,1,1.1000000000000001,3,1,1,9.9999999999999994e-12,2000,true,converged_trial,0,52,104,8.7707618945387367e-12,0.020649399999999998,gap,max
SOPP,tsel=gap,tsel,18,P18,10000,5.0,1,0.80000000000000004,0.5,,0.0001,0.10000000000000001,2,1,1.1000000000000001,3,1,1,9.9999999999999994e-12,2000,true,converged_trial,0,55,110,9.3924867883288243e-12,0.0221715,gap,max
SOPP,tsel=gap,tsel,18,P18,10000,1/k,1,0.80000000000000004,0.5,,0.0001,0.10000000000000001,2,1,1.1000000000000001,3,1,1,9.9999999999999994e-12,2000,true,converged_trial,0,9,18,9.2370555648813024e-12,0.0044828999999999997,gap,max
SOPP,tsel=gap,tsel,18,P18,10000,k/n,1,0.80000000000000004,0.5,,0.0001,0.10000000000000001,2,1,1.1000000000000001,3,1,1,9.9999999999999994e-12,2000,true,converged_trial,0,9,18,9.2370555648813024e-12,0.0029520000000000002,gap,max
SOPP,tsel=gap,tsel,19,P19,10000,0.4,1,0.80000000000000004,0.5,,0.0001,0.10000000000000001,2,1,1.1000000000000001,3,1,1,9.9999999999999994e-12,2000,true,converged_trial,0,29,100,6.7067011666477327e-12,0.0078761999999999999,gap,max
SOPP,tsel=gap,tsel,19,P19,10000,0.5,1,0.80000000000000004,0.5,,0.0001,0.10000000000000001,2,1,1.1000000000000001,3,1,1,9.9999999999999994e-12,2000,true,converged_projected,0,28,103,7.0979680466543016e-12,0.0081741999999999995,gap,max
SOPP,tsel=gap,tsel,19,P19,10000,0.6,1,0.80000000000000004,0.5,,0.0001,0.10000000000000001,2,1,1.1000000000000001,3,1,1,9.9999999999999994e-12,2000,true,converged_projected,0,33,107,8.0185857953551931e-12,0.0086485999999999993,gap,max
SOPP,tsel=gap,tsel,19,P19,10000,0.8,1,0.80000000000000004,0.5,,0.0001,0.10000000000000001,2,1,1.1000000000000001,3,1,1,9.9999999999999994e-12,2000,true,converged_projected,0,35,117,6.0429959647390064e-12,0.009044,gap,max
SOPP,tsel=gap,tsel,19,P19,10000,1.0,1,0.80000000000000004,0.5,,0.0001,0.10000000000000001,2,1,1.1000000000000001,3,1,1,9.9999999999999994e-12,2000,true,converged_projected,0,28,109,8.5794218951384948e-12,0.0084480000000000006,gap,max
SOPP,tsel=gap,tsel,19,P19,10000,1.1,1,0.80000000000000004,0.5,,0.0001,0.10000000000000001,2,1,1.1000000000000001,3,1,1,9.9999999999999994e-12,2000,true,converged_projected,0,35,129,6.0429959647390064e-12,0.0094871,gap,max
SOPP,tsel=gap,tsel,19,P19,10000,2.0,1,0.80000000000000004,0.5,,0.0001,0.10000000000000001,2,1,1.1000000000000001,3,1,1,9.9999999999999994e-12,2000,false,line_search_failed,0,1,52,31999800.002000701,0.002447,gap,max
SOPP,tsel=gap,tsel,19,P19,10000,5.0,1,0.80000000000000004,0.5,,0.0001,0.10000000000000001,2,1,1.1000000000000001,3,1,1,9.9999999999999994e-12,2000,false,line_search_failed,0,1,52,499999500.00799143,0.0016733,gap,max
SOPP,tsel=gap,tsel,19,P19,10000,1/k,1,0.80000000000000004,0.5,,0.0001,0.10000000000000001,2,1,1.1000000000000001,3,1,1,9.9999999999999994e-12,2000,false,maxiter,0,2000,4005,6.2237767439921708e-07,0.70230440000000005,gap,max
SOPP,tsel=gap,tsel,19,P19,10000,k/n,1,0.80000000000000004,0.5,,0.0001,0.10000000000000001,2,1,1.1000000000000001,3,1,1,9.9999999999999994e-12,2000,false,maxiter,0,2000,4041,8.7947976088384041e-07,0.69650809999999996,gap,max
SOPP,tsel=gap,tsel,20,P20,10000,0.4,1,0.80000000000000004,0.5,,0.0001,0.10000000000000001,2,1,1.1000000000000001,3,1,1,9.9999999999999994e-12,2000,true,converged_trial,0,28,56,9.347194924638589e-12,0.0125956,gap,max
SOPP,tsel=gap,tsel,20,P20,10000,0.5,1,0.80000000000000004,0.5,,0.0001,0.10000000000000001,2,1,1.1000000000000001,3,1,1,9.9999999999999994e-12,2000,true,converged_projected,0,28,57,7.7592886287975763e-12,0.021389100000000001,gap,max
SOPP,tsel=gap,tsel,20,P20,10000,0.6,1,0.80000000000000004,0.5,,0.0001,0.10000000000000001,2,1,1.1000000000000001,3,1,1,9.9999999999999994e-12,2000,true,converged_projected,0,28,57,9.4795204492920128e-12,0.015810999999999999,gap,max
SOPP,tsel=gap,tsel,20,P20,10000,0.8,1,0.80000000000000004,0.5,,0.0001,0.10000000000000001,2,1,1.1000000000000001,3,1,1,9.9999999999999994e-12,2000,true,converged_projected,0,27,55,9.0825438753317689e-12,0.012279399999999999,gap,max
SOPP,tsel=gap,tsel,20,P20,10000,1.0,1,0.80000000000000004,0.5,,0.0001,0.10000000000000001,2,1,1.1000000000000001,3,1,1,9.9999999999999994e-12,2000,true,converged_trial,0,28,56,7.4284748171643763e-12,0.012949,gap,max
SOPP,tsel=gap,tsel,20,P20,10000,1.1,1,0.80000000000000004,0.5,,0.0001,0.10000000000000001,2,1,1.1000000000000001,3,1,1,9.9999999999999994e-12,2000,true,converged_trial,0,28,56,7.0314982432037721e-12,0.0124577,gap,max
SOPP,tsel=gap,tsel,20,P20,10000,2.0,1,0.80000000000000004,0.5,,0.0001,0.10000000000000001,2,1,1.1000000000000001,3,1,1,9.9999999999999994e-12,2000,true,converged_trial,0,28,61,7.8254513911242502e-12,0.013060799999999999,gap,max
SOPP,tsel=gap,tsel,20,P20,10000,5.0,1,0.80000000000000004,0.5,,0.0001,0.10000000000000001,2,1,1.1000000000000001,3,1,1,9.9999999999999994e-12,2000,true,converged_projected,2,3,8,0,0.0017229999999999999,gap,max
SOPP,tsel=gap,tsel,20,P20,10000,1/k,1,0.80000000000000004,0.5,,0.0001,0.10000000000000001,2,1,1.1000000000000001,3,1,1,9.9999999999999994e-12,2000,true,converged_trial,0,525,1560,9.9886737192634445e-12,0.34971180000000002,gap,max
SOPP,tsel=gap,tsel,20,P20,10000,k/n,1,0.80000000000000004,0.5,,0.0001,0.10000000000000001,2,1,1.1000000000000001,3,1,1,9.9999999999999994e-12,2000,true,converged_projected,0,31,63,9.2902010140172644e-12,0.014832100000000001,gap,max
SOPP,srule=bb1,srule,1,P1,10000,0.4,1,0.80000000000000004,0.5,,0.0001,0.10000000000000001,2,1,1.1000000000000001,3,1,1,9.9999999999999994e-12,2000,true,converged_trial,0,50,100,8.8839532348879742e-12,0.013235500000000001,cond,bb1
SOPP,srule=bb1,srule,1,P1,10000,0.5,1,0.80000000000000004,0.5,,0.0001,0.10000000000000001,2,1,1.1000000000000001,3,1,1,9.9999999999999994e-12,2000,true,converged_projected,0,50,101,8.0393886936957478e-12,0.011893300000000001,cond,bb1
SOPP,srule=bb1,srule,1,P1,10000,0.6,1,0.80000000000000004,0.5,,0.0001,0.10000000000000001,2,1,1.1000000000000001,3,1,1,9.9999999999999994e-12,2000,true,converged_projected,0,50,101,9.4903863445768919e-12,0.0130317,cond,bb1
SOPP,srule=bb1,srule,1,P1,10000,0.8,1,0.80000000000000004,0.5,,0.0001,0.10000000000000001,2,1,1.1000000000000001,3,1,1,9.9999999999999994e-12,2000,true,converged_trial,0,51,102,9.0742614887043691e-12,0.0124964,cond,bb1
SOPP,srule=bb1,srule,1,P1,10000,1.0,1,0.80000000000000004,0.5,,0.0001,0.10000000000000001,2,1,1.1000000000000001,3,1,1,9.9999999999999994e-12,2000,true,converged_projected,0,51,103,7.8031782440796334e-12,0.013895100000000001,cond,bb1
SOPP,srule=bb1,srule,1,P1,10000,1.1,1,0.80000000000000004,0.5,,0.0001,0.10000000000000001,2,1,1.1000000000000001,3,1,1,9.9999999999999994e-12,2000,true,converged_projected,0,51,103,8.2435316980092787e-12,0.0122509,cond,bb1
SOPP,srule=bb1,srule,1,P1,10000,2.0,1,0.80000000000000004,0.5,,0.0001,0.10000000000000001,2,1,1.1000000000000001,3,1,1,9.9999999999999994e-12,2000,true,converged_trial,0,51,102,9.3273174042718216e-12,0.0162717,cond,bb1
SOPP,srule=bb1,srule,1,P1,10000,5.0,1,0.80000000000000004,0.5,,0.0001,0.10000000000000001,2,1,1.1000000000000001,3,1,1,9.9999999999999994e-12,2000,true,converged_projected,0,50,102,7.7635688885523207e-12,0.044264299999999999,cond,bb1
SOPP,srule=bb1,srule,1,P1,10000,1/k,1,0.80000000000000004,0.5,,0.0001,0.10000000000000001,2,1,1.1000000000000001,3,1,1,9.9999999999999994e-12,2000,true,converged_trial,0,44,88,9.7736773373210779e-12,0.15221129999999999,cond,bb1
SOPP,srule=bb1,srule,1,P1,10000,k/n,1,0.80000000000000004,0.5,,0.0001,0.10000000000000001,2,1,1.1000000000000001,3,1,1,9.9999999999999994e-12,2000,true,converged_projected,0,50,101,8.873267188750358e-12,0.017515300000000001,cond,bb1
SOPP,srule=bb1,srule,2,P2,10000,0.4,1,0.80000000000000004,0.5,,0.0001,0.10000000000000001,2,1,1.1000000000000001,3,1,1,9.9999999999999994e-12,2000,true,converged_projected,0,50,101,7.5931671892496417e-12,0.020457599999999999,cond,bb1
SOPP,srule=bb1,srule,2,P2,10000,0.5,1,0.80000000000000004,0.5,,0.0001,0.10000000000000001,2,1,1.1000000000000001,3,1,1,9.9999999999999994e-12,2000,true,converged_projected,0,50,101,9.7023797665380546e-12,0.020472799999999999,cond,bb1
SOPP,srule=bb1,srule,2,P2,10000,0.6,1,0.80000000000000004,0.5,,0.0001,0.10000000000000001,2,1,1.1000000000000001,3,1,1,9.9999999999999994e-12,2000,true,converged_trial,0,51,102,8.9030973766677124e-12,0.027522600000000001,cond,bb1
SOPP,srule=bb1,srule,2,P2,10000,0.8,1,0.80000000000000004,0.5,,0.0001,0.10000000000000001,2,1,1.1000000000000001,3,1,1,9.9999999999999994e-12,2000,true,converged_projected,0,51,103,9.0363107683625161e-12,0.0126742,cond,bb1
SOPP,srule=bb1,srule,2,P2,10000,1.0,1,0.80000000000000004,0.5,,0.0001,0.10000000000000001,2,1,1.1000000000000001,3,1,1,9.9999999999999994e-12,2000,true,converged_trial,0,52,104,8.7698848291935114e-12,0.0166988,cond,bb1
SOPP,srule=bb1,srule,2,P2,10000,1.1,1,0.80000000000000004,0.5,,0.0001,0.10000000000000001,2,1,1.1000000000000001,3,1,1,9.9999999999999994e-12,2000,true,converged_trial,0,52,104,9.791186765018688e-12,0.021049200000000001,cond,bb1
SOPP,srule=bb1,srule,2,P2,10000,2.0,1,0.80000000000000004,0.5,,0.0001,0.10000000000000001,2,1,1.1000000000000001,3,1,1,9.9999999999999994e-12,2000,true,converged_projected,0,53,107,8.2592332059080995e-12,0.027520099999999999,cond,bb1
SOPP,srule=bb1,srule,2,P2,10000,5.0,1,0.80000000000000004,0.5,,0.0001,0.10000000000000001,2,1,1.1000000000000001,3,1,1,9.9999999999999994e-12,2000,true,converged_trial,0,56,112,7.7041779807426049e-12,0.0145579,cond,bb1
SOPP,srule=bb1,srule,2,P2,10000,1/k,1,0.80000000000000004,0.5,,0.0001,0.10000000000000001,2,1,1.1000000000000001,3,1,1,9.9999999999999994e-12,2000,true,converged_projected,0,44,89,9.5041767992443513e-12,0.0129494,cond,bb1
SOPP,srule=bb1,srule,2,P2,10000,k/n,1,0.80000000000000004,0.5,,0.0001,0.10000000000000001,2,1,1.1000000000000001,3,1,1,9.9999999999999994e-12,2000,true,converged_trial,0,51,102,8.8459876935159439e-12,0.020845499999999999,cond,bb1
SOPP,srule=bb1,srule,3,P3,10000,0.4,1,0.80000000000000004,0.5,,0.0001,0.10000000000000001,2,1,1.1000000000000001,3,1,1,9.9999999999999994e-12,2000,true,converged_projected,0,49,99,9.2814644858663087e-12,0.0260167,cond,bb1
SOPP,srule=bb1,srule,3,P3,10000,0.5,1,0.80000000000000004,0.5,,0.0001,0.10000000000000001,2,1,1.1000000000000001,3,1,1,9.9999999999999994e-12,2000,true,converged_trial,0,50,100,7.7937656328685989e-12,0.011579600000000001,cond,bb1
SOPP,srule=bb1,srule,3,P3,10000,0.6,1,0.80000000000000004,0.5,,0.0001,0.10000000000000001,2,1,1.1000000000000001,3,1,1,9.9999999999999994e-12,2000,true,converged_trial,0,50,100,8.149037000748649e-12,0.0119168,cond,bb1
SOPP,srule=bb1,srule,3,P3,10000,0.8,1,0.80000000000000004,0.5,,0.0001,0.10000000000000001,2,1,1.1000000000000001,3,1,1,9.9999999999999994e-12,2000,true,converged_projected,0,49,99,9.4813046302988369e-12,0.0193873,cond,bb1
SOPP,srule=bb1,srule,3,P3,10000,1.0,1,0.80000000000000004,0.5,,0.0001,0.10000000000000001,2,1,1.1000000000000001,3,1,1,9.9999999999999994e-12,2000,true,converged_projected,0,48,97,7.5939254884360707e-12,0.0107118,cond,bb1
SOPP,srule=bb1,srule,3,P3,10000,1.1,1,0.80000000000000004,0.5,,0.0001,0.10000000000000001,2,1,1.1000000000000001,3,1,1,9.9999999999999994e-12,2000,true,converged_projected,0,1,3,0,0.00022589999999999999,cond,bb1
SOPP,srule=bb1,srule,3,P3,10000,2.0,1,0.80000000000000004,0.5,,0.0001,0.10000000000000001,2,1,1.1000000000000001,3,1,1,9.9999999999999994e-12,2000,true,converged_projected,0,50,104,9.5479180117763462e-12,0.013271399999999999,cond,bb1
SOPP,srule=bb1,srule,3,P3,10000,5.0,1,0.80000000000000004,0.5,,0.0001,0.10000000000000001,2,1,1.1000000000000001,3,1,1,9.9999999999999994e-12,2000,true,converged_projected,0,52,118,9.3480778673438181e-12,0.0123614,cond,bb1
SOPP,srule=bb1,srule,3,P3,10000,1/k,1,0.80000000000000004,0.5,,0.0001,0.10000000000000001,2,1,1.1000000000000001,3,1,1,9.9999999999999994e-12,2000,true,converged_projected,0,45,91,9.0064875577086752e-12,0.0118557,cond,bb1
SOPP,srule=bb1,srule,3,P3,10000,k/n,1,0.80000000000000004,0.5,,0.0001,0.10000000000000001,2,1,1.1000000000000001,3,1,1,9.9999999999999994e-12,2000,true,converged_trial,0,51,102,9.2762378159548281e-12,0.0126032,cond,bb1
SOPP,srule=bb1,srule,4,P4,10000,0.4,1,0.80000000000000004,0.5,,0.0001,0.10000000000000001,2,1,1.1000000000000001,3,1,1,9.9999999999999994e-12,2000,true,converged_trial,0,31,64,7.348107755744358e-12,0.0050797000000000004,cond,bb1
SOPP,srule=bb1,srule,4,P4,10000,0.5,1,0.80000000000000004,0.5,,0.0001,0.10000000000000001,2,1,1.1000000000000001,3,1,1,9.9999999999999994e-12,2000,true,converged_trial,0,80,176,9.6832911676258689e-12,0.016726100000000001,cond,bb1
SOPP,srule=bb1,srule,4,P4,10000,0.6,1,0.80000000000000004,0.5,,0.0001,0.10000000000000001,2,1,1.1000000000000001,3,1,1,9.9999999999999994e-12,2000,true,converged_trial,0,201,540,8.0896073059507769e-12,0.047592200000000001,cond,bb1
SOPP,srule=bb1,srule,4,P4,10000,0.8,1,0.80000000000000004,0.5,,0.0001,0.10000000000000001,2,1,1.1000000000000001,3,1,1,9.9999999999999994e-12,2000,true,converged_trial,0,213,569,8.2481603956647093e-12,0.049272499999999997,cond,bb1
SOPP,srule=bb1,srule,4,P4,10000,1.0,1,0.80000000000000004,0.5,,0.0001,0.10000000000000001,2,1,1.1000000000000001,3,1,1,9.9999999999999994e-12,2000,true,converged_trial,0,211,558,9.6080376043630039e-12,0.047518299999999999,cond,bb1
SOPP,srule=bb1,srule,4,P4,10000,1.1,1,0.80000000000000004,0.5,,0.0001,0.10000000000000001,2,1,1.1000000000000001,3,1,1,9.9999999999999994e-12,2000,true,converged_trial,0,211,555,9.4247691365729344e-12,0.053083999999999999,cond,bb1
SOPP,srule=bb1,srule,4,P4,10000,2.0,1,0.80000000000000004,0.5,,0.0001,0.10000000000000001,2,1,1.1000000000000001,3,1,1,9.9999999999999994e-12,2000,true,converged_trial,0,98,234,8.022976348775646e-12,0.021501300000000001,cond,bb1
SOPP,srule=bb1,srule,4,P4,10000,5.0,1,0.80000000000000004,0.5,,0.0001,0.10000000000000001,2,1,1.1000000000000001,3,1,1,9.9999999999999994e-12,2000,false,maxiter,10,2000,50302,11160409.370690322,2.9770707000000001,cond,bb1
SOPP,srule=bb1,srule,4,P4,10000,1/k,1,0.80000000000000004,0.5,,0.0001,0.10000000000000001,2,1,1.1000000000000001,3,1,1,9.9999999999999994e-12,2000,true,converged_trial,0,107,259,7.1202657485521644e-12,0.19272619999999999,cond,bb1
SOPP,srule=bb1,srule,4,P4,10000,k/n,1,0.80000000000000004,0.5,,0.0001,0.10000000000000001,2,1,1.1000000000000001,3,1,1,9.9999999999999994e-12,2000,true,converged_trial,0,610,1831,9.9421297691050691e-12,0.23058090000000001,cond,bb1
SOPP,srule=bb1,srule,5,P5,10000,0.4,1,0.80000000000000004,0.5,,0.0001,0.10000000000000001,2,1,1.1000000000000001,3,1,1,9.9999999999999994e-12,2000,true,converged_trial,0,53,106,8.7041485130612273e-12,0.032560800000000001,cond,bb1
SOPP,srule=bb1,srule,5,P5,10000,0.5,1,0.80000000000000004,0.5,,0.0001,0.10000000000000001,2,1,1.1000000000000001,3,1,1,9.9999999999999994e-12,2000,true,converged_trial,0,53,106,8.3488771451811772e-12,0.019033899999999999,cond,bb1
SOPP,srule=bb1,srule,5,P5,10000,0.6,1,0.80000000000000004,0.5,,0.0001,0.10000000000000001,2,1,1.1000000000000001,3,1,1,9.9999999999999994e-12,2000,true,converged_trial,0,53,106,8.0380146982861334e-12,0.019520599999999999,cond,bb1
SOPP,srule=bb1,srule,5,P5,10000,0.8,1,0.80000000000000004,0.5,,0.0001,0.10000000000000001,2,1,1.1000000000000001,3,1,1,9.9999999999999994e-12,2000,true,converged_projected,0,52,105,9.6367358537463588e-12,0.0214389,cond,bb1
SOPP,srule=bb1,srule,5,P5,10000,1.0,1,0.80000000000000004,0.5,,0.0001,0.10000000000000001,2,1,1.1000000000000001,3,1,1,9.9999999999999994e-12,2000,true,converged_projected,0,52,105,8.7041663219266282e-12,0.030907,cond,bb1
SOPP,srule=bb1,srule,5,P5,10000,1.1,1,0.80000000000000004,0.5,,0.0001,0.10000000000000001,2,1,1.1000000000000001,3,1,1,9.9999999999999994e-12,2000,true,converged_projected,0,52,105,8.1268325402561459e-12,0.027174,cond,bb1
SOPP,srule=bb1,srule,5,P5,10000,2.0,1,0.80000000000000004,0.5,,0.0001,0.10000000000000001,2,1,1.1000000000000001,3,1,1,9.9999999999999994e-12,2000,true,converged_trial,0,51,102,9.0150109599562711e-12,0.022163499999999999,cond,bb1
SOPP,srule=bb1,srule,5,P5,10000,5.0,1,0.80000000000000004,0.5,,0.0001,0.10000000000000001,2,1,1.1000000000000001,3,1,1,9.9999999999999994e-12,2000,true,converged_trial,0,53,106,8.6153306710912148e-12,0.020926400000000001,cond,bb1
SOPP,srule=bb1,srule,5,P5,10000,1/k,1,0.80000000000000004,0.5,,0.0001,0.10000000000000001,2,1,1.1000000000000001,3,1,1,9.9999999999999994e-12,2000,true,converged_projected,0,53,107,7.5029995032844801e-12,0.0218315,cond,bb1
SOPP,srule=bb1,srule,5,P5,10000,k/n,1,0.80000000000000004,0.5,,0.0001,0.10000000000000001,2,1,1.1000000000000001,3,1,1,9.9999999999999994e-12,2000,true,converged_trial,0,53,106,8.4469271322564805e-12,0.0210516,cond,bb1
SOPP,srule=bb1,srule,6,P6,10000,0.4,1,0.80000000000000004,0.5,,0.0001,0.10000000000000001,2,1,1.1000000000000001,3,1,1,9.9999999999999994e-12,2000,true,converged_projected,0,31,63,8.3932860661661834e-12,0.0089793000000000008,cond,bb1
SOPP,srule=bb1,srule,6,P6,10000,0.5,1,0.80000000000000004,0.5,,0.0001,0.10000000000000001,2,1,1.1000000000000001,3,1,1,9.9999999999999994e-12,2000,true,converged_projected,0,28,57,8.3710816056736803e-12,0.0097833999999999994,cond,bb1
SOPP,srule=bb1,srule,6,P6,10000,0.6,1,0.80000000000000004,0.5,,0.0001,0.10000000000000001,2,1,1.1000000000000001,3,1,1,9.9999999999999994e-12,2000,true,converged_projected,0,30,61,6.3060667798708891e-12,0.0088790999999999991,cond,bb1
SOPP,srule=bb1,srule,6,P6,10000,0.8,1,0.80000000000000004,0.5,,0.0001,0.10000000000000001,2,1,1.1000000000000001,3,1,1,9.9999999999999994e-12,2000,true,converged_projected,0,31,63,7.5495165674510645e-12,0.0081540999999999992,cond,bb1
SOPP,srule=bb1,srule,6,P6,10000,1.0,1,0.80000000000000004,0.5,,0.0001,0.10000000000000001,2,1,1.1000000000000001,3,1,1,9.9999999999999994e-12,2000,true,converged_projected,0,33,67,7.3940853440035426e-12,0.0080602,cond,bb1
SOPP,srule=bb1,srule,6,P6,10000,1.1,1,0.80000000000000004,0.5,,0.0001,0.10000000000000001,2,1,1.1000000000000001,3,1,1,9.9999999999999994e-12,2000,true,converged_trial,0,34,68,8.1934459217336553e-12,0.0096340000000000002,cond,bb1
SOPP,srule=bb1,srule,6,P6,10000,2.0,1,0.80000000000000004,0.5,,0.0001,0.10000000000000001,2,1,1.1000000000000001,3,1,1,9.9999999999999994e-12,2000,true,converged_projected,0,36,73,6.794564910705958e-12,0.0087825999999999998,cond,bb1
SOPP,srule=bb1,srule,6,P6,10000,5.0,1,0.80000000000000004,0.5,,0.0001,0.10000000000000001,2,1,1.1000000000000001,3,1,1,9.9999999999999994e-12,2000,true,converged_projected,0,37,75,6.3504757008558954e-12,0.010411,cond,bb1
SOPP,srule=bb1,srule,6,P6,10000,1/k,1,0.80000000000000004,0.5,,0.0001,0.10000000000000001,2,1,1.1000000000000001,3,1,1,9.9999999999999994e-12,2000,true,converged_trial,0,123,246,9.9587403657833867e-12,0.032339399999999997,cond,bb1
SOPP,srule=bb1,srule,6,P6,10000,k/n,1,0.80000000000000004,0.5,,0.0001,0.10000000000000001,2,1,1.1000000000000001,3,1,1,9.9999999999999994e-12,2000,true,converged_trial,0,76,152,9.2681827060644651e-12,0.0210463,cond,bb1
SOPP,srule=bb1,srule,8,P8,10000,0.4,1,0.80000000000000004,0.5,,0.0001,0.10000000000000001,2,1,1.1000000000000001,3,1,1,9.9999999999999994e-12,2000,true,converged_trial,0,425,1443,9.3392988184656901e-12,0.096742999999999996,cond,bb1
SOPP,srule=bb1,srule,8,P8,10000,0.5,1,0.80000000000000004,0.5,,0.0001,0.10000000000000001,2,1,1.1000000000000001,3,1,1,9.9999999999999994e-12,2000,true,converged_trial,0,875,2729,9.5478377945984502e-12,0.39595219999999998,cond,bb1
SOPP,srule=bb1,srule,8,P8,10000,0.6,1,0.80000000000000004,0.5,,0.0001,0.10000000000000001,2,1,1.1000000000000001,3,1,1,9.9999999999999994e-12,2000,true,converged_trial,0,774,1707,9.7551188396609599e-12,0.21639890000000001,cond,bb1
SOPP,srule=bb1,srule,8,P8,10000,0.8,1,0.80000000000000004,0.5,,0.0001,0.10000000000000001,2,1,1.1000000000000001,3,1,1,9.9999999999999994e-12,2000,true,converged_trial,0,589,1519,9.734861226191661e-12,0.117865,cond,bb1
SOPP,srule=bb1,srule,8,P8,10000,1.0,1,0.80000000000000004,0.5,,0.0001,0.10000000000000001,2,1,1.1000000000000001,3,1,1,9.9999999999999994e-12,2000,true,converged_trial,0,704,1831,9.9245734718909988e-12,0.14389399999999999,cond,bb1
SOPP,srule=bb1,srule,8,P8,10000,1.1,1,0.80000000000000004,0.5,,0.0001,0.10000000000000001,2,1,1.1000000000000001,3,1,1,9.9999999999999994e-12,2000,true,converged_trial,0,531,1358,9.6719896426777137e-12,0.27794010000000002,cond,bb1
SOPP,srule=bb1,srule,8,P8,10000,2.0,1,0.80000000000000004,0.5,,0.0001,0.10000000000000001,2,1,1.1000000000000001,3,1,1,9.9999999999999994e-12,2000,true,converged_trial,0,545,1460,9.4774558609762141e-12,0.1781903,cond,bb1
SOPP,srule=bb1,srule,8,P8,10000,5.0,1,0.80000000000000004,0.5,,0.0001,0.10000000000000001,2,1,1.1000000000000001,3,1,1,9.9999999999999994e-12,2000,true,converged_trial,0,633,1799,9.7873953258637791e-12,0.17036760000000001,cond,bb1
SOPP,srule=bb1,srule,8,P8,10000,1/k,1,0.80000000000000004,0.5,,0.0001,0.10000000000000001,2,1,1.1000000000000001,3,1,1,9.9999999999999994e-12,2000,true,converged_trial,0,711,2303,9.7385528420544439e-12,0.16573489999999999,cond,bb1
SOPP,srule=bb1,srule,8,P8,10000,k/n,1,0.80000000000000004,0.5,,0.0001,0.10000000000000001,2,1,1.1000000000000001,3,1,1,9.9999999999999994e-12,2000,true,converged_trial,0,510,1309,9.4669163474649848e-12,0.10534449999999999,cond,bb1
SOPP,srule=bb1,srule,10,P10,10000,0.4,1,0.80000000000000004,0.5,,0.0001,0.10000000000000001,2,1,1.1000000000000001,3,1,1,9.9999999999999994e-12,2000,true,converged_projected,0,34,69,8.3710816056736803e-12,0.0072502,cond,bb1
SOPP,srule=bb1,srule,10,P10,10000,0.5,1,0.80000000000000004,0.5,,0.0001,0.10000000000000001,2,1,1.1000000000000001,3,1,1,9.9999999999999994e-12,2000,true,converged_projected,0,32,65,6.3726801613483985e-12,0.0060752000000000002,cond,bb1
SOPP,srule=bb1,srule,10,P10,10000,0.6,1,0.80000000000000004,0.5,,0.0001,0.10000000000000001,2,1,1.1000000000000001,3,1,1,9.9999999999999994e-12,2000,true,converged_projected,0,33,67,9.170442183403793e-12,0.0062576000000000003,cond,bb1
SOPP,srule=bb1,srule,10,P10,10000,0.8,1,0.80000000000000004,0.5,,0.0001,0.10000000000000001,2,1,1.1000000000000001,3,1,1,9.9999999999999994e-12,2000,true,converged_projected,0,34,69,8.1934459217336553e-12,0.0058856000000000004,cond,bb1
SOPP,srule=bb1,srule,10,P10,10000,1.0,1,0.80000000000000004,0.5,,0.0001,0.10000000000000001,2,1,1.1000000000000001,3,1,1,9.9999999999999994e-12,2000,true,converged_projected,0,34,69,9.170442183403793e-12,0.0068425999999999999,cond,bb1
SOPP,srule=bb1,srule,10,P10,10000,1.1,1,0.80000000000000004,0.5,,0.0001,0.10000000000000001,2,1,1.1000000000000001,3,1,1,9.9999999999999994e-12,2000,true,converged_projected,0,34,69,8.5487172896137054e-12,0.0061199000000000002,cond,bb1
SOPP,srule=bb1,srule,10,P10,10000,2.0,1,0.80000000000000004,0.5,,0.0001,0.10000000000000001,2,1,1.1000000000000001,3,1,1,9.9999999999999994e-12,2000,true,converged_projected,0,28,58,6.2172489379008766e-12,0.0051511999999999999,cond,bb1
SOPP,srule=bb1,srule,10,P10,10000,5.0,1,0.80000000000000004,0.5,,0.0001,0.10000000000000001,2,1,1.1000000000000001,3,1,1,9.9999999999999994e-12,2000,true,converged_projected,8,41,83,6.4837024638109142e-12,0.0086534000000000003,cond,bb1
SOPP,srule=bb1,srule,10,P10,10000,1/k,1,0.80000000000000004,0.5,,0.0001,0.10000000000000001,2,1,1.1000000000000001,3,1,1,9.9999999999999994e-12,2000,true,converged_projected,6,43,87,9.6165085074317918e-12,0.0073838999999999997,cond,bb1
SOPP,srule=bb1,srule,10,P10,10000,k/n,1,0.80000000000000004,0.5,,0.0001,0.10000000000000001,2,1,1.1000000000000001,3,1,1,9.9999999999999994e-12,2000,true,converged_projected,0,36,73,8.3084578111364326e-12,0.0070851000000000004,cond,bb1
SOPP,srule=bb1,srule,11,P11,10000,0.4,1,0.80000000000000004,0.5,,0.0001,0.10000000000000001,2,1,1.1000000000000001,3,1,1,9.9999999999999994e-12,2000,true,converged_trial,0,56,112,8.324161463367145e-12,0.045780700000000001,cond,bb1
SOPP,srule=bb1,srule,11,P11,10000,0.5,1,0.80000000000000004,0.5,,0.0001,0.10000000000000001,2,1,1.1000000000000001,3,1,1,9.9999999999999994e-12,2000,true,converged_trial,0,56,112,8.000151554972354e-12,0.15384929999999999,cond,bb1
SOPP,srule=bb1,srule,11,P11,10000,0.6,1,0.80000000000000004,0.5,,0.0001,0.10000000000000001,2,1,1.1000000000000001,3,1,1,9.9999999999999994e-12,2000,true,converged_trial,0,56,112,7.7905758186065693e-12,0.012757299999999999,cond,bb1
SOPP,srule=bb1,srule,11,P11,10000,0.8,1,0.80000000000000004,0.5,,0.0001,0.10000000000000001,2,1,1.1000000000000001,3,1,1,9.9999999999999994e-12,2000,true,converged_projected,0,55,111,9.9111057146198063e-12,0.020175999999999999,cond,bb1
SOPP,srule=bb1,srule,11,P11,10000,1.0,1,0.80000000000000004,0.5,,0.0001,0.10000000000000001,2,1,1.1000000000000001,3,1,1,9.9999999999999994e-12,2000,true,converged_projected,0,55,111,9.5184856452185662e-12,0.0282449,cond,bb1
SOPP,srule=bb1,srule,11,P11,10000,1.1,1,0.80000000000000004,0.5,,0.0001,0.10000000000000001,2,1,1.1000000000000001,3,1,1,9.9999999999999994e-12,2000,true,converged_projected,0,55,111,9.7633390915858402e-12,0.012603899999999999,cond,bb1
SOPP,srule=bb1,srule,11,P11,10000,2.0,1,0.80000000000000004,0.5,,0.0001,0.10000000000000001,2,1,1.1000000000000001,3,1,1,9.9999999999999994e-12,2000,true,converged_trial,0,60,125,7.707139607310283e-12,0.016019200000000001,cond,bb1
SOPP,srule=bb1,srule,11,P11,10000,5.0,1,0.80000000000000004,0.5,,0.0001,0.10000000000000001,2,1,1.1000000000000001,3,1,1,9.9999999999999994e-12,2000,true,converged_trial,0,79,377,8.3937188995361448e-12,0.055204900000000001,cond,bb1
SOPP,srule=bb1,srule,11,P11,10000,1/k,1,0.80000000000000004,0.5,,0.0001,0.10000000000000001,2,1,1.1000000000000001,3,1,1,9.9999999999999994e-12,2000,true,converged_trial,0,56,112,7.5327877314466189e-12,0.0127685,cond,bb1
SOPP,srule=bb1,srule,11,P11,10000,k/n,1,0.80000000000000004,0.5,,0.0001,0.10000000000000001,2,1,1.1000000000000001,3,1,1,9.9999999999999994e-12,2000,true,converged_trial,0,57,114,8.1182269952544367e-12,0.019787200000000001,cond,bb1
SOPP,srule=bb1,srule,12,P12,10000,0.4,1,0.80000000000000004,0.5,,0.0001,0.10000000000000001,2,1,1.1000000000000001,3,1,1,9.9999999999999994e-12,2000,true,converged_projected,0,30,61,6.3282712403633923e-12,0.0114339,cond,bb1
SOPP,srule=bb1,srule,12,P12,10000,0.5,1,0.80000000000000004,0.5,,0.0001,0.10000000000000001,2,1,1.1000000000000001,3,1,1,9.9999999999999994e-12,2000,true,converged_projected,0,28,57,8.3655304905505545e-12,0.0112239,cond,bb1
SOPP,srule=bb1,srule,12,P12,10000,0.6,1,0.80000000000000004,0.5,,0.0001,0.10000000000000001,2,1,1.1000000000000001,3,1,1,9.9999999999999994e-12,2000,true,converged_projected,0,31,63,8.3877349510430577e-12,0.031287000000000002,cond,bb1
SOPP,srule=bb1,srule,12,P12,10000,0.8,1,0.80000000000000004,0.5,,0.0001,0.10000000000000001,2,1,1.1000000000000001,3,1,1,9.9999999999999994e-12,2000,true,converged_trial,0,33,66,9.5978780478844783e-12,0.013301,cond,bb1
SOPP,srule=bb1,srule,12,P12,10000,1.0,1,0.80000000000000004,0.5,,0.0001,0.10000000000000001,2,1,1.1000000000000001,3,1,1,9.9999999999999994e-12,2000,true,converged_trial,0,34,68,7.8659301294692341e-12,0.014184,cond,bb1
SOPP,srule=bb1,srule,12,P12,10000,1.1,1,0.80000000000000004,0.5,,0.0001,0.10000000000000001,2,1,1.1000000000000001,3,1,1,9.9999999999999994e-12,2000,true,converged_projected,0,34,69,6.872280522429719e-12,0.0140804,cond,bb1
SOPP,srule=bb1,srule,12,P12,10000,2.0,1,0.80000000000000004,0.5,,0.0001,0.10000000000000001,2,1,1.1000000000000001,3,1,1,9.9999999999999994e-12,2000,true,converged_projected,0,34,69,8.9650509238481391e-12,0.013641,cond,bb1
SOPP,srule=bb1,srule,12,P12,10000,5.0,1,0.80000000000000004,0.5,,0.0001,0.10000000000000001,2,1,1.1000000000000001,3,1,1,9.9999999999999994e-12,2000,true,converged_projected,0,37,75,6.5614180755346752e-12,0.015824399999999999,cond,bb1
SOPP,srule=bb1,srule,12,P12,10000,1/k,1,0.80000000000000004,0.5,,0.0001,0.10000000000000001,2,1,1.1000000000000001,3,1,1,9.9999999999999994e-12,2000,true,converged_projected,0,34,69,6.3668293467107719e-12,0.0078788,cond,bb1
SOPP,srule=bb1,srule,12,P12,10000,k/n,1,0.80000000000000004,0.5,,0.0001,0.10000000000000001,2,1,1.1000000000000001,3,1,1,9.9999999999999994e-12,2000,true,converged_trial,0,42,84,7.4389260697653461e-12,0.010103600000000001,cond,bb1
SOPP,srule=bb1,srule,13,P13,10000,0.4,1,0.80000000000000004,0.5,,0.0001,0.10000000000000001,2,1,1.1000000000000001,3,1,1,9.9999999999999994e-12,2000,true,converged_projected,0,25,53,7.1165295878472534e-12,0.0079737999999999996,cond,bb1
SOPP,srule=bb1,srule,13,P13,10000,0.5,1,0.80000000000000004,0.5,,0.0001,0.10000000000000001,2,1,1.1000000000000001,3,1,1,9.9999999999999994e-12,2000,true,converged_trial,0,25,52,8.915090887740007e-12,0.0060962000000000004,cond,bb1
SOPP,srule=bb1,srule,13,P13,10000,0.6,1,0.80000000000000004,0.5,,0.0001,0.10000000000000001,2,1,1.1000000000000001,3,1,1,9.9999999999999994e-12,2000,true,converged_projected,0,25,53,7.7937656328685989e-12,0.0057732,cond,bb1
SOPP,srule=bb1,srule,13,P13,10000,0.8,1,0.80000000000000004,0.5,,0.0001,0.10000000000000001,2,1,1.1000000000000001,3,1,1,9.9999999999999994e-12,2000,true,converged_projected,0,27,57,6.4392935428259079e-12,0.0082267999999999994,cond,bb1
SOPP,srule=bb1,srule,13,P13,10000,1.0,1,0.80000000000000004,0.5,,0.0001,0.10000000000000001,2,1,1.1000000000000001,3,1,1,9.9999999999999994e-12,2000,true,converged_trial,0,28,58,8.8373752760162461e-12,0.0068507000000000004,cond,bb1
SOPP,srule=bb1,srule,13,P13,10000,1.1,1,0.80000000000000004,0.5,,0.0001,0.10000000000000001,2,1,1.1000000000000001,3,1,1,9.9999999999999994e-12,2000,true,converged_trial,0,29,60,6.3726801613483985e-12,0.0082980999999999992,cond,bb1
SOPP,srule=bb1,srule,13,P13,10000,2.0,1,0.80000000000000004,0.5,,0.0001,0.10000000000000001,2,1,1.1000000000000001,3,1,1,9.9999999999999994e-12,2000,true,converged_projected,0,28,57,8.8706819667550008e-12,0.0060337000000000003,cond,bb1
SOPP,srule=bb1,srule,13,P13,10000,5.0,1,0.80000000000000004,0.5,,0.0001,0.10000000000000001,2,1,1.1000000000000001,3,1,1,9.9999999999999994e-12,2000,true,converged_projected,0,28,58,9.758860386455126e-12,0.0079974,cond,bb1
SOPP,srule=bb1,srule,13,P13,10000,1/k,1,0.80000000000000004,0.5,,0.0001,0.10000000000000001,2,1,1.1000000000000001,3,1,1,9.9999999999999994e-12,2000,true,converged_trial,0,284,849,9.5839182987090853e-12,0.093031799999999998,cond,bb1
SOPP,srule=bb1,srule,13,P13,10000,k/n,1,0.80000000000000004,0.5,,0.0001,0.10000000000000001,2,1,1.1000000000000001,3,1,1,9.9999999999999994e-12,2000,true,converged_trial,0,304,911,9.4521523196209717e-12,0.10045469999999999,cond,bb1
SOPP,srule=bb1,srule,14,P14,10000,0.4,1,0.80000000000000004,0.5,,0.0001,0.10000000000000001,2,1,1.1000000000000001,3,1,1,9.9999999999999994e-12,2000,true,converged_projected,0,26,55,7.1831429693247628e-12,0.0067035999999999997,cond,bb1
SOPP,srule=bb1,srule,14,P14,10000,0.5,1,0.80000000000000004,0.5,,0.0001,0.10000000000000001,2,1,1.1000000000000001,3,1,1,9.9999999999999994e-12,2000,true,converged_trial,0,25,52,6.5725203057809267e-12,0.0075078999999999996,cond,bb1
SOPP,srule=bb1,srule,14,P14,10000,0.6,1,0.80000000000000004,0.5,,0.0001,0.10000000000000001,2,1,1.1000000000000001,3,1,1,9.9999999999999994e-12,2000,true,converged_projected,0,24,51,6.2727600891321345e-12,0.0065554000000000003,cond,bb1
SOPP,srule=bb1,srule,14,P14,10000,0.8,1,0.80000000000000004,0.5,,0.0001,0.10000000000000001,2,1,1.1000000000000001,3,1,1,9.9999999999999994e-12,2000,true,converged_projected,0,26,55,5.4178883601707639e-12,0.0069557000000000004,cond,bb1
SOPP,srule=bb1,srule,14,P14,10000,1.0,1,0.80000000000000004,0.5,,0.0001,0.10000000000000001,2,1,1.1000000000000001,3,1,1,9.9999999999999994e-12,2000,true,converged_projected,0,27,57,6.283862319378386e-12,0.0070052999999999999,cond,bb1
SOPP,srule=bb1,srule,14,P14,10000,1.1,1,0.80000000000000004,0.5,,0.0001,0.10000000000000001,2,1,1.1000000000000001,3,1,1,9.9999999999999994e-12,2000,true,converged_trial,0,28,57,8.0047080075473787e-12,0.0079028999999999992,cond,bb1
SOPP,srule=bb1,srule,14,P14,10000,2.0,1,0.80000000000000004,0.5,,0.0001,0.10000000000000001,2,1,1.1000000000000001,3,1,1,9.9999999999999994e-12,2000,true,converged_trial,0,31,67,9.0705221111875289e-12,0.0088372999999999993,cond,bb1
SOPP,srule=bb1,srule,14,P14,10000,5.0,1,0.80000000000000004,0.5,,0.0001,0.10000000000000001,2,1,1.1000000000000001,3,1,1,9.9999999999999994e-12,2000,true,converged_trial,0,28,57,7.382983113757291e-12,0.0074576,cond,bb1
SOPP,srule=bb1,srule,14,P14,10000,1/k,1,0.80000000000000004,0.5,,0.0001,0.10000000000000001,2,1,1.1000000000000001,3,1,1,9.9999999999999994e-12,2000,true,converged_projected,0,28,59,9.9203188532766107e-12,0.0084594000000000006,cond,bb1
SOPP,srule=bb1,srule,14,P14,10000,k/n,1,0.80000000000000004,0.5,,0.0001,0.10000000000000001,2,1,1.1000000000000001,3,1,1,9.9999999999999994e-12,2000,true,converged_trial,0,415,1246,9.7466544175978099e-12,0.13970850000000001,cond,bb1
SOPP,srule=bb1,srule,15,P15,10000,0.4,1,0.80000000000000004,0.5,,0.0001,0.10000000000000001,2,1,1.1000000000000001,3,1,1,9.9999999999999994e-12,2000,true,converged_projected,0,1,8,0,0.0011083,cond,bb1
SOPP,srule=bb1,srule,15,P15,10000,0.5,1,0.80000000000000004,0.5,,0.0001,0.10000000000000001,2,1,1.1000000000000001,3,1,1,9.9999999999999994e-12,2000,true,converged_projected,0,1,8,0,0.0011347,cond,bb1
SOPP,srule=bb1,srule,15,P15,10000,0.6,1,0.80000000000000004,0.5,,0.0001,0.10000000000000001,2,1,1.1000000000000001,3,1,1,9.9999999999999994e-12,2000,true,converged_projected,0,24,55,4.3298697960381105e-12,0.0106736,cond,bb1
SOPP,srule=bb1,srule,15,P15,10000,0.8,1,0.80000000000000004,0.5,,0.0001,0.10000000000000001,2,1,1.1000000000000001,3,1,1,9.9999999999999994e-12,2000,true,converged_trial,0,23,52,8.8817841970012523e-12,0.0103093,cond,bb1
SOPP,srule=bb1,srule,15,P15,10000,1.0,1,0.80000000000000004,0.5,,0.0001,0.10000000000000001,2,1,1.1000000000000001,3,1,1,9.9999999999999994e-12,2000,true,converged_projected,0,1,4,0,0.00062929999999999995,cond,bb1
SOPP,srule=bb1,srule,15,P15,10000,1.1,1,0.80000000000000004,0.5,,0.0001,0.10000000000000001,2,1,1.1000000000000001,3,1,1,9.9999999999999994e-12,2000,true,converged_projected,0,1,4,0,0.00063349999999999995,cond,bb1
SOPP,srule=bb1,srule,15,P15,10000,2.0,1,0.80000000000000004,0.5,,0.0001,0.10000000000000001,2,1,1.1000000000000001,3,1,1,9.9999999999999994e-12,2000,true,converged_projected,0,1,3,0,0.00050670000000000001,cond,bb1
SOPP,srule=bb1,srule,15,P15,10000,5.0,1,0.80000000000000004,0.5,,0.0001,0.10000000000000001,2,1,1.1000000000000001,3,1,1,9.9999999999999994e-12,2000,true,converged_projected,0,1,13,0,0.0023689000000000002,cond,bb1
SOPP,srule=bb1,srule,15,P15,10000,1/k,1,0.80000000000000004,0.5,,0.0001,0.10000000000000001,2,1,1.1000000000000001,3,1,1,9.9999999999999994e-12,2000,true,converged_trial,0,719,4386,9.6390849828899841e-12,0.90853490000000003,cond,bb1
SOPP,srule=bb1,srule,15,P15,10000,k/n,1,0.80000000000000004,0.5,,0.0001,0.10000000000000001,2,1,1.1000000000000001,3,1,1,9.9999999999999994e-12,2000,true,converged_trial,0,787,4777,9.7977775214493774e-12,0.93719240000000004,cond,bb1
SOPP,srule=bb1,srule,16,P16,10000,0.4,1,0.80000000000000004,0.5,,0.0001,0.10000000000000001,2,1,1.1000000000000001,3,1,1,9.9999999999999994e-12,2000,true,converged_trial,0,203,609,9.9640599411220012e-12,0.0530464,cond,bb1
SOPP,srule=bb1,srule,16,P16,10000,0.5,1,0.80000000000000004,0.5,,0.0001,0.10000000000000001,2,1,1.1000000000000001,3,1,1,9.9999999999999994e-12,2000,true,converged_trial,0,245,810,8.6547836813024104e-12,0.091411900000000004,cond,bb1
SOPP,srule=bb1,srule,16,P16,10000,0.6,1,0.80000000000000004,0.5,,0.0001,0.10000000000000001,2,1,1.1000000000000001,3,1,1,9.9999999999999994e-12,2000,true,converged_trial,0,276,895,9.0991684031112228e-12,0.063619899999999993,cond,bb1
SOPP,srule=bb1,srule,16,P16,10000,0.8,1,0.80000000000000004,0.5,,0.0001,0.10000000000000001,2,1,1.1000000000000001,3,1,1,9.9999999999999994e-12,2000,true,converged_trial,0,217,689,8.6145282457841236e-12,0.048196999999999997,cond,bb1
SOPP,srule=bb1,srule,16,P16,10000,1.0,1,0.80000000000000004,0.5,,0.0001,0.10000000000000001,2,1,1.1000000000000001,3,1,1,9.9999999999999994e-12,2000,true,converged_trial,0,233,771,8.211601858878744e-12,0.067609799999999998,cond,bb1
SOPP,srule=bb1,srule,16,P16,10000,1.1,1,0.80000000000000004,0.5,,0.0001,0.10000000000000001,2,1,1.1000000000000001,3,1,1,9.9999999999999994e-12,2000,true,converged_trial,0,236,796,9.982684847453844e-12,0.0554037,cond,bb1
SOPP,srule=bb1,srule,16,P16,10000,2.0,1,0.80000000000000004,0.5,,0.0001,0.10000000000000001,2,1,1.1000000000000001,3,1,1,9.9999999999999994e-12,2000,true,converged_trial,0,247,843,8.9404633474048206e-12,0.058589500000000003,cond,bb1
SOPP,srule=bb1,srule,16,P16,10000,5.0,1,0.80000000000000004,0.5,,0.0001,0.10000000000000001,2,1,1.1000000000000001,3,1,1,9.9999999999999994e-12,2000,true,converged_trial,0,265,912,8.3926943948323757e-12,0.061051300000000003,cond,bb1
SOPP,srule=bb1,srule,16,P16,10000,1/k,1,0.80000000000000004,0.5,,0.0001,0.10000000000000001,2,1,1.1000000000000001,3,1,1,9.9999999999999994e-12,2000,true,converged_trial,0,366,782,9.8768189906368613e-12,0.071180099999999996,cond,bb1
SOPP,srule=bb1,srule,16,P16,10000,k/n,1,0.80000000000000004,0.5,,0.0001,0.10000000000000001,2,1,1.1000000000000001,3,1,1,9.9999999999999994e-12,2000,true,converged_trial,0,319,776,9.7731680471997034e-12,0.24761279999999999,cond,bb1
SOPP,srule=bb1,srule,17,P17,10000,0.4,1,0.80000000000000004,0.5,,0.0001,0.10000000000000001,2,1,1.1000000000000001,3,1,1,9.9999999999999994e-12,2000,true,converged_trial,0,50,100,8.8839532348879742e-12,0.018471899999999999,cond,bb1
SOPP,srule=bb1,srule,17,P17,10000,0.5,1,0.80000000000000004,0.5,,0.0001,0.10000000000000001,2,1,1.1000000000000001,3,1,1,9.9999999999999994e-12,2000,true,converged_projected,0,50,101,8.0393886936957478e-12,0.023870300000000001,cond,bb1
SOPP,srule=bb1,srule,17,P17,10000,0.6,1,0.80000000000000004,0.5,,0.0001,0.10000000000000001,2,1,1.1000000000000001,3,1,1,9.9999999999999994e-12,2000,true,converged_projected,0,50,101,9.4903863445768919e-12,0.015307299999999999,cond,bb1
SOPP,srule=bb1,srule,17,P17,10000,0.8,1,0.80000000000000004,0.5,,0.0001,0.10000000000000001,2,1,1.1000000000000001,3,1,1,9.9999999999999994e-12,2000,true,converged_trial,0,51,102,9.0742614887043691e-12,0.013003799999999999,cond,bb1
SOPP,srule=bb1,srule,17,P17,10000,1.0,1,0.80000000000000004,0.5,,0.0001,0.10000000000000001,2,1,1.1000000000000001,3,1,1,9.9999999999999994e-12,2000,true,converged_projected,0,51,103,7.8031782440796334e-12,0.019088500000000001,cond,bb1
SOPP,srule=bb1,srule,17,P17,10000,1.1,1,0.80000000000000004,0.5,,0.0001,0.10000000000000001,2,1,1.1000000000000001,3,1,1,9.9999999999999994e-12,2000,true,converged_projected,0,51,103,8.2435316980092787e-12,0.026659499999999999,cond,bb1
SOPP,srule=bb1,srule,17,P17,10000,2.0,1,0.80000000000000004,0.5,,0.0001,0.10000000000000001,2,1,1.1000000000000001,3,1,1,9.9999999999999994e-12,2000,true,converged_trial,0,51,102,9.3273174042718216e-12,0.011533,cond,bb1
SOPP,srule=bb1,srule,17,P17,10000,5.0,1,0.80000000000000004,0.5,,0.0001,0.10000000000000001,2,1,1.1000000000000001,3,1,1,9.9999999999999994e-12,2000,true,converged_projected,0,50,102,7.7635688885523207e-12,0.0119547,cond,bb1
SOPP,srule=bb1,srule,17,P17,10000,1/k,1,0.80000000000000004,0.5,,0.0001,0.10000000000000001,2,1,1.1000000000000001,3,1,1,9.9999999999999994e-12,2000,true,converged_trial,0,44,88,9.7736773373210779e-12,0.016301599999999999,cond,bb1
SOPP,srule=bb1,srule,17,P17,10000,k/n,1,0.80000000000000004,0.5,,0.0001,0.10000000000000001,2,1,1.1000000000000001,3,1,1,9.9999999999999994e-12,2000,true,converged_projected,0,50,101,8.873267188750358e-12,0.019863100000000002,cond,bb1
SOPP,srule=bb1,srule,18,P18,10000,0.4,1,0.80000000000000004,0.5,,0.0001,0.10000000000000001,2,1,1.1000000000000001,3,1,1,9.9999999999999994e-12,2000,true,converged_trial,0,9,18,9.2370555648813024e-12,0.013518199999999999,cond,bb1
SOPP,srule=bb1,srule,18,P18,10000,0.5,1,0.80000000000000004,0.5,,0.0001,0.10000000000000001,2,1,1.1000000000000001,3,1,1,9.9999999999999994e-12,2000,true,converged_trial,0,9,18,9.2370555648813024e-12,0.0031251999999999999,cond,bb1
SOPP,srule=bb1,srule,18,P18,10000,0.6,1,0.80000000000000004,0.5,,0.0001,0.10000000000000001,2,1,1.1000000000000001,3,1,1,9.9999999999999994e-12,2000,true,converged_trial,0,9,18,9.2370555648813024e-12,0.0033408000000000001,cond,bb1
SOPP,srule=bb1,srule,18,P18,10000,0.8,1,0.80000000000000004,0.5,,0.0001,0.10000000000000001,2,1,1.1000000000000001,3,1,1,9.9999999999999994e-12,2000,true,converged_trial,0,9,18,9.2370555648813024e-12,0.0031296000000000002,cond,bb1
SOPP,srule=bb1,srule,18,P18,10000,1.0,1,0.80000000000000004,0.5,,0.0001,0.10000000000000001,2,1,1.1000000000000001,3,1,1,9.9999999999999994e-12,2000,true,converged_trial,0,9,18,9.2370555648813024e-12,0.0032369,cond,bb1
SOPP,srule=bb1,srule,18,P18,10000,1.1,1,0.80000000000000004,0.5,,0.0001,0.10000000000000001,2,1,1.1000000000000001,3,1,1,9.9999999999999994e-12,2000,true,converged_trial,0,48,96,7.815970093361102e-12,0.017947299999999999,cond,bb1
SOPP,srule=bb1,srule,18,P18,10000,2.0,1,0.80000000000000004,0.5,,0.0001,0.10000000000000001,2,1,1.1000000000000001,3,1,1,9.9999999999999994e-12,2000,true,converged_trial,0,52,104,8.7707618945387367e-12,0.029248400000000001,cond,bb1
SOPP,srule=bb1,srule,18,P18,10000,5.0,1,0.80000000000000004,0.5,,0.0001,0.10000000000000001,2,1,1.1000000000000001,3,1,1,9.9999999999999994e-12,2000,true,converged_trial,0,55,110,9.3924867883288243e-12,0.020013099999999999,cond,bb1
SOPP,srule=bb1,srule,18,P18,10000,1/k,1,0.80000000000000004,0.5,,0.0001,0.10000000000000001,2,1,1.1000000000000001,3,1,1,9.9999999999999994e-12,2000,true,converged_trial,0,9,18,9.2370555648813024e-12,0.0059084000000000003,cond,bb1
SOPP,srule=bb1,srule,18,P18,10000,k/n,1,0.80000000000000004,0.5,,0.0001,0.10000000000000001,2,1,1.1000000000000001,3,1,1,9.9999999999999994e-12,2000,true,converged_trial,0,9,18,9.2370555648813024e-12,0.0029443999999999998,cond,bb1
SOPP,srule=bb1,srule,19,P19,10000,0.4,1,0.80000000000000004,0.5,,0.0001,0.10000000000000001,2,1,1.1000000000000001,3,1,1,9.9999999999999994e-12,2000,true,converged_trial,0,29,100,6.7067011666477327e-12,0.0066001999999999996,cond,bb1
SOPP,srule=bb1,srule,19,P19,10000,0.5,1,0.80000000000000004,0.5,,0.0001,0.10000000000000001,2,1,1.1000000000000001,3,1,1,9.9999999999999994e-12,2000,true,converged_projected,0,28,103,7.0976211019591062e-12,0.0088197999999999992,cond,bb1
SOPP,srule=bb1,srule,19,P19,10000,0.6,1,0.80000000000000004,0.5,,0.0001,0.10000000000000001,2,1,1.1000000000000001,3,1,1,9.9999999999999994e-12,2000,true,converged_projected,0,33,107,8.0185857953551931e-12,0.0077095999999999996,cond,bb1
SOPP,srule=bb1,srule,19,P19,10000,0.8,1,0.80000000000000004,0.5,,0.0001,0.10000000000000001,2,1,1.1000000000000001,3,1,1,9.9999999999999994e-12,2000,true,converged_projected,0,35,117,6.0428224923914087e-12,0.0094000999999999998,cond,bb1
SOPP,srule=bb1,srule,19,P19,10000,1.0,1,0.80000000000000004,0.5,,0.0001,0.10000000000000001,2,1,1.1000000000000001,3,1,1,9.9999999999999994e-12,2000,true,converged_projected,0,28,109,8.5794218951384948e-12,0.0081484999999999995,cond,bb1
SOPP,srule=bb1,srule,19,P19,10000,1.1,1,0.80000000000000004,0.5,,0.0001,0.10000000000000001,2,1,1.1000000000000001,3,1,1,9.9999999999999994e-12,2000,true,converged_projected,0,35,129,6.0428224923914087e-12,0.0101282,cond,bb1
SOPP,srule=bb1,srule,19,P19,10000,2.0,1,0.80000000000000004,0.5,,0.0001,0.10000000000000001,2,1,1.1000000000000001,3,1,1,9.9999999999999994e-12,2000,false,line_search_failed,0,1,52,31999800.002000701,0.0021565999999999998,cond,bb1
SOPP,srule=bb1,srule,19,P19,10000,5.0,1,0.80000000000000004,0.5,,0.0001,0.10000000000000001,2,1,1.1000000000000001,3,1,1,9.9999999999999994e-12,2000,false,line_search_failed,0,1,52,499999500.00799143,0.0036002999999999999,cond,bb1
SOPP,srule=bb1,srule,19,P19,10000,1/k,1,0.80000000000000004,0.5,,0.0001,0.10000000000000001,2,1,1.1000000000000001,3,1,1,9.9999999999999994e-12,2000,false,maxiter,0,2000,4005,6.227736134783988e-07,0.6917179,cond,bb1
SOPP,srule=bb1,srule,19,P19,10000,k/n,1,0.80000000000000004,0.5,,0.0001,0.10000000000000001,2,1,1.1000000000000001,3,1,1,9.9999999999999994e-12,2000,false,maxiter,0,2000,4041,8.7999543841692488e-07,0.45921099999999998,cond,bb1
SOPP,srule=bb1,srule,20,P20,10000,0.4,1,0.80000000000000004,0.5,,0.0001,0.10000000000000001,2,1,1.1000000000000001,3,1,1,9.9999999999999994e-12,2000,true,converged_trial,0,28,56,9.347194924638589e-12,0.012677300000000001,cond,bb1
SOPP,srule=bb1,srule,20,P20,10000,0.5,1,0.80000000000000004,0.5,,0.0001,0.10000000000000001,2,1,1.1000000000000001,3,1,1,9.9999999999999994e-12,2000,true,converged_projected,0,28,57,7.8254513911242502e-12,0.0127125,cond,bb1
SOPP,srule=bb1,srule,20,P20,10000,0.6,1,0.80000000000000004,0.5,,0.0001,0.10000000000000001,2,1,1.1000000000000001,3,1,1,9.9999999999999994e-12,2000,true,converged_projected,0,28,57,9.4795204492920128e-12,0.012628,cond,bb1
SOPP,srule=bb1,srule,20,P20,10000,0.8,1,0.80000000000000004,0.5,,0.0001,0.10000000000000001,2,1,1.1000000000000001,3,1,1,9.9999999999999994e-12,2000,true,converged_projected,0,27,55,9.0825438753317689e-12,0.0121028,cond,bb1
SOPP,srule=bb1,srule,20,P20,10000,1.0,1,0.80000000000000004,0.5,,0.0001,0.10000000000000001,2,1,1.1000000000000001,3,1,1,9.9999999999999994e-12,2000,true,converged_trial,0,28,56,7.4284748171643763e-12,0.043801600000000003,cond,bb1
SOPP,srule=bb1,srule,20,P20,10000,1.1,1,0.80000000000000004,0.5,,0.0001,0.10000000000000001,2,1,1.1000000000000001,3,1,1,9.9999999999999994e-12,2000,true,converged_trial,0,28,56,7.0314982432037721e-12,0.14959500000000001,cond,bb1
SOPP,srule=bb1,srule,20,P20,10000,2.0,1,0.80000000000000004,0.5,,0.0001,0.10000000000000001,2,1,1.1000000000000001,3,1,1,9.9999999999999994e-12,2000,true,converged_trial,0,28,61,7.8254513911242502e-12,0.0158884,cond,bb1
SOPP,srule=bb1,srule,20,P20,10000,5.0,1,0.80000000000000004,0.5,,0.0001,0.10000000000000001,2,1,1.1000000000000001,3,1,1,9.9999999999999994e-12,2000,true,converged_projected,2,3,8,0,0.0021578000000000001,cond,bb1
SOPP,srule=bb1,srule,20,P20,10000,1/k,1,0.80000000000000004,0.5,,0.0001,0.10000000000000001,2,1,1.1000000000000001,3,1,1,9.9999999999999994e-12,2000,true,converged_trial,0,41,82,6.5533524747411805e-12,0.023457800000000001,cond,bb1
SOPP,srule=bb1,srule,20,P20,10000,k/n,1,0.80000000000000004,0.5,,0.0001,0.10000000000000001,2,1,1.1000000000000001,3,1,1,9.9999999999999994e-12,2000,true,converged_projected,0,31,63,9.4682683368394977e-12,0.0182458,cond,bb1
SOPP,srule=bb2,srule,1,P1,10000,0.4,1,0.80000000000000004,0.5,,0.0001,0.10000000000000001,2,1,1.1000000000000001,3,1,1,9.9999999999999994e-12,2000,true,converged_trial,0,50,100,8.8839532348879742e-12,0.0195766,cond,bb2
SOPP,srule=bb2,srule,1,P1,10000,0.5,1,0.80000000000000004,0.5,,0.0001,0.10000000000000001,2,1,1.1000000000000001,3,1,1,9.9999999999999994e-12,2000,true,converged_projected,0,50,101,8.0393886936992261e-12,0.0214028,cond,bb2
SOPP,srule=bb2,srule,1,P1,10000,0.6,1,0.80000000000000004,0.5,,0.0001,0.10000000000000001,2,1,1.1000000000000001,3,1,1,9.9999999999999994e-12,2000,true,converged_projected,0,50,101,9.4903863445808646e-12,0.0114156,cond,bb2
SOPP,srule=bb2,srule,1,P1,10000,0.8,1,0.80000000000000004,0.5,,0.0001,0.10000000000000001,2,1,1.1000000000000001,3,1,1,9.9999999999999994e-12,2000,true,converged_trial,0,51,102,9.0742614887021121e-12,0.015850099999999999,cond,bb2
SOPP,srule=bb2,srule,1,P1,10000,1.0,1,0.80000000000000004,0.5,,0.0001,0.10000000000000001,2,1,1.1000000000000001,3,1,1,9.9999999999999994e-12,2000,true,converged_projected,0,51,103,7.8031782440795267e-12,0.020646000000000001,cond,bb2
SOPP,srule=bb2,srule,1,P1,10000,1.1,1,0.80000000000000004,0.5,,0.0001,0.10000000000000001,2,1,1.1000000000000001,3,1,1,9.9999999999999994e-12,2000,true,converged_projected,0,51,103,8.2435316980074676e-12,0.032182299999999997,cond,bb2
SOPP,srule=bb2,srule,1,P1,10000,2.0,1,0.80000000000000004,0.5,,0.0001,0.10000000000000001,2,1,1.1000000000000001,3,1,1,9.9999999999999994e-12,2000,true,converged_trial,0,51,102,9.3273174042718216e-12,0.0111176,cond,bb2
SOPP,srule=bb2,srule,1,P1,10000,5.0,1,0.80000000000000004,0.5,,0.0001,0.10000000000000001,2,1,1.1000000000000001,3,1,1,9.9999999999999994e-12,2000,true,converged_projected,0,50,102,7.7635688885529847e-12,0.0125982,cond,bb2
SOPP,srule=bb2,srule,1,P1,10000,1/k,1,0.80000000000000004,0.5,,0.0001,0.10000000000000001,2,1,1.1000000000000001,3,1,1,9.9999999999999994e-12,2000,true,converged_trial,0,44,88,9.7839365796110643e-12,0.0162471,cond,bb2
SOPP,srule=bb2,srule,1,P1,10000,k/n,1,0.80000000000000004,0.5,,0.0001,0.10000000000000001,2,1,1.1000000000000001,3,1,1,9.9999999999999994e-12,2000,true,converged_projected,0,50,101,8.8769524214726533e-12,0.0345197,cond,bb2
SOPP,srule=bb2,srule,2,P2,10000,0.4,1,0.80000000000000004,0.5,,0.0001,0.10000000000000001,2,1,1.1000000000000001,3,1,1,9.9999999999999994e-12,2000,true,converged_projected,0,50,101,7.570963283862551e-12,0.0136715,cond,bb2
SOPP,srule=bb2,srule,2,P2,10000,0.5,1,0.80000000000000004,0.5,,0.0001,0.10000000000000001,2,1,1.1000000000000001,3,1,1,9.9999999999999994e-12,2000,true,converged_projected,0,50,101,9.7023795234081901e-12,0.012787,cond,bb2
SOPP,srule=bb2,srule,2,P2,10000,0.6,1,0.80000000000000004,0.5,,0.0001,0.10000000000000001,2,1,1.1000000000000001,3,1,1,9.9999999999999994e-12,2000,true,converged_trial,0,51,102,8.9030984785471773e-12,0.0209721,cond,bb2
SOPP,srule=bb2,srule,2,P2,10000,0.8,1,0.80000000000000004,0.5,,0.0001,0.10000000000000001,2,1,1.1000000000000001,3,1,1,9.9999999999999994e-12,2000,true,converged_projected,0,51,103,9.0363108602336717e-12,0.0131872,cond,bb2
SOPP,srule=bb2,srule,2,P2,10000,1.0,1,0.80000000000000004,0.5,,0.0001,0.10000000000000001,2,1,1.1000000000000001,3,1,1,9.9999999999999994e-12,2000,true,converged_trial,0,52,104,8.7698848061087843e-12,0.0154533,cond,bb2
SOPP,srule=bb2,srule,2,P2,10000,1.1,1,0.80000000000000004,0.5,,0.0001,0.10000000000000001,2,1,1.1000000000000001,3,1,1,9.9999999999999994e-12,2000,true,converged_trial,0,52,104,9.8133909172472963e-12,0.0129704,cond,bb2
SOPP,srule=bb2,srule,2,P2,10000,2.0,1,0.80000000000000004,0.5,,0.0001,0.10000000000000001,2,1,1.1000000000000001,3,1,1,9.9999999999999994e-12,2000,true,converged_projected,0,53,107,8.2592328668367336e-12,0.0146637,cond,bb2
SOPP,srule=bb2,srule,2,P2,10000,5.0,1,0.80000000000000004,0.5,,0.0001,0.10000000000000001,2,1,1.1000000000000001,3,1,1,9.9999999999999994e-12,2000,true,converged_trial,0,56,112,7.7041780414765594e-12,0.015100000000000001,cond,bb2
SOPP,srule=bb2,srule,2,P2,10000,1/k,1,0.80000000000000004,0.5,,0.0001,0.10000000000000001,2,1,1.1000000000000001,3,1,1,9.9999999999999994e-12,2000,true,converged_projected,0,44,89,9.5900161649030132e-12,0.012118800000000001,cond,bb2
SOPP,srule=bb2,srule,2,P2,10000,k/n,1,0.80000000000000004,0.5,,0.0001,0.10000000000000001,2,1,1.1000000000000001,3,1,1,9.9999999999999994e-12,2000,true,converged_trial,0,51,102,8.8685313257804743e-12,0.013422099999999999,cond,bb2
SOPP,srule=bb2,srule,3,P3,10000,0.4,1,0.80000000000000004,0.5,,0.0001,0.10000000000000001,2,1,1.1000000000000001,3,1,1,9.9999999999999994e-12,2000,true,converged_projected,0,49,99,9.2814644858663087e-12,0.012662700000000001,cond,bb2
SOPP,srule=bb2,srule,3,P3,10000,0.5,1,0.80000000000000004,0.5,,0.0001,0.10000000000000001,2,1,1.1000000000000001,3,1,1,9.9999999999999994e-12,2000,true,converged_trial,0,50,100,7.7937656328685989e-12,0.0119051,cond,bb2
SOPP,srule=bb2,srule,3,P3,10000,0.6,1,0.80000000000000004,0.5,,0.0001,0.10000000000000001,2,1,1.1000000000000001,3,1,1,9.9999999999999994e-12,2000,true,converged_trial,0,50,100,8.149037000748649e-12,0.014184799999999999,cond,bb2
SOPP,srule=bb2,srule,3,P3,10000,0.8,1,0.80000000000000004,0.5,,0.0001,0.10000000000000001,2,1,1.1000000000000001,3,1,1,9.9999999999999994e-12,2000,true,converged_projected,0,49,99,9.4591001698063337e-12,0.0124174,cond,bb2
SOPP,srule=bb2,srule,3,P3,10000,1.0,1,0.80000000000000004,0.5,,0.0001,0.10000000000000001,2,1,1.1000000000000001,3,1,1,9.9999999999999994e-12,2000,true,converged_projected,0,48,97,7.5939254884360707e-12,0.0124101,cond,bb2
SOPP,srule=bb2,srule,3,P3,10000,1.1,1,0.80000000000000004,0.5,,0.0001,0.10000000000000001,2,1,1.1000000000000001,3,1,1,9.9999999999999994e-12,2000,true,converged_projected,0,1,3,0,0.00019780000000000001,cond,bb2
SOPP,srule=bb2,srule,3,P3,10000,2.0,1,0.80000000000000004,0.5,,0.0001,0.10000000000000001,2,1,1.1000000000000001,3,1,1,9.9999999999999994e-12,2000,true,converged_projected,0,50,104,9.5701224722688494e-12,0.0126412,cond,bb2
SOPP,srule=bb2,srule,3,P3,10000,5.0,1,0.80000000000000004,0.5,,0.0001,0.10000000000000001,2,1,1.1000000000000001,3,1,1,9.9999999999999994e-12,2000,true,converged_projected,0,52,118,9.3480778673438181e-12,0.014289100000000001,cond,bb2
SOPP,srule=bb2,srule,3,P3,10000,1/k,1,0.80000000000000004,0.5,,0.0001,0.10000000000000001,2,1,1.1000000000000001,3,1,1,9.9999999999999994e-12,2000,true,converged_projected,0,45,91,9.3781696369636085e-12,0.0116588,cond,bb2
SOPP,srule=bb2,srule,3,P3,10000,k/n,1,0.80000000000000004,0.5,,0.0001,0.10000000000000001,2,1,1.1000000000000001,3,1,1,9.9999999999999994e-12,2000,true,converged_trial,0,51,102,9.4477289721362171e-12,0.013095900000000001,cond,bb2
SOPP,srule=bb2,srule,4,P4,10000,0.4,1,0.80000000000000004,0.5,,0.0001,0.10000000000000001,2,1,1.1000000000000001,3,1,1,9.9999999999999994e-12,2000,true,converged_projected,0,30,63,8.8008363340684103e-12,0.0059562,cond,bb2
SOPP,srule=bb2,srule,4,P4,10000,0.5,1,0.80000000000000004,0.5,,0.0001,0.10000000000000001,2,1,1.1000000000000001,3,1,1,9.9999999999999994e-12,2000,true,converged_trial,0,117,253,8.8957723416202003e-12,0.025415699999999999,cond,bb2
SOPP,srule=bb2,srule,4,P4,10000,0.6,1,0.80000000000000004,0.5,,0.0001,0.10000000000000001,2,1,1.1000000000000001,3,1,1,9.9999999999999994e-12,2000,true,converged_trial,0,233,620,7.867528107124483e-12,0.054680699999999999,cond,bb2
SOPP,srule=bb2,srule,4,P4,10000,0.8,1,0.80000000000000004,0.5,,0.0001,0.10000000000000001,2,1,1.1000000000000001,3,1,1,9.9999999999999994e-12,2000,true,converged_trial,0,243,642,8.3765874046104774e-12,0.0560055,cond,bb2
SOPP,srule=bb2,srule,4,P4,10000,1.0,1,0.80000000000000004,0.5,,0.0001,0.10000000000000001,2,1,1.1000000000000001,3,1,1,9.9999999999999994e-12,2000,true,converged_trial,0,247,648,8.1820303925008309e-12,0.059281300000000002,cond,bb2
SOPP,srule=bb2,srule,4,P4,10000,1.1,1,0.80000000000000004,0.5,,0.0001,0.10000000000000001,2,1,1.1000000000000001,3,1,1,9.9999999999999994e-12,2000,true,converged_trial,0,249,650,7.6246458616485434e-12,0.062322599999999999,cond,bb2
SOPP,srule=bb2,srule,4,P4,10000,2.0,1,0.80000000000000004,0.5,,0.0001,0.10000000000000001,2,1,1.1000000000000001,3,1,1,9.9999999999999994e-12,2000,true,converged_trial,0,91,225,9.866501061946393e-12,0.19248100000000001,cond,bb2
SOPP,srule=bb2,srule,4,P4,10000,5.0,1,0.80000000000000004,0.5,,0.0001,0.10000000000000001,2,1,1.1000000000000001,3,1,1,9.9999999999999994e-12,2000,false,maxiter,0,2000,42037,378.08326568298418,2.4537391999999998,cond,bb2
SOPP,srule=bb2,srule,4,P4,10000,1/k,1,0.80000000000000004,0.5,,0.0001,0.10000000000000001,2,1,1.1000000000000001,3,1,1,9.9999999999999994e-12,2000,true,converged_trial,0,107,260,6.8937452012917728e-12,0.023585399999999999,cond,bb2
SOPP,srule=bb2,srule,4,P4,10000,k/n,1,0.80000000000000004,0.5,,0.0001,0.10000000000000001,2,1,1.1000000000000001,3,1,1,9.9999999999999994e-12,2000,true,converged_trial,0,611,1834,9.5535341298428993e-12,0.32103199999999998,cond,bb2
SOPP,srule=bb2,srule,5,P5,10000,0.4,1,0.80000000000000004,0.5,,0.0001,0.10000000000000001,2,1,1.1000000000000001,3,1,1,9.9999999999999994e-12,2000,true,converged_trial,0,53,106,8.7041485130612273e-12,0.019379799999999999,cond,bb2
SOPP,srule=bb2,srule,5,P5,10000,0.5,1,0.80000000000000004,0.5,,0.0001,0.10000000000000001,2,1,1.1000000000000001,3,1,1,9.9999999999999994e-12,2000,true,converged_trial,0,53,106,8.3488771451811772e-12,0.020694400000000002,cond,bb2
SOPP,srule=bb2,srule,5,P5,10000,0.6,1,0.80000000000000004,0.5,,0.0001,0.10000000000000001,2,1,1.1000000000000001,3,1,1,9.9999999999999994e-12,2000,true,converged_trial,0,53,106,8.0380146982861334e-12,0.028555199999999999,cond,bb2
SOPP,srule=bb2,srule,5,P5,10000,0.8,1,0.80000000000000004,0.5,,0.0001,0.10000000000000001,2,1,1.1000000000000001,3,1,1,9.9999999999999994e-12,2000,true,converged_projected,0,52,105,9.6367358537463588e-12,0.030124499999999999,cond,bb2
SOPP,srule=bb2,srule,5,P5,10000,1.0,1,0.80000000000000004,0.5,,0.0001,0.10000000000000001,2,1,1.1000000000000001,3,1,1,9.9999999999999994e-12,2000,true,converged_projected,0,52,105,8.7041663219266282e-12,0.019259800000000001,cond,bb2
SOPP,srule=bb2,srule,5,P5,10000,1.1,1,0.80000000000000004,0.5,,0.0001,0.10000000000000001,2,1,1.1000000000000001,3,1,1,9.9999999999999994e-12,2000,true,converged_projected,0,52,105,8.1268325402561459e-12,0.022927699999999999,cond,bb2
SOPP,srule=bb2,srule,5,P5,10000,2.0,1,0.80000000000000004,0.5,,0.0001,0.10000000000000001,2,1,1.1000000000000001,3,1,1,9.9999999999999994e-12,2000,true,converged_trial,0,51,102,9.0150109599562711e-12,0.026792300000000002,cond,bb2
SOPP,srule=bb2,srule,5,P5,10000,5.0,1,0.80000000000000004,0.5,,0.0001,0.10000000000000001,2,1,1.1000000000000001,3,1,1,9.9999999999999994e-12,2000,true,converged_trial,0,53,106,8.6153306710912148e-12,0.0345665,cond,bb2
SOPP,srule=bb2,srule,5,P5,10000,1/k,1,0.80000000000000004,0.5,,0.0001,0.10000000000000001,2,1,1.1000000000000001,3,1,1,9.9999999999999994e-12,2000,true,converged_projected,0,53,107,7.5029995032844801e-12,0.019323400000000001,cond,bb2
SOPP,srule=bb2,srule,5,P5,10000,k/n,1,0.80000000000000004,0.5,,0.0001,0.10000000000000001,2,1,1.1000000000000001,3,1,1,9.9999999999999994e-12,2000,true,converged_trial,0,53,106,8.4469271322564805e-12,0.0219321,cond,bb2
SOPP,srule=bb2,srule,6,P6,10000,0.4,1,0.80000000000000004,0.5,,0.0001,0.10000000000000001,2,1,1.1000000000000001,3,1,1,9.9999999999999994e-12,2000,true,converged_projected,0,31,63,8.3932860661661834e-12,0.012142500000000001,cond,bb2
SOPP,srule=bb2,srule,6,P6,10000,0.5,1,0.80000000000000004,0.5,,0.0001,0.10000000000000001,2,1,1.1000000000000001,3,1,1,9.9999999999999994e-12,2000,true,converged_projected,0,28,57,8.3710816056736803e-12,0.010762300000000001,cond,bb2
SOPP,srule=bb2,srule,6,P6,10000,0.6,1,0.80000000000000004,0.5,,0.0001,0.10000000000000001,2,1,1.1000000000000001,3,1,1,9.9999999999999994e-12,2000,true,converged_projected,0,30,61,6.3060667798708891e-12,0.0321134,cond,bb2
SOPP,srule=bb2,srule,6,P6,10000,0.8,1,0.80000000000000004,0.5,,0.0001,0.10000000000000001,2,1,1.1000000000000001,3,1,1,9.9999999999999994e-12,2000,true,converged_projected,0,31,63,7.5495165674510645e-12,0.0123955,cond,bb2
SOPP,srule=bb2,srule,6,P6,10000,1.0,1,0.80000000000000004,0.5,,0.0001,0.10000000000000001,2,1,1.1000000000000001,3,1,1,9.9999999999999994e-12,2000,true,converged_projected,0,33,67,7.3940853440035426e-12,0.0132613,cond,bb2
SOPP,srule=bb2,srule,6,P6,10000,1.1,1,0.80000000000000004,0.5,,0.0001,0.10000000000000001,2,1,1.1000000000000001,3,1,1,9.9999999999999994e-12,2000,true,converged_trial,0,34,68,8.1934459217336553e-12,0.0132385,cond,bb2
SOPP,srule=bb2,srule,6,P6,10000,2.0,1,0.80000000000000004,0.5,,0.0001,0.10000000000000001,2,1,1.1000000000000001,3,1,1,9.9999999999999994e-12,2000,true,converged_projected,0,36,73,6.794564910705958e-12,0.017742399999999998,cond,bb2
SOPP,srule=bb2,srule,6,P6,10000,5.0,1,0.80000000000000004,0.5,,0.0001,0.10000000000000001,2,1,1.1000000000000001,3,1,1,9.9999999999999994e-12,2000,true,converged_projected,0,37,75,6.3504757008558954e-12,0.0084104000000000002,cond,bb2
SOPP,srule=bb2,srule,6,P6,10000,1/k,1,0.80000000000000004,0.5,,0.0001,0.10000000000000001,2,1,1.1000000000000001,3,1,1,9.9999999999999994e-12,2000,true,converged_trial,0,126,259,8.3167378476057022e-12,0.032661799999999998,cond,bb2
SOPP,srule=bb2,srule,6,P6,10000,k/n,1,0.80000000000000004,0.5,,0.0001,0.10000000000000001,2,1,1.1000000000000001,3,1,1,9.9999999999999994e-12,2000,true,converged_trial,0,79,158,7.7477374812549661e-12,0.020046999999999999,cond,bb2
SOPP,srule=bb2,srule,8,P8,10000,0.4,1,0.80000000000000004,0.5,,0.0001,0.10000000000000001,2,1,1.1000000000000001,3,1,1,9.9999999999999994e-12,2000,true,converged_trial,0,381,1364,9.2252474035132007e-12,0.0906222,cond,bb2
SOPP,srule=bb2,srule,8,P8,10000,0.5,1,0.80000000000000004,0.5,,0.0001,0.10000000000000001,2,1,1.1000000000000001,3,1,1,9.9999999999999994e-12,2000,true,converged_trial,0,267,718,9.3519512250486985e-12,0.057163600000000002,cond,bb2
SOPP,srule=bb2,srule,8,P8,10000,0.6,1,0.80000000000000004,0.5,,0.0001,0.10000000000000001,2,1,1.1000000000000001,3,1,1,9.9999999999999994e-12,2000,true,converged_trial,0,286,727,9.6943071316910479e-12,0.058528900000000002,cond,bb2
SOPP,srule=bb2,srule,8,P8,10000,0.8,1,0.80000000000000004,0.5,,0.0001,0.10000000000000001,2,1,1.1000000000000001,3,1,1,9.9999999999999994e-12,2000,true,converged_trial,0,409,1246,9.5423877693399387e-12,0.090442800000000004,cond,bb2
SOPP,srule=bb2,srule,8,P8,10000,1.0,1,0.80000000000000004,0.5,,0.0001,0.10000000000000001,2,1,1.1000000000000001,3,1,1,9.9999999999999994e-12,2000,true,converged_trial,0,320,1082,9.9818502990499097e-12,0.075231400000000004,cond,bb2
SOPP,srule=bb2,srule,8,P8,10000,1.1,1,0.80000000000000004,0.5,,0.0001,0.10000000000000001,2,1,1.1000000000000001,3,1,1,9.9999999999999994e-12,2000,true,converged_trial,0,356,990,9.4615827249117184e-12,0.2691711,cond,bb2
SOPP,srule=bb2,srule,8,P8,10000,2.0,1,0.80000000000000004,0.5,,0.0001,0.10000000000000001,2,1,1.1000000000000001,3,1,1,9.9999999999999994e-12,2000,true,converged_trial,0,373,1089,9.6492770288617805e-12,0.12720100000000001,cond,bb2
SOPP,srule=bb2,srule,8,P8,10000,5.0,1,0.80000000000000004,0.5,,0.0001,0.10000000000000001,2,1,1.1000000000000001,3,1,1,9.9999999999999994e-12,2000,true,converged_trial,0,585,1509,9.7424892468347538e-12,0.124761,cond,bb2
SOPP,srule=bb2,srule,8,P8,10000,1/k,1,0.80000000000000004,0.5,,0.0001,0.10000000000000001,2,1,1.1000000000000001,3,1,1,9.9999999999999994e-12,2000,true,converged_trial,0,465,1808,9.6610262191263802e-12,0.11911389999999999,cond,bb2
SOPP,srule=bb2,srule,8,P8,10000,k/n,1,0.80000000000000004,0.5,,0.0001,0.10000000000000001,2,1,1.1000000000000001,3,1,1,9.9999999999999994e-12,2000,true,converged_trial,0,447,1557,9.5904231758784033e-12,0.10398590000000001,cond,bb2
SOPP,srule=bb2,srule,10,P10,10000,0.4,1,0.80000000000000004,0.5,,0.0001,0.10000000000000001,2,1,1.1000000000000001,3,1,1,9.9999999999999994e-12,2000,true,converged_projected,0,34,69,8.3710816056736803e-12,0.0057733000000000003,cond,bb2
SOPP,srule=bb2,srule,10,P10,10000,0.5,1,0.80000000000000004,0.5,,0.0001,0.10000000000000001,2,1,1.1000000000000001,3,1,1,9.9999999999999994e-12,2000,true,converged_projected,0,32,65,6.3726801613483985e-12,0.0055417000000000001,cond,bb2
SOPP,srule=bb2,srule,10,P10,10000,0.6,1,0.80000000000000004,0.5,,0.0001,0.10000000000000001,2,1,1.1000000000000001,3,1,1,9.9999999999999994e-12,2000,true,converged_projected,0,33,67,9.170442183403793e-12,0.0069046999999999997,cond,bb2
SOPP,srule=bb2,srule,10,P10,10000,0.8,1,0.80000000000000004,0.5,,0.0001,0.10000000000000001,2,1,1.1000000000000001,3,1,1,9.9999999999999994e-12,2000,true,converged_projected,0,34,69,8.1934459217336553e-12,0.0062544000000000002,cond,bb2
SOPP,srule=bb2,srule,10,P10,10000,1.0,1,0.80000000000000004,0.5,,0.0001,0.10000000000000001,2,1,1.1000000000000001,3,1,1,9.9999999999999994e-12,2000,true,converged_projected,0,34,69,9.170442183403793e-12,0.0060691,cond,bb2
SOPP,srule=bb2,srule,10,P10,10000,1.1,1,0.80000000000000004,0.5,,0.0001,0.10000000000000001,2,1,1.1000000000000001,3,1,1,9.9999999999999994e-12,2000,true,converged_projected,0,34,69,8.5487172896137054e-12,0.0062595999999999997,cond,bb2
SOPP,srule=bb2,srule,10,P10,10000,2.0,1,0.80000000000000004,0.5,,0.0001,0.10000000000000001,2,1,1.1000000000000001,3,1,1,9.9999999999999994e-12,2000,true,converged_projected,0,28,58,6.2172489379008766e-12,0.0050312000000000004,cond,bb2
SOPP,srule=bb2,srule,10,P10,10000,5.0,1,0.80000000000000004,0.5,,0.0001,0.10000000000000001,2,1,1.1000000000000001,3,1,1,9.9999999999999994e-12,2000,true,converged_projected,8,41,83,6.4837024638109142e-12,0.0076950999999999999,cond,bb2
SOPP,srule=bb2,srule,10,P10,10000,1/k,1,0.80000000000000004,0.5,,0.0001,0.10000000000000001,2,1,1.1000000000000001,3,1,1,9.9999999999999994e-12,2000,true,converged_trial,6,45,90,6.78519493414741e-12,0.0070416999999999997,cond,bb2
SOPP,srule=bb2,srule,10,P10,10000,k/n,1,0.80000000000000004,0.5,,0.0001,0.10000000000000001,2,1,1.1000000000000001,3,1,1,9.9999999999999994e-12,2000,true,converged_trial,0,37,74,9.6835619785090596e-12,0.0071173,cond,bb2
SOPP,srule=bb2,srule,11,P11,10000,0.4,1,0.80000000000000004,0.5,,0.0001,0.10000000000000001,2,1,1.1000000000000001,3,1,1,9.9999999999999994e-12,2000,true,converged_projected,0,56,113,8.1859596134912126e-12,0.0137923,cond,bb2
SOPP,srule=bb2,srule,11,P11,10000,0.5,1,0.80000000000000004,0.5,,0.0001,0.10000000000000001,2,1,1.1000000000000001,3,1,1,9.9999999999999994e-12,2000,true,converged_projected,0,56,113,8.0476695989602125e-12,0.043864800000000002,cond,bb2
SOPP,srule=bb2,srule,11,P11,10000,0.6,1,0.80000000000000004,0.5,,0.0001,0.10000000000000001,2,1,1.1000000000000001,3,1,1,9.9999999999999994e-12,2000,true,converged_projected,0,56,113,8.0205160637046193e-12,0.1525861,cond,bb2
SOPP,srule=bb2,srule,11,P11,10000,0.8,1,0.80000000000000004,0.5,,0.0001,0.10000000000000001,2,1,1.1000000000000001,3,1,1,9.9999999999999994e-12,2000,true,converged_projected,0,56,113,7.9101853574766711e-12,0.012574999999999999,cond,bb2
SOPP,srule=bb2,srule,11,P11,10000,1.0,1,0.80000000000000004,0.5,,0.0001,0.10000000000000001,2,1,1.1000000000000001,3,1,1,9.9999999999999994e-12,2000,true,converged_projected,0,56,113,7.6486182857898671e-12,0.0177603,cond,bb2
SOPP,srule=bb2,srule,11,P11,10000,1.1,1,0.80000000000000004,0.5,,0.0001,0.10000000000000001,2,1,1.1000000000000001,3,1,1,9.9999999999999994e-12,2000,true,converged_projected,0,56,113,7.8444822318023494e-12,0.027417400000000001,cond,bb2
SOPP,srule=bb2,srule,11,P11,10000,2.0,1,0.80000000000000004,0.5,,0.0001,0.10000000000000001,2,1,1.1000000000000001,3,1,1,9.9999999999999994e-12,2000,true,converged_trial,0,61,127,8.518614052919133e-12,0.013661299999999999,cond,bb2
SOPP,srule=bb2,srule,11,P11,10000,5.0,1,0.80000000000000004,0.5,,0.0001,0.10000000000000001,2,1,1.1000000000000001,3,1,1,9.9999999999999994e-12,2000,true,converged_projected,0,74,324,8.5824924077179169e-12,0.036912599999999997,cond,bb2
SOPP,srule=bb2,srule,11,P11,10000,1/k,1,0.80000000000000004,0.5,,0.0001,0.10000000000000001,2,1,1.1000000000000001,3,1,1,9.9999999999999994e-12,2000,true,converged_trial,0,56,112,9.5411941332713768e-12,0.042596200000000001,cond,bb2
SOPP,srule=bb2,srule,11,P11,10000,k/n,1,0.80000000000000004,0.5,,0.0001,0.10000000000000001,2,1,1.1000000000000001,3,1,1,9.9999999999999994e-12,2000,true,converged_projected,0,57,115,9.188141059212463e-12,0.022472200000000001,cond,bb2
SOPP,srule=bb2,srule,12,P12,10000,0.4,1,0.80000000000000004,0.5,,0.0001,0.10000000000000001,2,1,1.1000000000000001,3,1,1,9.9999999999999994e-12,2000,true,converged_projected,0,30,61,6.3282712403633923e-12,0.0118958,cond,bb2
SOPP,srule=bb2,srule,12,P12,10000,0.5,1,0.80000000000000004,0.5,,0.0001,0.10000000000000001,2,1,1.1000000000000001,3,1,1,9.9999999999999994e-12,2000,true,converged_projected,0,28,57,8.3655304905505545e-12,0.0108358,cond,bb2
SOPP,srule=bb2,srule,12,P12,10000,0.6,1,0.80000000000000004,0.5,,0.0001,0.10000000000000001,2,1,1.1000000000000001,3,1,1,9.9999999999999994e-12,2000,true,converged_projected,0,31,63,8.3877349510430577e-12,0.0116971,cond,bb2
SOPP,srule=bb2,srule,12,P12,10000,0.8,1,0.80000000000000004,0.5,,0.0001,0.10000000000000001,2,1,1.1000000000000001,3,1,1,9.9999999999999994e-12,2000,true,converged_trial,0,33,66,9.5978780478844783e-12,0.013388499999999999,cond,bb2
SOPP,srule=bb2,srule,12,P12,10000,1.0,1,0.80000000000000004,0.5,,0.0001,0.10000000000000001,2,1,1.1000000000000001,3,1,1,9.9999999999999994e-12,2000,true,converged_trial,0,34,68,7.8659301294692341e-12,0.0208389,cond,bb2
SOPP,srule=bb2,srule,12,P12,10000,1.1,1,0.80000000000000004,0.5,,0.0001,0.10000000000000001,2,1,1.1000000000000001,3,1,1,9.9999999999999994e-12,2000,true,converged_projected,0,34,69,6.872280522429719e-12,0.0098902999999999994,cond,bb2
SOPP,srule=bb2,srule,12,P12,10000,2.0,1,0.80000000000000004,0.5,,0.0001,0.10000000000000001,2,1,1.1000000000000001,3,1,1,9.9999999999999994e-12,2000,true,converged_projected,0,34,69,8.9650509238481391e-12,0.0080928000000000007,cond,bb2
SOPP,srule=bb2,srule,12,P12,10000,5.0,1,0.80000000000000004,0.5,,0.0001,0.10000000000000001,2,1,1.1000000000000001,3,1,1,9.9999999999999994e-12,2000,true,converged_projected,0,37,75,6.5614180755346752e-12,0.010718699999999999,cond,bb2
SOPP,srule=bb2,srule,12,P12,10000,1/k,1,0.80000000000000004,0.5,,0.0001,0.10000000000000001,2,1,1.1000000000000001,3,1,1,9.9999999999999994e-12,2000,true,converged_projected,0,34,69,6.3734934263968642e-12,0.015872299999999999,cond,bb2
SOPP,srule=bb2,srule,12,P12,10000,k/n,1,0.80000000000000004,0.5,,0.0001,0.10000000000000001,2,1,1.1000000000000001,3,1,1,9.9999999999999994e-12,2000,true,converged_trial,0,42,84,7.4823966277196174e-12,0.0099758999999999994,cond,bb2
SOPP,srule=bb2,srule,13,P13,10000,0.4,1,0.80000000000000004,0.5,,0.0001,0.10000000000000001,2,1,1.1000000000000001,3,1,1,9.9999999999999994e-12,2000,true,converged_projected,0,25,53,7.1165295878472534e-12,0.0059030999999999997,cond,bb2
SOPP,srule=bb2,srule,13,P13,10000,0.5,1,0.80000000000000004,0.5,,0.0001,0.10000000000000001,2,1,1.1000000000000001,3,1,1,9.9999999999999994e-12,2000,true,converged_trial,0,25,52,8.915090887740007e-12,0.0062652000000000003,cond,bb2
SOPP,srule=bb2,srule,13,P13,10000,0.6,1,0.80000000000000004,0.5,,0.0001,0.10000000000000001,2,1,1.1000000000000001,3,1,1,9.9999999999999994e-12,2000,true,converged_projected,0,25,53,7.7937656328685989e-12,0.0086678999999999992,cond,bb2
SOPP,srule=bb2,srule,13,P13,10000,0.8,1,0.80000000000000004,0.5,,0.0001,0.10000000000000001,2,1,1.1000000000000001,3,1,1,9.9999999999999994e-12,2000,true,converged_projected,0,27,57,6.4392935428259079e-12,0.0061840000000000003,cond,bb2
SOPP,srule=bb2,srule,13,P13,10000,1.0,1,0.80000000000000004,0.5,,0.0001,0.10000000000000001,2,1,1.1000000000000001,3,1,1,9.9999999999999994e-12,2000,true,converged_trial,0,28,58,8.8373752760162461e-12,0.0068135000000000001,cond,bb2
SOPP,srule=bb2,srule,13,P13,10000,1.1,1,0.80000000000000004,0.5,,0.0001,0.10000000000000001,2,1,1.1000000000000001,3,1,1,9.9999999999999994e-12,2000,true,converged_trial,0,29,60,6.3726801613483985e-12,0.0085973999999999998,cond,bb2
SOPP,srule=bb2,srule,13,P13,10000,2.0,1,0.80000000000000004,0.5,,0.0001,0.10000000000000001,2,1,1.1000000000000001,3,1,1,9.9999999999999994e-12,2000,true,converged_projected,0,28,57,8.8706819667550008e-12,0.0062601999999999996,cond,bb2
SOPP,srule=bb2,srule,13,P13,10000,5.0,1,0.80000000000000004,0.5,,0.0001,0.10000000000000001,2,1,1.1000000000000001,3,1,1,9.9999999999999994e-12,2000,true,converged_projected,0,28,58,9.758860386455126e-12,0.0083327000000000002,cond,bb2
SOPP,srule=bb2,srule,13,P13,10000,1/k,1,0.80000000000000004,0.5,,0.0001,0.10000000000000001,2,1,1.1000000000000001,3,1,1,9.9999999999999994e-12,2000,true,converged_trial,0,284,849,9.5864703503672236e-12,0.090828500000000006,cond,bb2
SOPP,srule=bb2,srule,13,P13,10000,k/n,1,0.80000000000000004,0.5,,0.0001,0.10000000000000001,2,1,1.1000000000000001,3,1,1,9.9999999999999994e-12,2000,true,converged_trial,0,304,911,9.4566349078089661e-12,0.10264769999999999,cond,bb2
SOPP,srule=bb2,srule,14,P14,10000,0.4,1,0.80000000000000004,0.5,,0.0001,0.10000000000000001,2,1,1.1000000000000001,3,1,1,9.9999999999999994e-12,2000,true,converged_projected,0,26,55,7.2164496600635175e-12,0.0067697,cond,bb2
SOPP,srule=bb2,srule,14,P14,10000,0.5,1,0.80000000000000004,0.5,,0.0001,0.10000000000000001,2,1,1.1000000000000001,3,1,1,9.9999999999999994e-12,2000,true,converged_trial,0,25,52,6.5725203057809267e-12,0.0066809,cond,bb2
SOPP,srule=bb2,srule,14,P14,10000,0.6,1,0.80000000000000004,0.5,,0.0001,0.10000000000000001,2,1,1.1000000000000001,3,1,1,9.9999999999999994e-12,2000,true,converged_projected,0,24,51,6.2727600891321345e-12,0.0065985000000000002,cond,bb2
SOPP,srule=bb2,srule,14,P14,10000,0.8,1,0.80000000000000004,0.5,,0.0001,0.10000000000000001,2,1,1.1000000000000001,3,1,1,9.9999999999999994e-12,2000,true,converged_projected,0,26,55,5.4178883601707639e-12,0.0079892999999999995,cond,bb2
SOPP,srule=bb2,srule,14,P14,10000,1.0,1,0.80000000000000004,0.5,,0.0001,0.10000000000000001,2,1,1.1000000000000001,3,1,1,9.9999999999999994e-12,2000,true,converged_projected,0,27,57,6.283862319378386e-12,0.0069946000000000001,cond,bb2
SOPP,srule=bb2,srule,14,P14,10000,1.1,1,0.80000000000000004,0.5,,0.0001,0.10000000000000001,2,1,1.1000000000000001,3,1,1,9.9999999999999994e-12,2000,true,converged_trial,0,28,57,7.971401316808624e-12,0.0075427999999999997,cond,bb2
SOPP,srule=bb2,srule,14,P14,10000,2.0,1,0.80000000000000004,0.5,,0.0001,0.10000000000000001,2,1,1.1000000000000001,3,1,1,9.9999999999999994e-12,2000,true,converged_trial,0,31,67,9.0705221111875289e-12,0.0081568999999999999,cond,bb2
SOPP,srule=bb2,srule,14,P14,10000,5.0,1,0.80000000000000004,0.5,,0.0001,0.10000000000000001,2,1,1.1000000000000001,3,1,1,9.9999999999999994e-12,2000,true,converged_trial,0,28,57,7.382983113757291e-12,0.0083377999999999994,cond,bb2
SOPP,srule=bb2,srule,14,P14,10000,1/k,1,0.80000000000000004,0.5,,0.0001,0.10000000000000001,2,1,1.1000000000000001,3,1,1,9.9999999999999994e-12,2000,true,converged_projected,0,28,59,9.9204579919181748e-12,0.0074600999999999999,cond,bb2
SOPP,srule=bb2,srule,14,P14,10000,k/n,1,0.80000000000000004,0.5,,0.0001,0.10000000000000001,2,1,1.1000000000000001,3,1,1,9.9999999999999994e-12,2000,true,converged_trial,0,415,1246,9.7538187353911949e-12,0.13767360000000001,cond,bb2
SOPP,srule=bb2,srule,15,P15,10000,0.4,1,0.80000000000000004,0.5,,0.0001,0.10000000000000001,2,1,1.1000000000000001,3,1,1,9.9999999999999994e-12,2000,true,converged_projected,0,1,8,0,0.0011152,cond,bb2
SOPP,srule=bb2,srule,15,P15,10000,0.5,1,0.80000000000000004,0.5,,0.0001,0.10000000000000001,2,1,1.1000000000000001,3,1,1,9.9999999999999994e-12,2000,true,converged_projected,0,1,8,0,0.0011364999999999999,cond,bb2
SOPP,srule=bb2,srule,15,P15,10000,0.6,1,0.80000000000000004,0.5,,0.0001,0.10000000000000001,2,1,1.1000000000000001,3,1,1,9.9999999999999994e-12,2000,true,converged_projected,0,24,55,4.3298697960381105e-12,0.010426899999999999,cond,bb2
SOPP,srule=bb2,srule,15,P15,10000,0.8,1,0.80000000000000004,0.5,,0.0001,0.10000000000000001,2,1,1.1000000000000001,3,1,1,9.9999999999999994e-12,2000,true,converged_trial,0,23,52,8.8817841970012523e-12,0.0100673,cond,bb2
SOPP,srule=bb2,srule,15,P15,10000,1.0,1,0.80000000000000004,0.5,,0.0001,0.10000000000000001,2,1,1.1000000000000001,3,1,1,9.9999999999999994e-12,2000,true,converged_projected,0,1,4,0,0.00062980000000000002,cond,bb2
SOPP,srule=bb2,srule,15,P15,10000,1.1,1,0.80000000000000004,0.5,,0.0001,0.10000000000000001,2,1,1.1000000000000001,3,1,1,9.9999999999999994e-12,2000,true,converged_projected,0,1,4,0,0.00063250000000000003,cond,bb2
SOPP,srule=bb2,srule,15,P15,10000,2.0,1,0.80000000000000004,0.5,,0.0001,0.10000000000000001,2,1,1.1000000000000001,3,1,1,9.9999999999999994e-12,2000,true,converged_projected,0,1,3,0,0.00052660000000000001,cond,bb2
SOPP,srule=bb2,srule,15,P15,10000,5.0,1,0.80000000000000004,0.5,,0.0001,0.10000000000000001,2,1,1.1000000000000001,3,1,1,9.9999999999999994e-12,2000,true,converged_projected,0,1,13,0,0.0024019000000000002,cond,bb2
SOPP,srule=bb2,srule,15,P15,10000,1/k,1,0.80000000000000004,0.5,,0.0001,0.10000000000000001,2,1,1.1000000000000001,3,1,1,9.9999999999999994e-12,2000,true,converged_trial,0,718,4383,9.6808456846861786e-12,0.97063259999999996,cond,bb2
SOPP,srule=bb2,srule,15,P15,10000,k/n,1,0.80000000000000004,0.5,,0.0001,0.10000000000000001,2,1,1.1000000000000001,3,1,1,9.9999999999999994e-12,2000,true,converged_trial,0,789,4789,9.7158703721524337e-12,0.92319580000000001,cond,bb2
SOPP,srule=bb2,srule,16,P16,10000,0.4,1,0.80000000000000004,0.5,,0.0001,0.10000000000000001,2,1,1.1000000000000001,3,1,1,9.9999999999999994e-12,2000,true,converged_trial,0,198,554,9.90340433554414e-12,0.048365199999999997,cond,bb2
SOPP,srule=bb2,srule,16,P16,10000,0.5,1,0.80000000000000004,0.5,,0.0001,0.10000000000000001,2,1,1.1000000000000001,3,1,1,9.9999999999999994e-12,2000,true,converged_projected,0,253,840,9.8124572926003408e-12,0.083792599999999995,cond,bb2
SOPP,srule=bb2,srule,16,P16,10000,0.6,1,0.80000000000000004,0.5,,0.0001,0.10000000000000001,2,1,1.1000000000000001,3,1,1,9.9999999999999994e-12,2000,true,converged_trial,0,250,787,9.6556807147510261e-12,0.058678500000000001,cond,bb2
SOPP,srule=bb2,srule,16,P16,10000,0.8,1,0.80000000000000004,0.5,,0.0001,0.10000000000000001,2,1,1.1000000000000001,3,1,1,9.9999999999999994e-12,2000,true,converged_trial,0,231,704,9.6074532371154338e-12,0.066375400000000001,cond,bb2
SOPP,srule=bb2,srule,16,P16,10000,1.0,1,0.80000000000000004,0.5,,0.0001,0.10000000000000001,2,1,1.1000000000000001,3,1,1,9.9999999999999994e-12,2000,true,converged_trial,0,249,781,9.5246573613755025e-12,0.054725299999999998,cond,bb2
SOPP,srule=bb2,srule,16,P16,10000,1.1,1,0.80000000000000004,0.5,,0.0001,0.10000000000000001,2,1,1.1000000000000001,3,1,1,9.9999999999999994e-12,2000,true,converged_projected,0,260,848,9.9957269834332442e-12,0.057476300000000001,cond,bb2
SOPP,srule=bb2,srule,16,P16,10000,2.0,1,0.80000000000000004,0.5,,0.0001,0.10000000000000001,2,1,1.1000000000000001,3,1,1,9.9999999999999994e-12,2000,true,converged_trial,0,256,827,9.3898890242620038e-12,0.055299000000000001,cond,bb2
SOPP,srule=bb2,srule,16,P16,10000,5.0,1,0.80000000000000004,0.5,,0.0001,0.10000000000000001,2,1,1.1000000000000001,3,1,1,9.9999999999999994e-12,2000,true,converged_trial,0,265,878,9.8870212908259987e-12,0.060712599999999999,cond,bb2
SOPP,srule=bb2,srule,16,P16,10000,1/k,1,0.80000000000000004,0.5,,0.0001,0.10000000000000001,2,1,1.1000000000000001,3,1,1,9.9999999999999994e-12,2000,true,converged_trial,0,192,468,8.6283563904730003e-12,0.038438,cond,bb2
SOPP,srule=bb2,srule,16,P16,10000,k/n,1,0.80000000000000004,0.5,,0.0001,0.10000000000000001,2,1,1.1000000000000001,3,1,1,9.9999999999999994e-12,2000,true,converged_trial,0,203,555,8.8062344018019619e-12,0.042708400000000001,cond,bb2
SOPP,srule=bb2,srule,17,P17,10000,0.4,1,0.80000000000000004,0.5,,0.0001,0.10000000000000001,2,1,1.1000000000000001,3,1,1,9.9999999999999994e-12,2000,true,converged_trial,0,50,100,8.8839532348879742e-12,0.17725940000000001,cond,bb2
SOPP,srule=bb2,srule,17,P17,10000,0.5,1,0.80000000000000004,0.5,,0.0001,0.10000000000000001,2,1,1.1000000000000001,3,1,1,9.9999999999999994e-12,2000,true,converged_projected,0,50,101,8.0393886936992261e-12,0.016594500000000002,cond,bb2
SOPP,srule=bb2,srule,17,P17,10000,0.6,1,0.80000000000000004,0.5,,0.0001,0.10000000000000001,2,1,1.1000000000000001,3,1,1,9.9999999999999994e-12,2000,true,converged_projected,0,50,101,9.4903863445808646e-12,0.0194375,cond,bb2
SOPP,srule=bb2,srule,17,P17,10000,0.8,1,0.80000000000000004,0.5,,0.0001,0.10000000000000001,2,1,1.1000000000000001,3,1,1,9.9999999999999994e-12,2000,true,converged_trial,0,51,102,9.0742614887021121e-12,0.0186908,cond,bb2
SOPP,srule=bb2,srule,17,P17,10000,1.0,1,0.80000000000000004,0.5,,0.0001,0.10000000000000001,2,1,1.1000000000000001,3,1,1,9.9999999999999994e-12,2000,true,converged_projected,0,51,103,7.8031782440795267e-12,0.024870199999999999,cond,bb2
SOPP,srule=bb2,srule,17,P17,10000,1.1,1,0.80000000000000004,0.5,,0.0001,0.10000000000000001,2,1,1.1000000000000001,3,1,1,9.9999999999999994e-12,2000,true,converged_projected,0,51,103,8.2435316980074676e-12,0.011046800000000001,cond,bb2
SOPP,srule=bb2,srule,17,P17,10000,2.0,1,0.80000000000000004,0.5,,0.0001,0.10000000000000001,2,1,1.1000000000000001,3,1,1,9.9999999999999994e-12,2000,true,converged_trial,0,51,102,9.3273174042718216e-12,0.012058299999999999,cond,bb2
SOPP,srule=bb2,srule,17,P17,10000,5.0,1,0.80000000000000004,0.5,,0.0001,0.10000000000000001,2,1,1.1000000000000001,3,1,1,9.9999999999999994e-12,2000,true,converged_projected,0,50,102,7.7635688885529847e-12,0.019089399999999999,cond,bb2
SOPP,srule=bb2,srule,17,P17,10000,1/k,1,0.80000000000000004,0.5,,0.0001,0.10000000000000001,2,1,1.1000000000000001,3,1,1,9.9999999999999994e-12,2000,true,converged_trial,0,44,88,9.7839365796110643e-12,0.026294100000000001,cond,bb2
SOPP,srule=bb2,srule,17,P17,10000,k/n,1,0.80000000000000004,0.5,,0.0001,0.10000000000000001,2,1,1.1000000000000001,3,1,1,9.9999999999999994e-12,2000,true,converged_projected,0,50,101,8.8769524214726533e-12,0.01119,cond,bb2
SOPP,srule=bb2,srule,18,P18,10000,0.4,1,0.80000000000000004,0.5,,0.0001,0.10000000000000001,2,1,1.1000000000000001,3,1,1,9.9999999999999994e-12,2000,true,converged_trial,0,9,18,9.2370555648813024e-12,0.0033238,cond,bb2
SOPP,srule=bb2,srule,18,P18,10000,0.5,1,0.80000000000000004,0.5,,0.0001,0.10000000000000001,2,1,1.1000000000000001,3,1,1,9.9999999999999994e-12,2000,true,converged_trial,0,9,18,9.2370555648813024e-12,0.0032475999999999998,cond,bb2
SOPP,srule=bb2,srule,18,P18,10000,0.6,1,0.80000000000000004,0.5,,0.0001,0.10000000000000001,2,1,1.1000000000000001,3,1,1,9.9999999999999994e-12,2000,true,converged_trial,0,9,18,9.2370555648813024e-12,0.0032193999999999999,cond,bb2
SOPP,srule=bb2,srule,18,P18,10000,0.8,1,0.80000000000000004,0.5,,0.0001,0.10000000000000001,2,1,1.1000000000000001,3,1,1,9.9999999999999994e-12,2000,true,converged_trial,0,9,18,9.2370555648813024e-12,0.0034321,cond,bb2
SOPP,srule=bb2,srule,18,P18,10000,1.0,1,0.80000000000000004,0.5,,0.0001,0.10000000000000001,2,1,1.1000000000000001,3,1,1,9.9999999999999994e-12,2000,true,converged_trial,0,9,18,9.2370555648813024e-12,0.0031587999999999998,cond,bb2
SOPP,srule=bb2,srule,18,P18,10000,1.1,1,0.80000000000000004,0.5,,0.0001,0.10000000000000001,2,1,1.1000000000000001,3,1,1,9.9999999999999994e-12,2000,true,converged_trial,0,48,96,7.815970093361102e-12,0.0312278,cond,bb2
SOPP,srule=bb2,srule,18,P18,10000,2.0,1,0.80000000000000004,0.5,,0.0001,0.10000000000000001,2,1,1.1000000000000001,3,1,1,9.9999999999999994e-12,2000,true,converged_trial,0,52,104,8.7707618945387367e-12,0.033460499999999997,cond,bb2
SOPP,srule=bb2,srule,18,P18,10000,5.0,1,0.80000000000000004,0.5,,0.0001,0.10000000000000001,2,1,1.1000000000000001,3,1,1,9.9999999999999994e-12,2000,true,converged_trial,0,55,110,9.3924867883288243e-12,0.019846900000000001,cond,bb2
SOPP,srule=bb2,srule,18,P18,10000,1/k,1,0.80000000000000004,0.5,,0.0001,0.10000000000000001,2,1,1.1000000000000001,3,1,1,9.9999999999999994e-12,2000,true,converged_trial,0,9,18,9.2370555648813024e-12,0.0038127,cond,bb2
SOPP,srule=bb2,srule,18,P18,10000,k/n,1,0.80000000000000004,0.5,,0.0001,0.10000000000000001,2,1,1.1000000000000001,3,1,1,9.9999999999999994e-12,2000,true,converged_trial,0,9,18,9.2370555648813024e-12,0.0049607000000000002,cond,bb2
SOPP,srule=bb2,srule,19,P19,10000,0.4,1,0.80000000000000004,0.5,,0.0001,0.10000000000000001,2,1,1.1000000000000001,3,1,1,9.9999999999999994e-12,2000,true,converged_trial,0,29,100,6.7067011666477327e-12,0.013458700000000001,cond,bb2
SOPP,srule=bb2,srule,19,P19,10000,0.5,1,0.80000000000000004,0.5,,0.0001,0.10000000000000001,2,1,1.1000000000000001,3,1,1,9.9999999999999994e-12,2000,true,converged_projected,0,28,103,7.0979680466543016e-12,0.0069354000000000004,cond,bb2
SOPP,srule=bb2,srule,19,P19,10000,0.6,1,0.80000000000000004,0.5,,0.0001,0.10000000000000001,2,1,1.1000000000000001,3,1,1,9.9999999999999994e-12,2000,true,converged_projected,0,33,107,8.0185857953551931e-12,0.010000200000000001,cond,bb2
SOPP,srule=bb2,srule,19,P19,10000,0.8,1,0.80000000000000004,0.5,,0.0001,0.10000000000000001,2,1,1.1000000000000001,3,1,1,9.9999999999999994e-12,2000,true,converged_projected,0,35,117,6.0429959647390064e-12,0.0080456,cond,bb2
SOPP,srule=bb2,srule,19,P19,10000,1.0,1,0.80000000000000004,0.5,,0.0001,0.10000000000000001,2,1,1.1000000000000001,3,1,1,9.9999999999999994e-12,2000,true,converged_projected,0,28,109,8.5794218951384948e-12,0.0101204,cond,bb2
SOPP,srule=bb2,srule,19,P19,10000,1.1,1,0.80000000000000004,0.5,,0.0001,0.10000000000000001,2,1,1.1000000000000001,3,1,1,9.9999999999999994e-12,2000,true,converged_projected,0,35,129,6.0429959647390064e-12,0.010405899999999999,cond,bb2
SOPP,srule=bb2,srule,19,P19,10000,2.0,1,0.80000000000000004,0.5,,0.0001,0.10000000000000001,2,1,1.1000000000000001,3,1,1,9.9999999999999994e-12,2000,false,line_search_failed,0,1,52,31999800.002000701,0.0016949999999999999,cond,bb2
SOPP,srule=bb2,srule,19,P19,10000,5.0,1,0.80000000000000004,0.5,,0.0001,0.10000000000000001,2,1,1.1000000000000001,3,1,1,9.9999999999999994e-12,2000,false,line_search_failed,0,1,52,499999500.00799143,0.0019729999999999999,cond,bb2
SOPP,srule=bb2,srule,19,P19,10000,1/k,1,0.80000000000000004,0.5,,0.0001,0.10000000000000001,2,1,1.1000000000000001,3,1,1,9.9999999999999994e-12,2000,false,maxiter,0,2000,4005,6.2612439038329965e-07,0.64833370000000001,cond,bb2
SOPP,srule=bb2,srule,19,P19,10000,k/n,1,0.80000000000000004,0.5,,0.0001,0.10000000000000001,2,1,1.1000000000000001,3,1,1,9.9999999999999994e-12,2000,false,maxiter,0,2000,4041,8.8770117168386391e-07,0.47085559999999999,cond,bb2
SOPP,srule=bb2,srule,20,P20,10000,0.4,1,0.80000000000000004,0.5,,0.0001,0.10000000000000001,2,1,1.1000000000000001,3,1,1,9.9999999999999994e-12,2000,true,converged_trial,0,28,56,9.347194924638589e-12,0.012485,cond,bb2
SOPP,srule=bb2,srule,20,P20,10000,0.5,1,0.80000000000000004,0.5,,0.0001,0.10000000000000001,2,1,1.1000000000000001,3,1,1,9.9999999999999994e-12,2000,true,converged_projected,0,28,57,7.8254513911242502e-12,0.013776999999999999,cond,bb2
SOPP,srule=bb2,srule,20,P20,10000,0.6,1,0.80000000000000004,0.5,,0.0001,0.10000000000000001,2,1,1.1000000000000001,3,1,1,9.9999999999999994e-12,2000,true,converged_projected,0,28,57,9.4795204492920128e-12,0.0125877,cond,bb2
SOPP,srule=bb2,srule,20,P20,10000,0.8,1,0.80000000000000004,0.5,,0.0001,0.10000000000000001,2,1,1.1000000000000001,3,1,1,9.9999999999999994e-12,2000,true,converged_projected,0,27,55,9.0825438753317689e-12,0.0125532,cond,bb2
SOPP,srule=bb2,srule,20,P20,10000,1.0,1,0.80000000000000004,0.5,,0.0001,0.10000000000000001,2,1,1.1000000000000001,3,1,1,9.9999999999999994e-12,2000,true,converged_trial,0,28,56,7.4284748171643763e-12,0.012733899999999999,cond,bb2
SOPP,srule=bb2,srule,20,P20,10000,1.1,1,0.80000000000000004,0.5,,0.0001,0.10000000000000001,2,1,1.1000000000000001,3,1,1,9.9999999999999994e-12,2000,true,converged_trial,0,28,56,7.0314982432037721e-12,0.012916,cond,bb2
SOPP,srule=bb2,srule,20,P20,10000,2.0,1,0.80000000000000004,0.5,,0.0001,0.10000000000000001,2,1,1.1000000000000001,3,1,1,9.9999999999999994e-12,2000,true,converged_trial,0,28,61,7.8254513911242502e-12,0.0131675,cond,bb2
SOPP,srule=bb2,srule,20,P20,10000,5.0,1,0.80000000000000004,0.5,,0.0001,0.10000000000000001,2,1,1.1000000000000001,3,1,1,9.9999999999999994e-12,2000,true,converged_projected,2,3,8,0,0.0018362000000000001,cond,bb2
SOPP,srule=bb2,srule,20,P20,10000,1/k,1,0.80000000000000004,0.5,,0.0001,0.10000000000000001,2,1,1.1000000000000001,3,1,1,9.9999999999999994e-12,2000,true,converged_trial,2,584,2825,9.8212735061710063e-12,0.74561429999999995,cond,bb2
SOPP,srule=bb2,srule,20,P20,10000,k/n,1,0.80000000000000004,0.5,,0.0001,0.10000000000000001,2,1,1.1000000000000001,3,1,1,9.9999999999999994e-12,2000,true,converged_trial,0,32,64,9.1218625993561634e-12,0.0135865,cond,bb2
SOPP,srule=abb,srule,1,P1,10000,0.4,1,0.80000000000000004,0.5,,0.0001,0.10000000000000001,2,1,1.1000000000000001,3,1,1,9.9999999999999994e-12,2000,true,converged_trial,0,50,100,8.8839532348795958e-12,0.0130165,cond,abb
SOPP,srule=abb,srule,1,P1,10000,0.5,1,0.80000000000000004,0.5,,0.0001,0.10000000000000001,2,1,1.1000000000000001,3,1,1,9.9999999999999994e-12,2000,true,converged_projected,0,50,101,8.0393886936969756e-12,0.0124534,cond,abb
SOPP,srule=abb,srule,1,P1,10000,0.6,1,0.80000000000000004,0.5,,0.0001,0.10000000000000001,2,1,1.1000000000000001,3,1,1,9.9999999999999994e-12,2000,true,converged_projected,0,50,101,9.4903863445762198e-12,0.012200300000000001,cond,abb
SOPP,srule=abb,srule,1,P1,10000,0.8,1,0.80000000000000004,0.5,,0.0001,0.10000000000000001,2,1,1.1000000000000001,3,1,1,9.9999999999999994e-12,2000,true,converged_trial,0,51,102,9.0742614887020459e-12,0.0120628,cond,abb
SOPP,srule=abb,srule,1,P1,10000,1.0,1,0.80000000000000004,0.5,,0.0001,0.10000000000000001,2,1,1.1000000000000001,3,1,1,9.9999999999999994e-12,2000,true,converged_projected,0,51,103,7.8031782440776042e-12,0.027422100000000001,cond,abb
SOPP,srule=abb,srule,1,P1,10000,1.1,1,0.80000000000000004,0.5,,0.0001,0.10000000000000001,2,1,1.1000000000000001,3,1,1,9.9999999999999994e-12,2000,true,converged_projected,0,51,103,8.2435316980092787e-12,0.013927699999999999,cond,abb
SOPP,srule=abb,srule,1,P1,10000,2.0,1,0.80000000000000004,0.5,,0.0001,0.10000000000000001,2,1,1.1000000000000001,3,1,1,9.9999999999999994e-12,2000,true,converged_trial,0,51,102,9.3273174042733887e-12,0.0133411,cond,abb
SOPP,srule=abb,srule,1,P1,10000,5.0,1,0.80000000000000004,0.5,,0.0001,0.10000000000000001,2,1,1.1000000000000001,3,1,1,9.9999999999999994e-12,2000,true,converged_projected,0,50,102,7.7635688885523175e-12,0.013979999999999999,cond,abb
SOPP,srule=abb,srule,1,P1,10000,1/k,1,0.80000000000000004,0.5,,0.0001,0.10000000000000001,2,1,1.1000000000000001,3,1,1,9.9999999999999994e-12,2000,true,converged_trial,0,44,88,9.7830104682096221e-12,0.0117812,cond,abb
SOPP,srule=abb,srule,1,P1,10000,k/n,1,0.80000000000000004,0.5,,0.0001,0.10000000000000001,2,1,1.1000000000000001,3,1,1,9.9999999999999994e-12,2000,true,converged_projected,0,50,101,8.8765419902938643e-12,0.013291900000000001,cond,abb
SOPP,srule=abb,srule,2,P2,10000,0.4,1,0.80000000000000004,0.5,,0.0001,0.10000000000000001,2,1,1.1000000000000001,3,1,1,9.9999999999999994e-12,2000,true,converged_projected,0,50,101,7.5931668976944868e-12,0.014589899999999999,cond,abb
SOPP,srule=abb,srule,2,P2,10000,0.5,1,0.80000000000000004,0.5,,0.0001,0.10000000000000001,2,1,1.1000000000000001,3,1,1,9.9999999999999994e-12,2000,true,converged_projected,0,50,101,9.6801758831059028e-12,0.013273399999999999,cond,abb
SOPP,srule=abb,srule,2,P2,10000,0.6,1,0.80000000000000004,0.5,,0.0001,0.10000000000000001,2,1,1.1000000000000001,3,1,1,9.9999999999999994e-12,2000,true,converged_trial,0,51,102,8.9030985383710683e-12,0.0142227,cond,abb
SOPP,srule=abb,srule,2,P2,10000,0.8,1,0.80000000000000004,0.5,,0.0001,0.10000000000000001,2,1,1.1000000000000001,3,1,1,9.9999999999999994e-12,2000,true,converged_projected,0,51,103,9.0363107601296133e-12,0.014441799999999999,cond,abb
SOPP,srule=abb,srule,2,P2,10000,1.0,1,0.80000000000000004,0.5,,0.0001,0.10000000000000001,2,1,1.1000000000000001,3,1,1,9.9999999999999994e-12,2000,true,converged_trial,0,52,104,8.7698853114547059e-12,0.015266099999999999,cond,abb
SOPP,srule=abb,srule,2,P2,10000,1.1,1,0.80000000000000004,0.5,,0.0001,0.10000000000000001,2,1,1.1000000000000001,3,1,1,9.9999999999999994e-12,2000,true,converged_trial,0,52,104,9.7911875841985188e-12,0.0137991,cond,abb
SOPP,srule=abb,srule,2,P2,10000,2.0,1,0.80000000000000004,0.5,,0.0001,0.10000000000000001,2,1,1.1000000000000001,3,1,1,9.9999999999999994e-12,2000,true,converged_projected,0,53,107,8.2592332086382285e-12,0.0165871,cond,abb
SOPP,srule=abb,srule,2,P2,10000,5.0,1,0.80000000000000004,0.5,,0.0001,0.10000000000000001,2,1,1.1000000000000001,3,1,1,9.9999999999999994e-12,2000,true,converged_trial,0,56,112,7.6819742398328794e-12,0.015531100000000001,cond,abb
SOPP,srule=abb,srule,2,P2,10000,1/k,1,0.80000000000000004,0.5,,0.0001,0.10000000000000001,2,1,1.1000000000000001,3,1,1,9.9999999999999994e-12,2000,true,converged_projected,0,44,89,9.558502894864188e-12,0.012575899999999999,cond,abb
SOPP,srule=abb,srule,2,P2,10000,k/n,1,0.80000000000000004,0.5,,0.0001,0.10000000000000001,2,1,1.1000000000000001,3,1,1,9.9999999999999994e-12,2000,true,converged_trial,0,51,102,8.8601652291885388e-12,0.0148957,cond,abb
SOPP,srule=abb,srule,3,P3,10000,0.4,1,0.80000000000000004,0.5,,0.0001,0.10000000000000001,2,1,1.1000000000000001,3,1,1,9.9999999999999994e-12,2000,true,converged_projected,0,49,99,9.2814644858663087e-12,0.0136629,cond,abb
SOPP,srule=abb,srule,3,P3,10000,0.5,1,0.80000000000000004,0.5,,0.0001,0.10000000000000001,2,1,1.1000000000000001,3,1,1,9.9999999999999994e-12,2000,true,converged_trial,0,50,100,7.7937656328685989e-12,0.015480600000000001,cond,abb
SOPP,srule=abb,srule,3,P3,10000,0.6,1,0.80000000000000004,0.5,,0.0001,0.10000000000000001,2,1,1.1000000000000001,3,1,1,9.9999999999999994e-12,2000,true,converged_trial,0,50,100,8.1712414612411521e-12,0.016301,cond,abb
SOPP,srule=abb,srule,3,P3,10000,0.8,1,0.80000000000000004,0.5,,0.0001,0.10000000000000001,2,1,1.1000000000000001,3,1,1,9.9999999999999994e-12,2000,true,converged_projected,0,49,99,9.4813046302988369e-12,0.0133898,cond,abb
SOPP,srule=abb,srule,3,P3,10000,1.0,1,0.80000000000000004,0.5,,0.0001,0.10000000000000001,2,1,1.1000000000000001,3,1,1,9.9999999999999994e-12,2000,true,converged_projected,0,48,97,7.5939254884360707e-12,0.0118254,cond,abb
SOPP,srule=abb,srule,3,P3,10000,1.1,1,0.80000000000000004,0.5,,0.0001,0.10000000000000001,2,1,1.1000000000000001,3,1,1,9.9999999999999994e-12,2000,true,converged_projected,0,1,3,0,0.00027960000000000002,cond,abb
SOPP,srule=abb,srule,3,P3,10000,2.0,1,0.80000000000000004,0.5,,0.0001,0.10000000000000001,2,1,1.1000000000000001,3,1,1,9.9999999999999994e-12,2000,true,converged_projected,0,50,104,9.5701224722688494e-12,0.0123161,cond,abb
SOPP,srule=abb,srule,3,P3,10000,5.0,1,0.80000000000000004,0.5,,0.0001,0.10000000000000001,2,1,1.1000000000000001,3,1,1,9.9999999999999994e-12,2000,true,converged_projected,0,52,118,9.3480778673438181e-12,0.013436200000000001,cond,abb
SOPP,srule=abb,srule,3,P3,10000,1/k,1,0.80000000000000004,0.5,,0.0001,0.10000000000000001,2,1,1.1000000000000001,3,1,1,9.9999999999999994e-12,2000,true,converged_projected,0,45,91,9.2049197755899464e-12,0.011816399999999999,cond,abb
SOPP,srule=abb,srule,3,P3,10000,k/n,1,0.80000000000000004,0.5,,0.0001,0.10000000000000001,2,1,1.1000000000000001,3,1,1,9.9999999999999994e-12,2000,true,converged_trial,0,51,102,9.3640320527853482e-12,0.013835399999999999,cond,abb
SOPP,srule=abb,srule,4,P4,10000,0.4,1,0.80000000000000004,0.5,,0.0001,0.10000000000000001,2,1,1.1000000000000001,3,1,1,9.9999999999999994e-12,2000,true,converged_projected,0,30,63,8.4079170329213646e-12,0.0057800999999999998,cond,abb
SOPP,srule=abb,srule,4,P4,10000,0.5,1,0.80000000000000004,0.5,,0.0001,0.10000000000000001,2,1,1.1000000000000001,3,1,1,9.9999999999999994e-12,2000,true,converged_trial,0,110,239,6.9560192242102594e-12,0.023521199999999999,cond,abb
SOPP,srule=abb,srule,4,P4,10000,0.6,1,0.80000000000000004,0.5,,0.0001,0.10000000000000001,2,1,1.1000000000000001,3,1,1,9.9999999999999994e-12,2000,true,converged_trial,0,231,613,7.6200139363419785e-12,0.2314107,cond,abb
SOPP,srule=abb,srule,4,P4,10000,0.8,1,0.80000000000000004,0.5,,0.0001,0.10000000000000001,2,1,1.1000000000000001,3,1,1,9.9999999999999994e-12,2000,true,converged_trial,0,241,637,8.3317828269207322e-12,0.083611699999999997,cond,abb
SOPP,srule=abb,srule,4,P4,10000,1.0,1,0.80000000000000004,0.5,,0.0001,0.10000000000000001,2,1,1.1000000000000001,3,1,1,9.9999999999999994e-12,2000,true,converged_trial,0,243,636,7.5952466632785519e-12,0.0708511,cond,abb
SOPP,srule=abb,srule,4,P4,10000,1.1,1,0.80000000000000004,0.5,,0.0001,0.10000000000000001,2,1,1.1000000000000001,3,1,1,9.9999999999999994e-12,2000,true,converged_trial,0,247,644,6.8911376874156635e-12,0.059460100000000002,cond,abb
SOPP,srule=abb,srule,4,P4,10000,2.0,1,0.80000000000000004,0.5,,0.0001,0.10000000000000001,2,1,1.1000000000000001,3,1,1,9.9999999999999994e-12,2000,true,converged_trial,0,155,356,9.712509509731947e-12,0.033103,cond,abb
SOPP,srule=abb,srule,4,P4,10000,5.0,1,0.80000000000000004,0.5,,0.0001,0.10000000000000001,2,1,1.1000000000000001,3,1,1,9.9999999999999994e-12,2000,false,maxiter,3,2000,57620,9646428.2856256869,3.1892212999999998,cond,abb
SOPP,srule=abb,srule,4,P4,10000,1/k,1,0.80000000000000004,0.5,,0.0001,0.10000000000000001,2,1,1.1000000000000001,3,1,1,9.9999999999999994e-12,2000,true,converged_trial,0,103,250,7.5982513370256804e-12,0.1909855,cond,abb
SOPP,srule=abb,srule,4,P4,10000,k/n,1,0.80000000000000004,0.5,,0.0001,0.10000000000000001,2,1,1.1000000000000001,3,1,1,9.9999999999999994e-12,2000,true,converged_trial,0,610,1831,9.9632765113000577e-12,0.22503409999999999,cond,abb
SOPP,srule=abb,srule,5,P5,10000,0.4,1,0.80000000000000004,0.5,,0.0001,0.10000000000000001,2,1,1.1000000000000001,3,1,1,9.9999999999999994e-12,2000,true,converged_trial,0,53,106,8.7041485130612273e-12,0.027481100000000001,cond,abb
SOPP,srule=abb,srule,5,P5,10000,0.5,1,0.80000000000000004,0.5,,0.0001,0.10000000000000001,2,1,1.1000000000000001,3,1,1,9.9999999999999994e-12,2000,true,converged_trial,0,53,106,8.3488771451811772e-12,0.025663499999999999,cond,abb
SOPP,srule=abb,srule,5,P5,10000,0.6,1,0.80000000000000004,0.5,,0.0001,0.10000000000000001,2,1,1.1000000000000001,3,1,1,9.9999999999999994e-12,2000,true,converged_trial,0,53,106,8.0380146982861334e-12,0.019617599999999999,cond,abb
SOPP,srule=abb,srule,5,P5,10000,0.8,1,0.80000000000000004,0.5,,0.0001,0.10000000000000001,2,1,1.1000000000000001,3,1,1,9.9999999999999994e-12,2000,true,converged_projected,0,52,105,9.6367358537463588e-12,0.021480099999999999,cond,abb
SOPP,srule=abb,srule,5,P5,10000,1.0,1,0.80000000000000004,0.5,,0.0001,0.10000000000000001,2,1,1.1000000000000001,3,1,1,9.9999999999999994e-12,2000,true,converged_projected,0,52,105,8.7041663219266282e-12,0.0209734,cond,abb
SOPP,srule=abb,srule,5,P5,10000,1.1,1,0.80000000000000004,0.5,,0.0001,0.10000000000000001,2,1,1.1000000000000001,3,1,1,9.9999999999999994e-12,2000,true,converged_projected,0,52,105,8.1268325402561459e-12,0.0187856,cond,abb
SOPP,srule=abb,srule,5,P5,10000,2.0,1,0.80000000000000004,0.5,,0.0001,0.10000000000000001,2,1,1.1000000000000001,3,1,1,9.9999999999999994e-12,2000,true,converged_trial,0,51,102,9.0150109599562711e-12,0.022829599999999999,cond,abb
SOPP,srule=abb,srule,5,P5,10000,5.0,1,0.80000000000000004,0.5,,0.0001,0.10000000000000001,2,1,1.1000000000000001,3,1,1,9.9999999999999994e-12,2000,true,converged_trial,0,53,106,8.6153306710912148e-12,0.02172,cond,abb
SOPP,srule=abb,srule,5,P5,10000,1/k,1,0.80000000000000004,0.5,,0.0001,0.10000000000000001,2,1,1.1000000000000001,3,1,1,9.9999999999999994e-12,2000,true,converged_projected,0,53,107,7.5029995032844801e-12,0.021645299999999999,cond,abb
SOPP,srule=abb,srule,5,P5,10000,k/n,1,0.80000000000000004,0.5,,0.0001,0.10000000000000001,2,1,1.1000000000000001,3,1,1,9.9999999999999994e-12,2000,true,converged_trial,0,53,106,8.4469271322564805e-12,0.020747999999999999,cond,abb
SOPP,srule=abb,srule,6,P6,10000,0.4,1,0.80000000000000004,0.5,,0.0001,0.10000000000000001,2,1,1.1000000000000001,3,1,1,9.9999999999999994e-12,2000,true,converged_projected,0,31,63,8.3932860661661834e-12,0.0077577999999999996,cond,abb
SOPP,srule=abb,srule,6,P6,10000,0.5,1,0.80000000000000004,0.5,,0.0001,0.10000000000000001,2,1,1.1000000000000001,3,1,1,9.9999999999999994e-12,2000,true,converged_projected,0,28,57,8.3710816056736803e-12,0.0071311999999999999,cond,abb
SOPP,srule=abb,srule,6,P6,10000,0.6,1,0.80000000000000004,0.5,,0.0001,0.10000000000000001,2,1,1.1000000000000001,3,1,1,9.9999999999999994e-12,2000,true,converged_projected,0,30,61,6.3060667798708891e-12,0.0088503999999999996,cond,abb
SOPP,srule=abb,srule,6,P6,10000,0.8,1,0.80000000000000004,0.5,,0.0001,0.10000000000000001,2,1,1.1000000000000001,3,1,1,9.9999999999999994e-12,2000,true,converged_projected,0,31,63,7.5495165674510645e-12,0.0077279000000000002,cond,abb
SOPP,srule=abb,srule,6,P6,10000,1.0,1,0.80000000000000004,0.5,,0.0001,0.10000000000000001,2,1,1.1000000000000001,3,1,1,9.9999999999999994e-12,2000,true,converged_projected,0,33,67,7.3940853440035426e-12,0.0094187000000000003,cond,abb
SOPP,srule=abb,srule,6,P6,10000,1.1,1,0.80000000000000004,0.5,,0.0001,0.10000000000000001,2,1,1.1000000000000001,3,1,1,9.9999999999999994e-12,2000,true,converged_trial,0,34,68,8.2156503822261584e-12,0.0084828999999999998,cond,abb
SOPP,srule=abb,srule,6,P6,10000,2.0,1,0.80000000000000004,0.5,,0.0001,0.10000000000000001,2,1,1.1000000000000001,3,1,1,9.9999999999999994e-12,2000,true,converged_projected,0,36,73,6.794564910705958e-12,0.0100748,cond,abb
SOPP,srule=abb,srule,6,P6,10000,5.0,1,0.80000000000000004,0.5,,0.0001,0.10000000000000001,2,1,1.1000000000000001,3,1,1,9.9999999999999994e-12,2000,true,converged_projected,0,37,75,6.3504757008558954e-12,0.0093498000000000001,cond,abb
SOPP,srule=abb,srule,6,P6,10000,1/k,1,0.80000000000000004,0.5,,0.0001,0.10000000000000001,2,1,1.1000000000000001,3,1,1,9.9999999999999994e-12,2000,true,converged_trial,0,122,244,8.7414959284653475e-12,0.032446999999999997,cond,abb
SOPP,srule=abb,srule,6,P6,10000,k/n,1,0.80000000000000004,0.5,,0.0001,0.10000000000000001,2,1,1.1000000000000001,3,1,1,9.9999999999999994e-12,2000,true,converged_trial,0,74,148,9.2085853198749971e-12,0.020129399999999999,cond,abb
SOPP,srule=abb,srule,8,P8,10000,0.4,1,0.80000000000000004,0.5,,0.0001,0.10000000000000001,2,1,1.1000000000000001,3,1,1,9.9999999999999994e-12,2000,true,converged_trial,0,412,1470,9.8104677917365738e-12,0.094593999999999998,cond,abb
SOPP,srule=abb,srule,8,P8,10000,0.5,1,0.80000000000000004,0.5,,0.0001,0.10000000000000001,2,1,1.1000000000000001,3,1,1,9.9999999999999994e-12,2000,true,converged_trial,0,396,2032,9.537467464057106e-12,0.1109922,cond,abb
SOPP,srule=abb,srule,8,P8,10000,0.6,1,0.80000000000000004,0.5,,0.0001,0.10000000000000001,2,1,1.1000000000000001,3,1,1,9.9999999999999994e-12,2000,true,converged_trial,0,305,770,9.5838616397075278e-12,0.24210490000000001,cond,abb
SOPP,srule=abb,srule,8,P8,10000,0.8,1,0.80000000000000004,0.5,,0.0001,0.10000000000000001,2,1,1.1000000000000001,3,1,1,9.9999999999999994e-12,2000,true,converged_trial,0,304,949,9.5155654554764969e-12,0.12220399999999999,cond,abb
SOPP,srule=abb,srule,8,P8,10000,1.0,1,0.80000000000000004,0.5,,0.0001,0.10000000000000001,2,1,1.1000000000000001,3,1,1,9.9999999999999994e-12,2000,true,converged_trial,0,366,1168,9.9664849337592059e-12,0.1023626,cond,abb
SOPP,srule=abb,srule,8,P8,10000,1.1,1,0.80000000000000004,0.5,,0.0001,0.10000000000000001,2,1,1.1000000000000001,3,1,1,9.9999999999999994e-12,2000,true,converged_trial,0,359,1060,9.4534339402179288e-12,0.076463100000000006,cond,abb
SOPP,srule=abb,srule,8,P8,10000,2.0,1,0.80000000000000004,0.5,,0.0001,0.10000000000000001,2,1,1.1000000000000001,3,1,1,9.9999999999999994e-12,2000,true,converged_trial,0,323,913,9.7358039260702736e-12,0.068184900000000007,cond,abb
SOPP,srule=abb,srule,8,P8,10000,5.0,1,0.80000000000000004,0.5,,0.0001,0.10000000000000001,2,1,1.1000000000000001,3,1,1,9.9999999999999994e-12,2000,true,converged_trial,0,358,1097,9.4170630253514193e-12,0.079063099999999997,cond,abb
SOPP,srule=abb,srule,8,P8,10000,1/k,1,0.80000000000000004,0.5,,0.0001,0.10000000000000001,2,1,1.1000000000000001,3,1,1,9.9999999999999994e-12,2000,true,converged_trial,0,468,1806,9.608088573736886e-12,0.113723,cond,abb
SOPP,srule=abb,srule,8,P8,10000,k/n,1,0.80000000000000004,0.5,,0.0001,0.10000000000000001,2,1,1.1000000000000001,3,1,1,9.9999999999999994e-12,2000,true,converged_trial,0,417,1546,9.9319262403076294e-12,0.285138,cond,abb
SOPP,srule=abb,srule,10,P10,10000,0.4,1,0.80000000000000004,0.5,,0.0001,0.10000000000000001,2,1,1.1000000000000001,3,1,1,9.9999999999999994e-12,2000,true,converged_projected,0,34,69,8.3710816056736803e-12,0.0057771000000000003,cond,abb
SOPP,srule=abb,srule,10,P10,10000,0.5,1,0.80000000000000004,0.5,,0.0001,0.10000000000000001,2,1,1.1000000000000001,3,1,1,9.9999999999999994e-12,2000,true,converged_projected,0,32,65,6.3726801613483985e-12,0.0068900000000000003,cond,abb
SOPP,srule=abb,srule,10,P10,10000,0.6,1,0.80000000000000004,0.5,,0.0001,0.10000000000000001,2,1,1.1000000000000001,3,1,1,9.9999999999999994e-12,2000,true,converged_projected,0,33,67,9.170442183403793e-12,0.010079299999999999,cond,abb
SOPP,srule=abb,srule,10,P10,10000,0.8,1,0.80000000000000004,0.5,,0.0001,0.10000000000000001,2,1,1.1000000000000001,3,1,1,9.9999999999999994e-12,2000,true,converged_projected,0,34,69,8.1934459217336553e-12,0.0121669,cond,abb
SOPP,srule=abb,srule,10,P10,10000,1.0,1,0.80000000000000004,0.5,,0.0001,0.10000000000000001,2,1,1.1000000000000001,3,1,1,9.9999999999999994e-12,2000,true,converged_projected,0,34,69,9.170442183403793e-12,0.031532200000000003,cond,abb
SOPP,srule=abb,srule,10,P10,10000,1.1,1,0.80000000000000004,0.5,,0.0001,0.10000000000000001,2,1,1.1000000000000001,3,1,1,9.9999999999999994e-12,2000,true,converged_projected,0,34,69,8.5487172896137054e-12,0.0124896,cond,abb
SOPP,srule=abb,srule,10,P10,10000,2.0,1,0.80000000000000004,0.5,,0.0001,0.10000000000000001,2,1,1.1000000000000001,3,1,1,9.9999999999999994e-12,2000,true,converged_projected,0,28,58,6.2172489379008766e-12,0.0090483000000000004,cond,abb
SOPP,srule=abb,srule,10,P10,10000,5.0,1,0.80000000000000004,0.5,,0.0001,0.10000000000000001,2,1,1.1000000000000001,3,1,1,9.9999999999999994e-12,2000,true,converged_projected,8,41,83,6.4837024638109142e-12,0.012925499999999999,cond,abb
SOPP,srule=abb,srule,10,P10,10000,1/k,1,0.80000000000000004,0.5,,0.0001,0.10000000000000001,2,1,1.1000000000000001,3,1,1,9.9999999999999994e-12,2000,true,converged_trial,6,46,92,7.5210514971835968e-12,0.0135861,cond,abb
SOPP,srule=abb,srule,10,P10,10000,k/n,1,0.80000000000000004,0.5,,0.0001,0.10000000000000001,2,1,1.1000000000000001,3,1,1,9.9999999999999994e-12,2000,true,converged_trial,0,37,74,6.8039780883435008e-12,0.011544799999999999,cond,abb
SOPP,srule=abb,srule,11,P11,10000,0.4,1,0.80000000000000004,0.5,,0.0001,0.10000000000000001,2,1,1.1000000000000001,3,1,1,9.9999999999999994e-12,2000,true,converged_trial,0,56,112,9.6733701586294334e-12,0.022960399999999999,cond,abb
SOPP,srule=abb,srule,11,P11,10000,0.5,1,0.80000000000000004,0.5,,0.0001,0.10000000000000001,2,1,1.1000000000000001,3,1,1,9.9999999999999994e-12,2000,true,converged_trial,0,56,112,9.4081898572873061e-12,0.012586699999999999,cond,abb
SOPP,srule=abb,srule,11,P11,10000,0.6,1,0.80000000000000004,0.5,,0.0001,0.10000000000000001,2,1,1.1000000000000001,3,1,1,9.9999999999999994e-12,2000,true,converged_trial,0,56,112,9.2510816623734777e-12,0.018153699999999998,cond,abb
SOPP,srule=abb,srule,11,P11,10000,0.8,1,0.80000000000000004,0.5,,0.0001,0.10000000000000001,2,1,1.1000000000000001,3,1,1,9.9999999999999994e-12,2000,true,converged_trial,0,56,112,8.8811967079151494e-12,0.021596199999999999,cond,abb
SOPP,srule=abb,srule,11,P11,10000,1.0,1,0.80000000000000004,0.5,,0.0001,0.10000000000000001,2,1,1.1000000000000001,3,1,1,9.9999999999999994e-12,2000,true,converged_trial,0,56,112,8.5027629202272301e-12,0.013220600000000001,cond,abb
SOPP,srule=abb,srule,11,P11,10000,1.1,1,0.80000000000000004,0.5,,0.0001,0.10000000000000001,2,1,1.1000000000000001,3,1,1,9.9999999999999994e-12,2000,true,converged_trial,0,56,112,8.7791039369367509e-12,0.0153499,cond,abb
SOPP,srule=abb,srule,11,P11,10000,2.0,1,0.80000000000000004,0.5,,0.0001,0.10000000000000001,2,1,1.1000000000000001,3,1,1,9.9999999999999994e-12,2000,true,converged_trial,0,61,127,8.6093860534422629e-12,0.016577100000000001,cond,abb
SOPP,srule=abb,srule,11,P11,10000,5.0,1,0.80000000000000004,0.5,,0.0001,0.10000000000000001,2,1,1.1000000000000001,3,1,1,9.9999999999999994e-12,2000,true,converged_projected,0,86,434,9.3108722862038706e-12,0.037425800000000002,cond,abb
SOPP,srule=abb,srule,11,P11,10000,1/k,1,0.80000000000000004,0.5,,0.0001,0.10000000000000001,2,1,1.1000000000000001,3,1,1,9.9999999999999994e-12,2000,true,converged_trial,0,56,112,8.4832632294369243e-12,0.0137381,cond,abb
SOPP,srule=abb,srule,11,P11,10000,k/n,1,0.80000000000000004,0.5,,0.0001,0.10000000000000001,2,1,1.1000000000000001,3,1,1,9.9999999999999994e-12,2000,true,converged_projected,0,57,115,7.3620510012213926e-12,0.014505199999999999,cond,abb
SOPP,srule=abb,srule,12,P12,10000,0.4,1,0.80000000000000004,0.5,,0.0001,0.10000000000000001,2,1,1.1000000000000001,3,1,1,9.9999999999999994e-12,2000,true,converged_projected,0,30,61,6.3282712403633923e-12,0.0086189999999999999,cond,abb
SOPP,srule=abb,srule,12,P12,10000,0.5,1,0.80000000000000004,0.5,,0.0001,0.10000000000000001,2,1,1.1000000000000001,3,1,1,9.9999999999999994e-12,2000,true,converged_projected,0,28,57,8.3655304905505545e-12,0.0075862000000000004,cond,abb
SOPP,srule=abb,srule,12,P12,10000,0.6,1,0.80000000000000004,0.5,,0.0001,0.10000000000000001,2,1,1.1000000000000001,3,1,1,9.9999999999999994e-12,2000,true,converged_projected,0,31,63,8.3877349510430577e-12,0.0090694999999999994,cond,abb
SOPP,srule=abb,srule,12,P12,10000,0.8,1,0.80000000000000004,0.5,,0.0001,0.10000000000000001,2,1,1.1000000000000001,3,1,1,9.9999999999999994e-12,2000,true,converged_trial,0,33,66,9.5978780478844783e-12,0.0098373999999999996,cond,abb
SOPP,srule=abb,srule,12,P12,10000,1.0,1,0.80000000000000004,0.5,,0.0001,0.10000000000000001,2,1,1.1000000000000001,3,1,1,9.9999999999999994e-12,2000,true,converged_trial,0,34,68,7.8659301294692341e-12,0.0089443999999999999,cond,abb
SOPP,srule=abb,srule,12,P12,10000,1.1,1,0.80000000000000004,0.5,,0.0001,0.10000000000000001,2,1,1.1000000000000001,3,1,1,9.9999999999999994e-12,2000,true,converged_projected,0,34,69,6.872280522429719e-12,0.0103491,cond,abb
SOPP,srule=abb,srule,12,P12,10000,2.0,1,0.80000000000000004,0.5,,0.0001,0.10000000000000001,2,1,1.1000000000000001,3,1,1,9.9999999999999994e-12,2000,true,converged_projected,0,34,69,8.9650509238481391e-12,0.0087033000000000006,cond,abb
SOPP,srule=abb,srule,12,P12,10000,5.0,1,0.80000000000000004,0.5,,0.0001,0.10000000000000001,2,1,1.1000000000000001,3,1,1,9.9999999999999994e-12,2000,true,converged_projected,0,37,75,6.5614180755346752e-12,0.0089987999999999995,cond,abb
SOPP,srule=abb,srule,12,P12,10000,1/k,1,0.80000000000000004,0.5,,0.0001,0.10000000000000001,2,1,1.1000000000000001,3,1,1,9.9999999999999994e-12,2000,true,converged_projected,0,34,69,6.3669992855301572e-12,0.0098613999999999993,cond,abb
SOPP,srule=abb,srule,12,P12,10000,k/n,1,0.80000000000000004,0.5,,0.0001,0.10000000000000001,2,1,1.1000000000000001,3,1,1,9.9999999999999994e-12,2000,true,converged_trial,0,42,84,7.4642911048567002e-12,0.011753,cond,abb
SOPP,srule=abb,srule,13,P13,10000,0.4,1,0.80000000000000004,0.5,,0.0001,0.10000000000000001,2,1,1.1000000000000001,3,1,1,9.9999999999999994e-12,2000,true,converged_projected,0,25,53,7.1165295878472534e-12,0.0071894000000000003,cond,abb
SOPP,srule=abb,srule,13,P13,10000,0.5,1,0.80000000000000004,0.5,,0.0001,0.10000000000000001,2,1,1.1000000000000001,3,1,1,9.9999999999999994e-12,2000,true,converged_trial,0,25,52,8.915090887740007e-12,0.0063613999999999997,cond,abb
SOPP,srule=abb,srule,13,P13,10000,0.6,1,0.80000000000000004,0.5,,0.0001,0.10000000000000001,2,1,1.1000000000000001,3,1,1,9.9999999999999994e-12,2000,true,converged_projected,0,25,53,7.7937656328685989e-12,0.0067463999999999996,cond,abb
SOPP,srule=abb,srule,13,P13,10000,0.8,1,0.80000000000000004,0.5,,0.0001,0.10000000000000001,2,1,1.1000000000000001,3,1,1,9.9999999999999994e-12,2000,true,converged_projected,0,27,57,6.4392935428259079e-12,0.0072423000000000001,cond,abb
SOPP,srule=abb,srule,13,P13,10000,1.0,1,0.80000000000000004,0.5,,0.0001,0.10000000000000001,2,1,1.1000000000000001,3,1,1,9.9999999999999994e-12,2000,true,converged_trial,0,28,58,8.8373752760162461e-12,0.0073358,cond,abb
SOPP,srule=abb,srule,13,P13,10000,1.1,1,0.80000000000000004,0.5,,0.0001,0.10000000000000001,2,1,1.1000000000000001,3,1,1,9.9999999999999994e-12,2000,true,converged_trial,0,29,60,6.3726801613483985e-12,0.0073140999999999996,cond,abb
SOPP,srule=abb,srule,13,P13,10000,2.0,1,0.80000000000000004,0.5,,0.0001,0.10000000000000001,2,1,1.1000000000000001,3,1,1,9.9999999999999994e-12,2000,true,converged_projected,0,28,57,8.8706819667550008e-12,0.0072956000000000002,cond,abb
SOPP,srule=abb,srule,13,P13,10000,5.0,1,0.80000000000000004,0.5,,0.0001,0.10000000000000001,2,1,1.1000000000000001,3,1,1,9.9999999999999994e-12,2000,true,converged_projected,0,28,58,9.758860386455126e-12,0.0072965,cond,abb
SOPP,srule=abb,srule,13,P13,10000,1/k,1,0.80000000000000004,0.5,,0.0001,0.10000000000000001,2,1,1.1000000000000001,3,1,1,9.9999999999999994e-12,2000,true,converged_trial,0,284,849,9.5878988944811363e-12,0.094068600000000002,cond,abb
SOPP,srule=abb,srule,13,P13,10000,k/n,1,0.80000000000000004,0.5,,0.0001,0.10000000000000001,2,1,1.1000000000000001,3,1,1,9.9999999999999994e-12,2000,true,converged_trial,0,304,911,9.4558138072219338e-12,0.10311090000000001,cond,abb
SOPP,srule=abb,srule,14,P14,10000,0.4,1,0.80000000000000004,0.5,,0.0001,0.10000000000000001,2,1,1.1000000000000001,3,1,1,9.9999999999999994e-12,2000,true,converged_projected,0,26,55,7.1831429693247628e-12,0.0067442999999999999,cond,abb
SOPP,srule=abb,srule,14,P14,10000,0.5,1,0.80000000000000004,0.5,,0.0001,0.10000000000000001,2,1,1.1000000000000001,3,1,1,9.9999999999999994e-12,2000,true,converged_trial,0,25,52,6.5725203057809267e-12,0.0069829000000000002,cond,abb
SOPP,srule=abb,srule,14,P14,10000,0.6,1,0.80000000000000004,0.5,,0.0001,0.10000000000000001,2,1,1.1000000000000001,3,1,1,9.9999999999999994e-12,2000,true,converged_projected,0,24,51,6.2727600891321345e-12,0.0067346000000000003,cond,abb
SOPP,srule=abb,srule,14,P14,10000,0.8,1,0.80000000000000004,0.5,,0.0001,0.10000000000000001,2,1,1.1000000000000001,3,1,1,9.9999999999999994e-12,2000,true,converged_projected,0,26,55,5.4178883601707639e-12,0.0067872999999999996,cond,abb
SOPP,srule=abb,srule,14,P14,10000,1.0,1,0.80000000000000004,0.5,,0.0001,0.10000000000000001,2,1,1.1000000000000001,3,1,1,9.9999999999999994e-12,2000,true,converged_projected,0,27,57,6.283862319378386e-12,0.0072468000000000003,cond,abb
SOPP,srule=abb,srule,14,P14,10000,1.1,1,0.80000000000000004,0.5,,0.0001,0.10000000000000001,2,1,1.1000000000000001,3,1,1,9.9999999999999994e-12,2000,true,converged_trial,0,28,57,8.0047080075473787e-12,0.0078913999999999998,cond,abb
SOPP,srule=abb,srule,14,P14,10000,2.0,1,0.80000000000000004,0.5,,0.0001,0.10000000000000001,2,1,1.1000000000000001,3,1,1,9.9999999999999994e-12,2000,true,converged_trial,0,31,67,9.0705221111875289e-12,0.0084121000000000005,cond,abb
SOPP,srule=abb,srule,14,P14,10000,5.0,1,0.80000000000000004,0.5,,0.0001,0.10000000000000001,2,1,1.1000000000000001,3,1,1,9.9999999999999994e-12,2000,true,converged_trial,0,28,57,7.4051875742497941e-12,0.0087483999999999999,cond,abb
SOPP,srule=abb,srule,14,P14,10000,1/k,1,0.80000000000000004,0.5,,0.0001,0.10000000000000001,2,1,1.1000000000000001,3,1,1,9.9999999999999994e-12,2000,true,converged_projected,0,28,59,9.9207910263662988e-12,0.0073708999999999997,cond,abb
SOPP,srule=abb,srule,14,P14,10000,k/n,1,0.80000000000000004,0.5,,0.0001,0.10000000000000001,2,1,1.1000000000000001,3,1,1,9.9999999999999994e-12,2000,true,converged_trial,0,415,1246,9.7516564439388939e-12,0.32986720000000003,cond,abb
SOPP,srule=abb,srule,15,P15,10000,0.4,1,0.80000000000000004,0.5,,0.0001,0.10000000000000001,2,1,1.1000000000000001,3,1,1,9.9999999999999994e-12,2000,true,converged_projected,0,1,8,0,0.0015912000000000001,cond,abb
SOPP,srule=abb,srule,15,P15,10000,0.5,1,0.80000000000000004,0.5,,0.0001,0.10000000000000001,2,1,1.1000000000000001,3,1,1,9.9999999999999994e-12,2000,true,converged_projected,0,1,8,0,0.0015280000000000001,cond,abb
SOPP,srule=abb,srule,15,P15,10000,0.6,1,0.80000000000000004,0.5,,0.0001,0.10000000000000001,2,1,1.1000000000000001,3,1,1,9.9999999999999994e-12,2000,true,converged_projected,0,24,55,4.3298697960381105e-12,0.018169999999999999,cond,abb
SOPP,srule=abb,srule,15,P15,10000,0.8,1,0.80000000000000004,0.5,,0.0001,0.10000000000000001,2,1,1.1000000000000001,3,1,1,9.9999999999999994e-12,2000,true,converged_trial,0,23,52,8.8817841970012523e-12,0.036335600000000003,cond,abb
SOPP,srule=abb,srule,15,P15,10000,1.0,1,0.80000000000000004,0.5,,0.0001,0.10000000000000001,2,1,1.1000000000000001,3,1,1,9.9999999999999994e-12,2000,true,converged_projected,0,1,4,0,0.00088279999999999999,cond,abb
SOPP,srule=abb,srule,15,P15,10000,1.1,1,0.80000000000000004,0.5,,0.0001,0.10000000000000001,2,1,1.1000000000000001,3,1,1,9.9999999999999994e-12,2000,true,converged_projected,0,1,4,0,0.00093550000000000003,cond,abb
SOPP,srule=abb,srule,15,P15,10000,2.0,1,0.80000000000000004,0.5,,0.0001,0.10000000000000001,2,1,1.1000000000000001,3,1,1,9.9999999999999994e-12,2000,true,converged_projected,0,1,3,0,0.00086629999999999997,cond,abb
SOPP,srule=abb,srule,15,P15,10000,5.0,1,0.80000000000000004,0.5,,0.0001,0.10000000000000001,2,1,1.1000000000000001,3,1,1,9.9999999999999994e-12,2000,true,converged_projected,0,1,13,0,0.0028825000000000001,cond,abb
SOPP,srule=abb,srule,15,P15,10000,1/k,1,0.80000000000000004,0.5,,0.0001,0.10000000000000001,2,1,1.1000000000000001,3,1,1,9.9999999999999994e-12,2000,true,converged_trial,0,716,4373,9.8855438453200759e-12,0.70951710000000001,cond,abb
SOPP,srule=abb,srule,15,P15,10000,k/n,1,0.80000000000000004,0.5,,0.0001,0.10000000000000001,2,1,1.1000000000000001,3,1,1,9.9999999999999994e-12,2000,true,converged_trial,0,788,4783,9.6589259017466831e-12,0.99757130000000005,cond,abb
SOPP,srule=abb,srule,16,P16,10000,0.4,1,0.80000000000000004,0.5,,0.0001,0.10000000000000001,2,1,1.1000000000000001,3,1,1,9.9999999999999994e-12,2000,true,converged_trial,0,190,556,9.2851673065062648e-12,0.054100099999999998,cond,abb
SOPP,srule=abb,srule,16,P16,10000,0.5,1,0.80000000000000004,0.5,,0.0001,0.10000000000000001,2,1,1.1000000000000001,3,1,1,9.9999999999999994e-12,2000,true,converged_trial,0,218,726,8.6440640632856408e-12,0.071686299999999994,cond,abb
SOPP,srule=abb,srule,16,P16,10000,0.6,1,0.80000000000000004,0.5,,0.0001,0.10000000000000001,2,1,1.1000000000000001,3,1,1,9.9999999999999994e-12,2000,true,converged_projected,0,261,846,8.3090178370361428e-12,0.060186099999999999,cond,abb
SOPP,srule=abb,srule,16,P16,10000,0.8,1,0.80000000000000004,0.5,,0.0001,0.10000000000000001,2,1,1.1000000000000001,3,1,1,9.9999999999999994e-12,2000,true,converged_trial,0,214,675,9.6946227551335949e-12,0.047794700000000002,cond,abb
SOPP,srule=abb,srule,16,P16,10000,1.0,1,0.80000000000000004,0.5,,0.0001,0.10000000000000001,2,1,1.1000000000000001,3,1,1,9.9999999999999994e-12,2000,true,converged_trial,0,231,751,9.9423737450361153e-12,0.057746699999999998,cond,abb
SOPP,srule=abb,srule,16,P16,10000,1.1,1,0.80000000000000004,0.5,,0.0001,0.10000000000000001,2,1,1.1000000000000001,3,1,1,9.9999999999999994e-12,2000,true,converged_trial,0,244,815,9.7986373201453129e-12,0.058145799999999997,cond,abb
SOPP,srule=abb,srule,16,P16,10000,2.0,1,0.80000000000000004,0.5,,0.0001,0.10000000000000001,2,1,1.1000000000000001,3,1,1,9.9999999999999994e-12,2000,true,converged_trial,0,239,798,9.8662275931504929e-12,0.055848099999999998,cond,abb
SOPP,srule=abb,srule,16,P16,10000,5.0,1,0.80000000000000004,0.5,,0.0001,0.10000000000000001,2,1,1.1000000000000001,3,1,1,9.9999999999999994e-12,2000,true,converged_trial,0,261,887,7.9810701242901103e-12,0.059526599999999999,cond,abb
SOPP,srule=abb,srule,16,P16,10000,1/k,1,0.80000000000000004,0.5,,0.0001,0.10000000000000001,2,1,1.1000000000000001,3,1,1,9.9999999999999994e-12,2000,true,converged_trial,0,186,475,9.7117591403279343e-12,0.21100930000000001,cond,abb
SOPP,srule=abb,srule,16,P16,10000,k/n,1,0.80000000000000004,0.5,,0.0001,0.10000000000000001,2,1,1.1000000000000001,3,1,1,9.9999999999999994e-12,2000,true,converged_trial,0,199,576,9.0825111980300594e-12,0.069045300000000004,cond,abb
SOPP,srule=abb,srule,17,P17,10000,0.4,1,0.80000000000000004,0.5,,0.0001,0.10000000000000001,2,1,1.1000000000000001,3,1,1,9.9999999999999994e-12,2000,true,converged_trial,0,50,100,8.8839532348795958e-12,0.011299699999999999,cond,abb
SOPP,srule=abb,srule,17,P17,10000,0.5,1,0.80000000000000004,0.5,,0.0001,0.10000000000000001,2,1,1.1000000000000001,3,1,1,9.9999999999999994e-12,2000,true,converged_projected,0,50,101,8.0393886936969756e-12,0.019047399999999999,cond,abb
SOPP,srule=abb,srule,17,P17,10000,0.6,1,0.80000000000000004,0.5,,0.0001,0.10000000000000001,2,1,1.1000000000000001,3,1,1,9.9999999999999994e-12,2000,true,converged_projected,0,50,101,9.4903863445762198e-12,0.029591099999999999,cond,abb
SOPP,srule=abb,srule,17,P17,10000,0.8,1,0.80000000000000004,0.5,,0.0001,0.10000000000000001,2,1,1.1000000000000001,3,1,1,9.9999999999999994e-12,2000,true,converged_trial,0,51,102,9.0742614887020459e-12,0.011788099999999999,cond,abb
SOPP,srule=abb,srule,17,P17,10000,1.0,1,0.80000000000000004,0.5,,0.0001,0.10000000000000001,2,1,1.1000000000000001,3,1,1,9.9999999999999994e-12,2000,true,converged_projected,0,51,103,7.8031782440776042e-12,0.015284799999999999,cond,abb
SOPP,srule=abb,srule,17,P17,10000,1.1,1,0.80000000000000004,0.5,,0.0001,0.10000000000000001,2,1,1.1000000000000001,3,1,1,9.9999999999999994e-12,2000,true,converged_projected,0,51,103,8.2435316980092787e-12,0.017629200000000001,cond,abb
SOPP,srule=abb,srule,17,P17,10000,2.0,1,0.80000000000000004,0.5,,0.0001,0.10000000000000001,2,1,1.1000000000000001,3,1,1,9.9999999999999994e-12,2000,true,converged_trial,0,51,102,9.3273174042733887e-12,0.029623099999999999,cond,abb
SOPP,srule=abb,srule,17,P17,10000,5.0,1,0.80000000000000004,0.5,,0.0001,0.10000000000000001,2,1,1.1000000000000001,3,1,1,9.9999999999999994e-12,2000,true,converged_projected,0,50,102,7.7635688885523175e-12,0.011112800000000001,cond,abb
SOPP,srule=abb,srule,17,P17,10000,1/k,1,0.80000000000000004,0.5,,0.0001,0.10000000000000001,2,1,1.1000000000000001,3,1,1,9.9999999999999994e-12,2000,true,converged_trial,0,44,88,9.7830104682096221e-12,0.0097380000000000001,cond,abb
SOPP,srule=abb,srule,17,P17,10000,k/n,1,0.80000000000000004,0.5,,0.0001,0.10000000000000001,2,1,1.1000000000000001,3,1,1,9.9999999999999994e-12,2000,true,converged_projected,0,50,101,8.8765419902938643e-12,0.013666299999999999,cond,abb
SOPP,srule=abb,srule,18,P18,10000,0.4,1,0.80000000000000004,0.5,,0.0001,0.10000000000000001,2,1,1.1000000000000001,3,1,1,9.9999999999999994e-12,2000,true,converged_trial,0,9,18,9.2370555648813024e-12,0.0053613999999999997,cond,abb
SOPP,srule=abb,srule,18,P18,10000,0.5,1,0.80000000000000004,0.5,,0.0001,0.10000000000000001,2,1,1.1000000000000001,3,1,1,9.9999999999999994e-12,2000,true,converged_trial,0,9,18,9.2370555648813024e-12,0.0092028000000000006,cond,abb
SOPP,srule=abb,srule,18,P18,10000,0.6,1,0.80000000000000004,0.5,,0.0001,0.10000000000000001,2,1,1.1000000000000001,3,1,1,9.9999999999999994e-12,2000,true,converged_trial,0,9,18,9.2370555648813024e-12,0.0029085999999999999,cond,abb
SOPP,srule=abb,srule,18,P18,10000,0.8,1,0.80000000000000004,0.5,,0.0001,0.10000000000000001,2,1,1.1000000000000001,3,1,1,9.9999999999999994e-12,2000,true,converged_trial,0,9,18,9.2370555648813024e-12,0.0029784,cond,abb
SOPP,srule=abb,srule,18,P18,10000,1.0,1,0.80000000000000004,0.5,,0.0001,0.10000000000000001,2,1,1.1000000000000001,3,1,1,9.9999999999999994e-12,2000,true,converged_trial,0,9,18,9.2370555648813024e-12,0.0033367000000000002,cond,abb
SOPP,srule=abb,srule,18,P18,10000,1.1,1,0.80000000000000004,0.5,,0.0001,0.10000000000000001,2,1,1.1000000000000001,3,1,1,9.9999999999999994e-12,2000,true,converged_trial,0,48,96,7.815970093361102e-12,0.017182099999999999,cond,abb
SOPP,srule=abb,srule,18,P18,10000,2.0,1,0.80000000000000004,0.5,,0.0001,0.10000000000000001,2,1,1.1000000000000001,3,1,1,9.9999999999999994e-12,2000,true,converged_trial,0,52,104,8.7707618945387367e-12,0.043065699999999998,cond,abb
SOPP,srule=abb,srule,18,P18,10000,5.0,1,0.80000000000000004,0.5,,0.0001,0.10000000000000001,2,1,1.1000000000000001,3,1,1,9.9999999999999994e-12,2000,true,converged_trial,0,55,110,9.3924867883288243e-12,0.026816400000000001,cond,abb
SOPP,srule=abb,srule,18,P18,10000,1/k,1,0.80000000000000004,0.5,,0.0001,0.10000000000000001,2,1,1.1000000000000001,3,1,1,9.9999999999999994e-12,2000,true,converged_trial,0,9,18,9.2370555648813024e-12,0.0031407000000000002,cond,abb
SOPP,srule=abb,srule,18,P18,10000,k/n,1,0.80000000000000004,0.5,,0.0001,0.10000000000000001,2,1,1.1000000000000001,3,1,1,9.9999999999999994e-12,2000,true,converged_trial,0,9,18,9.2370555648813024e-12,0.0048846000000000002,cond,abb
SOPP,srule=abb,srule,19,P19,10000,0.4,1,0.80000000000000004,0.5,,0.0001,0.10000000000000001,2,1,1.1000000000000001,3,1,1,9.9999999999999994e-12,2000,true,converged_trial,0,29,100,6.7067011666477327e-12,0.0069039000000000001,cond,abb
SOPP,srule=abb,srule,19,P19,10000,0.5,1,0.80000000000000004,0.5,,0.0001,0.10000000000000001,2,1,1.1000000000000001,3,1,1,9.9999999999999994e-12,2000,true,converged_projected,0,28,103,7.0976211019591062e-12,0.0077573,cond,abb
SOPP,srule=abb,srule,19,P19,10000,0.6,1,0.80000000000000004,0.5,,0.0001,0.10000000000000001,2,1,1.1000000000000001,3,1,1,9.9999999999999994e-12,2000,true,converged_projected,0,33,107,8.0185857953551931e-12,0.0096141000000000004,cond,abb
SOPP,srule=abb,srule,19,P19,10000,0.8,1,0.80000000000000004,0.5,,0.0001,0.10000000000000001,2,1,1.1000000000000001,3,1,1,9.9999999999999994e-12,2000,true,converged_projected,0,35,117,6.0429959647390064e-12,0.0082352999999999992,cond,abb
SOPP,srule=abb,srule,19,P19,10000,1.0,1,0.80000000000000004,0.5,,0.0001,0.10000000000000001,2,1,1.1000000000000001,3,1,1,9.9999999999999994e-12,2000,true,converged_projected,0,28,109,8.580983146266874e-12,0.0079663000000000008,cond,abb
SOPP,srule=abb,srule,19,P19,10000,1.1,1,0.80000000000000004,0.5,,0.0001,0.10000000000000001,2,1,1.1000000000000001,3,1,1,9.9999999999999994e-12,2000,true,converged_projected,0,35,129,6.0428224923914087e-12,0.0103088,cond,abb
SOPP,srule=abb,srule,19,P19,10000,2.0,1,0.80000000000000004,0.5,,0.0001,0.10000000000000001,2,1,1.1000000000000001,3,1,1,9.9999999999999994e-12,2000,false,line_search_failed,0,1,52,31999800.002000701,0.0030090999999999998,cond,abb
SOPP,srule=abb,srule,19,P19,10000,5.0,1,0.80000000000000004,0.5,,0.0001,0.10000000000000001,2,1,1.1000000000000001,3,1,1,9.9999999999999994e-12,2000,false,line_search_failed,0,1,52,499999500.00799143,0.0015097000000000001,cond,abb
SOPP,srule=abb,srule,19,P19,10000,1/k,1,0.80000000000000004,0.5,,0.0001,0.10000000000000001,2,1,1.1000000000000001,3,1,1,9.9999999999999994e-12,2000,false,maxiter,0,2000,4005,6.2465598546757556e-07,0.66493709999999995,cond,abb
SOPP,srule=abb,srule,19,P19,10000,k/n,1,0.80000000000000004,0.5,,0.0001,0.10000000000000001,2,1,1.1000000000000001,3,1,1,9.9999999999999994e-12,2000,false,maxiter,0,2000,4041,8.8288193397557999e-07,0.65250920000000001,cond,abb
SOPP,srule=abb,srule,20,P20,10000,0.4,1,0.80000000000000004,0.5,,0.0001,0.10000000000000001,2,1,1.1000000000000001,3,1,1,9.9999999999999994e-12,2000,true,converged_trial,0,28,56,9.347194924638589e-12,0.011543299999999999,cond,abb
SOPP,srule=abb,srule,20,P20,10000,0.5,1,0.80000000000000004,0.5,,0.0001,0.10000000000000001,2,1,1.1000000000000001,3,1,1,9.9999999999999994e-12,2000,true,converged_projected,0,28,57,7.7592886287975763e-12,0.012701199999999999,cond,abb
SOPP,srule=abb,srule,20,P20,10000,0.6,1,0.80000000000000004,0.5,,0.0001,0.10000000000000001,2,1,1.1000000000000001,3,1,1,9.9999999999999994e-12,2000,true,converged_projected,0,28,57,9.4795204492920128e-12,0.012227099999999999,cond,abb
SOPP,srule=abb,srule,20,P20,10000,0.8,1,0.80000000000000004,0.5,,0.0001,0.10000000000000001,2,1,1.1000000000000001,3,1,1,9.9999999999999994e-12,2000,true,converged_projected,0,27,55,9.0825438753317689e-12,0.016620900000000001,cond,abb
SOPP,srule=abb,srule,20,P20,10000,1.0,1,0.80000000000000004,0.5,,0.0001,0.10000000000000001,2,1,1.1000000000000001,3,1,1,9.9999999999999994e-12,2000,true,converged_trial,0,28,56,7.4284748171643763e-12,0.017271600000000002,cond,abb
SOPP,srule=abb,srule,20,P20,10000,1.1,1,0.80000000000000004,0.5,,0.0001,0.10000000000000001,2,1,1.1000000000000001,3,1,1,9.9999999999999994e-12,2000,true,converged_trial,0,28,56,7.0314982432037721e-12,0.016285399999999998,cond,abb
SOPP,srule=abb,srule,20,P20,10000,2.0,1,0.80000000000000004,0.5,,0.0001,0.10000000000000001,2,1,1.1000000000000001,3,1,1,9.9999999999999994e-12,2000,true,converged_trial,0,28,61,7.8254513911242502e-12,0.024452000000000002,cond,abb
SOPP,srule=abb,srule,20,P20,10000,5.0,1,0.80000000000000004,0.5,,0.0001,0.10000000000000001,2,1,1.1000000000000001,3,1,1,9.9999999999999994e-12,2000,true,converged_projected,2,3,8,0,0.0017566000000000001,cond,abb
SOPP,srule=abb,srule,20,P20,10000,1/k,1,0.80000000000000004,0.5,,0.0001,0.10000000000000001,2,1,1.1000000000000001,3,1,1,9.9999999999999994e-12,2000,true,converged_trial,0,535,1585,9.7733839086697324e-12,0.39617210000000003,cond,abb
SOPP,srule=abb,srule,20,P20,10000,k/n,1,0.80000000000000004,0.5,,0.0001,0.10000000000000001,2,1,1.1000000000000001,3,1,1,9.9999999999999994e-12,2000,true,converged_projected,0,31,63,8.914840728684193e-12,0.018154799999999999,cond,abb
SDLP,default,baseline,1,P1,10000,0.4,0.001,0.5,,0.59999999999999998,0.10000000000000001,0.55000000000000004,4.9000000000000004,1,1.8,,1,1,9.9999999999999994e-12,2000,true,converged_projected,0,1,3,0,0.057058699999999997,,max
SDLP,default,baseline,1,P1,10000,0.5,0.001,0.5,,0.59999999999999998,0.10000000000000001,0.55000000000000004,4.9000000000000004,1,1.8,,1,1,9.9999999999999994e-12,2000,true,converged_projected,0,1,3,0,0.00024169999999999999,,max
SDLP,default,baseline,1,P1,10000,0.6,0.001,0.5,,0.59999999999999998,0.10000000000000001,0.55000000000000004,4.9000000000000004,1,1.8,,1,1,9.9999999999999994e-12,2000,true,converged_projected,0,1,3,0,0.00021340000000000001,,max
SDLP,default,baseline,1,P1,10000,0.8,0.001,0.5,,0.59999999999999998,0.10000000000000001,0.55000000000000004,4.9000000000000004,1,1.8,,1,1,9.9999999999999994e-12,2000,true,converged_projected,0,1,3,0,0.00022350000000000001,,max
SDLP,default,baseline,1,P1,10000,1.0,0.001,0.5,,0.59999999999999998,0.10000000000000001,0.55000000000000004,4.9000000000000004,1,1.8,,1,1,9.9999999999999994e-12,2000,true,converged_projected,0,1,3,0,0.00021450000000000001,,max
SDLP,default,baseline,1,P1,10000,1.1,0.001,0.5,,0.59999999999999998,0.10000000000000001,0.55000000000000004,4.9000000000000004,1,1.8,,1,1,9.9999999999999994e-12,2000,true,converged_projected,0,1,3,0,0.0002184,,max
SDLP,default,baseline,1,P1,10000,2.0,0.001,0.5,,0.59999999999999998,0.10000000000000001,0.55000000000000004,4.9000000000000004,1,1.8,,1,1,9.9999999999999994e-12,2000,true,converged_projected,0,2,7,0,0.17145360000000001,,max
SDLP,default,baseline,1,P1,10000,5.0,0.001,0.5,,0.59999999999999998,0.10000000000000001,0.55000000000000004,4.9000000000000004,1,1.8,,1,1,9.9999999999999994e-12,2000,true,converged_projected,0,1,4,0,0.00033369999999999998,,max
SDLP,default,baseline,1,P1,10000,1/k,0.001,0.5,,0.59999999999999998,0.10000000000000001,0.55000000000000004,4.9000000000000004,1,1.8,,1,1,9.9999999999999994e-12,2000,true,converged_projected,0,1,3,0,0.00023020000000000001,,max
SDLP,default,baseline,1,P1,10000,k/n,0.001,0.5,,0.59999999999999998,0.10000000000000001,0.55000000000000004,4.9000000000000004,1,1.8,,1,1,9.9999999999999994e-12,2000,true,converged_projected,0,1,3,0,0.00021790000000000001,,max
SDLP,default,baseline,2,P2,10000,0.4,0.001,0.5,,0.59999999999999998,0.10000000000000001,0.55000000000000004,4.9000000000000004,1,1.8,,1,1,9.9999999999999994e-12,2000,true,converged_projected,0,2,6,0,0.00057379999999999996,,max
SDLP,default,baseline,2,P2,10000,0.5,0.001,0.5,,0.59999999999999998,0.10000000000000001,0.55000000000000004,4.9000000000000004,1,1.8,,1,1,9.9999999999999994e-12,2000,true,converged_projected,0,2,6,0,0.00054730000000000002,,max
SDLP,default,baseline,2,P2,10000,0.6,0.001,0.5,,0.59999999999999998,0.10000000000000001,0.55000000000000004,4.9000000000000004,1,1.8,,1,1,9.9999999999999994e-12,2000,true,converged_projected,0,2,6,0,0.00057359999999999996,,max
SDLP,default,baseline,2,P2,10000,0.8,0.001,0.5,,0.59999999999999998,0.10000000000000001,0.55000000000000004,4.9000000000000004,1,1.8,,1,1,9.9999999999999994e-12,2000,true,converged_projected,0,2,6,0,0.00062489999999999996,,max
SDLP,default,baseline,2,P2,10000,1.0,0.001,0.5,,0.59999999999999998,0.10000000000000001,0.55000000000000004,4.9000000000000004,1,1.8,,1,1,9.9999999999999994e-12,2000,true,converged_projected,0,2,6,0,0.00063750000000000005,,max
SDLP,default,baseline,2,P2,10000,1.1,0.001,0.5,,0.59999999999999998,0.10000000000000001,0.55000000000000004,4.9000000000000004,1,1.8,,1,1,9.9999999999999994e-12,2000,true,converged_projected,0,2,6,0,0.00060619999999999999,,max
SDLP,default,baseline,2,P2,10000,2.0,0.001,0.5,,0.59999999999999998,0.10000000000000001,0.55000000000000004,4.9000000000000004,1,1.8,,1,1,9.9999999999999994e-12,2000,true,converged_projected,0,2,5,0,0.00054659999999999995,,max
SDLP,default,baseline,2,P2,10000,5.0,0.001,0.5,,0.59999999999999998,0.10000000000000001,0.55000000000000004,4.9000000000000004,1,1.8,,1,1,9.9999999999999994e-12,2000,true,converged_projected,0,3,7,0,0.0008989,,max
SDLP,default,baseline,2,P2,10000,1/k,0.001,0.5,,0.59999999999999998,0.10000000000000001,0.55000000000000004,4.9000000000000004,1,1.8,,1,1,9.9999999999999994e-12,2000,true,converged_projected,0,2,6,0,0.00053260000000000004,,max
SDLP,default,baseline,2,P2,10000,k/n,0.001,0.5,,0.59999999999999998,0.10000000000000001,0.55000000000000004,4.9000000000000004,1,1.8,,1,1,9.9999999999999994e-12,2000,true,converged_projected,0,2,6,0,0.00055909999999999998,,max
SDLP,default,baseline,3,P3,10000,0.4,0.001,0.5,,0.59999999999999998,0.10000000000000001,0.55000000000000004,4.9000000000000004,1,1.8,,1,1,9.9999999999999994e-12,2000,true,converged_projected,0,1,3,0,0.00020220000000000001,,max
SDLP,default,baseline,3,P3,10000,0.5,0.001,0.5,,0.59999999999999998,0.10000000000000001,0.55000000000000004,4.9000000000000004,1,1.8,,1,1,9.9999999999999994e-12,2000,true,converged_projected,0,1,3,0,0.00020359999999999999,,max
SDLP,default,baseline,3,P3,10000,0.6,0.001,0.5,,0.59999999999999998,0.10000000000000001,0.55000000000000004,4.9000000000000004,1,1.8,,1,1,9.9999999999999994e-12,2000,true,converged_projected,0,1,3,0,0.00020039999999999999,,max
SDLP,default,baseline,3,P3,10000,0.8,0.001,0.5,,0.59999999999999998,0.10000000000000001,0.55000000000000004,4.9000000000000004,1,1.8,,1,1,9.9999999999999994e-12,2000,true,converged_projected,0,2,7,0,0.0004908,,max
SDLP,default,baseline,3,P3,10000,1.0,0.001,0.5,,0.59999999999999998,0.10000000000000001,0.55000000000000004,4.9000000000000004,1,1.8,,1,1,9.9999999999999994e-12,2000,true,converged_projected,0,2,7,0,0.0004906,,max
SDLP,default,baseline,3,P3,10000,1.1,0.001,0.5,,0.59999999999999998,0.10000000000000001,0.55000000000000004,4.9000000000000004,1,1.8,,1,1,9.9999999999999994e-12,2000,true,converged_projected,0,2,7,0,0.00049890000000000004,,max
SDLP,default,baseline,3,P3,10000,2.0,0.001,0.5,,0.59999999999999998,0.10000000000000001,0.55000000000000004,4.9000000000000004,1,1.8,,1,1,9.9999999999999994e-12,2000,true,converged_projected,0,4,15,0,0.0010723,,max
SDLP,default,baseline,3,P3,10000,5.0,0.001,0.5,,0.59999999999999998,0.10000000000000001,0.55000000000000004,4.9000000000000004,1,1.8,,1,1,9.9999999999999994e-12,2000,true,converged_projected,0,4,18,0,0.0012687,,max
SDLP,default,baseline,3,P3,10000,1/k,0.001,0.5,,0.59999999999999998,0.10000000000000001,0.55000000000000004,4.9000000000000004,1,1.8,,1,1,9.9999999999999994e-12,2000,true,converged_projected,0,16,48,9.1816723797222022e-12,0.011991099999999999,,max
SDLP,default,baseline,3,P3,10000,k/n,0.001,0.5,,0.59999999999999998,0.10000000000000001,0.55000000000000004,4.9000000000000004,1,1.8,,1,1,9.9999999999999994e-12,2000,true,converged_trial,0,20,60,6.8492410135622996e-12,0.0047635999999999998,,max
SDLP,default,baseline,4,P4,10000,0.4,0.001,0.5,,0.59999999999999998,0.10000000000000001,0.55000000000000004,4.9000000000000004,1,1.8,,1,1,9.9999999999999994e-12,2000,true,converged_projected,0,1,4,0,0.00016990000000000001,,max
SDLP,default,baseline,4,P4,10000,0.5,0.001,0.5,,0.59999999999999998,0.10000000000000001,0.55000000000000004,4.9000000000000004,1,1.8,,1,1,9.9999999999999994e-12,2000,true,converged_projected,0,1,4,0,0.00016809999999999999,,max
SDLP,default,baseline,4,P4,10000,0.6,0.001,0.5,,0.59999999999999998,0.10000000000000001,0.55000000000000004,4.9000000000000004,1,1.8,,1,1,9.9999999999999994e-12,2000,true,converged_projected,0,1,4,0,0.0001719,,max
SDLP,default,baseline,4,P4,10000,0.8,0.001,0.5,,0.59999999999999998,0.10000000000000001,0.55000000000000004,4.9000000000000004,1,1.8,,1,1,9.9999999999999994e-12,2000,true,converged_projected,0,1,4,0,0.00016679999999999999,,max
SDLP,default,baseline,4,P4,10000,1.0,0.001,0.5,,0.59999999999999998,0.10000000000000001,0.55000000000000004,4.9000000000000004,1,1.8,,1,1,9.9999999999999994e-12,2000,true,converged_projected,0,7,28,2.802373127686696e-12,0.0014239999999999999,,max
SDLP,default,baseline,4,P4,10000,1.1,0.001,0.5,,0.59999999999999998,0.10000000000000001,0.55000000000000004,4.9000000000000004,1,1.8,,1,1,9.9999999999999994e-12,2000,true,converged_projected,0,7,28,8.782595249271034e-12,0.0017091000000000001,,max
SDLP,default,baseline,4,P4,10000,2.0,0.001,0.5,,0.59999999999999998,0.10000000000000001,0.55000000000000004,4.9000000000000004,1,1.8,,1,1,9.9999999999999994e-12,2000,true,converged_projected,0,5,20,0,0.0010375,,max
SDLP,default,baseline,4,P4,10000,5.0,0.001,0.5,,0.59999999999999998,0.10000000000000001,0.55000000000000004,4.9000000000000004,1,1.8,,1,1,9.9999999999999994e-12,2000,false,maxiter,1,2000,4001,1.1400007942567722e+103,0.35440529999999998,,max
SDLP,default,baseline,4,P4,10000,1/k,0.001,0.5,,0.59999999999999998,0.10000000000000001,0.55000000000000004,4.9000000000000004,1,1.8,,1,1,9.9999999999999994e-12,2000,true,converged_trial,0,48,192,8.9119459318651607e-12,0.0125723,,max
SDLP,default,baseline,4,P4,10000,k/n,0.001,0.5,,0.59999999999999998,0.10000000000000001,0.55000000000000004,4.9000000000000004,1,1.8,,1,1,9.9999999999999994e-12,2000,true,converged_trial,0,34,135,5.7836204718545361e-12,0.0075883000000000001,,max
SDLP,default,baseline,5,P5,10000,0.4,0.001,0.5,,0.59999999999999998,0.10000000000000001,0.55000000000000004,4.9000000000000004,1,1.8,,1,1,9.9999999999999994e-12,2000,true,converged_trial,0,21,63,7.2574167937129372e-12,0.0104949,,max
SDLP,default,baseline,5,P5,10000,0.5,0.001,0.5,,0.59999999999999998,0.10000000000000001,0.55000000000000004,4.9000000000000004,1,1.8,,1,1,9.9999999999999994e-12,2000,true,converged_trial,0,21,63,7.180535465890891e-12,0.010672600000000001,,max
SDLP,default,baseline,5,P5,10000,0.6,0.001,0.5,,0.59999999999999998,0.10000000000000001,0.55000000000000004,4.9000000000000004,1,1.8,,1,1,9.9999999999999994e-12,2000,true,converged_trial,0,21,63,7.1465491524748355e-12,0.0105866,,max
SDLP,default,baseline,5,P5,10000,0.8,0.001,0.5,,0.59999999999999998,0.10000000000000001,0.55000000000000004,4.9000000000000004,1,1.8,,1,1,9.9999999999999994e-12,2000,true,converged_trial,0,21,63,7.0562963848916734e-12,0.010685999999999999,,max
SDLP,default,baseline,5,P5,10000,1.0,0.001,0.5,,0.59999999999999998,0.10000000000000001,0.55000000000000004,4.9000000000000004,1,1.8,,1,1,9.9999999999999994e-12,2000,true,converged_trial,0,21,63,6.6462880752265752e-12,0.010592499999999999,,max
SDLP,default,baseline,5,P5,10000,1.1,0.001,0.5,,0.59999999999999998,0.10000000000000001,0.55000000000000004,4.9000000000000004,1,1.8,,1,1,9.9999999999999994e-12,2000,true,converged_trial,0,21,63,6.2615468041029151e-12,0.0096206,,max
SDLP,default,baseline,5,P5,10000,2.0,0.001,0.5,,0.59999999999999998,0.10000000000000001,0.55000000000000004,4.9000000000000004,1,1.8,,1,1,9.9999999999999994e-12,2000,true,converged_projected,0,20,61,3.3892649924979974e-12,0.010350399999999999,,max
SDLP,default,baseline,5,P5,10000,5.0,0.001,0.5,,0.59999999999999998,0.10000000000000001,0.55000000000000004,4.9000000000000004,1,1.8,,1,1,9.9999999999999994e-12,2000,true,converged_projected,0,20,61,5.4536373562327024e-12,0.0104481,,max
SDLP,default,baseline,5,P5,10000,1/k,0.001,0.5,,0.59999999999999998,0.10000000000000001,0.55000000000000004,4.9000000000000004,1,1.8,,1,1,9.9999999999999994e-12,2000,true,converged_trial,0,21,63,9.7608495821285445e-12,0.010694,,max
SDLP,default,baseline,5,P5,10000,k/n,0.001,0.5,,0.59999999999999998,0.10000000000000001,0.55000000000000004,4.9000000000000004,1,1.8,,1,1,9.9999999999999994e-12,2000,true,converged_trial,0,20,60,8.2821254996006771e-12,0.010288800000000001,,max
SDLP,default,baseline,6,P6,10000,0.4,0.001,0.5,,0.59999999999999998,0.10000000000000001,0.55000000000000004,4.9000000000000004,1,1.8,,1,1,9.9999999999999994e-12,2000,true,converged_projected,0,15,60,5.1292303737682232e-12,0.0045490000000000001,,max
SDLP,default,baseline,6,P6,10000,0.5,0.001,0.5,,0.59999999999999998,0.10000000000000001,0.55000000000000004,4.9000000000000004,1,1.8,,1,1,9.9999999999999994e-12,2000,true,converged_trial,0,14,55,4.75175454539567e-12,0.0054190000000000002,,max
SDLP,default,baseline,6,P6,10000,0.6,0.001,0.5,,0.59999999999999998,0.10000000000000001,0.55000000000000004,4.9000000000000004,1,1.8,,1,1,9.9999999999999994e-12,2000,true,converged_projected,0,13,52,9.8809849191638932e-12,0.0050442999999999998,,max
SDLP,default,baseline,6,P6,10000,0.8,0.001,0.5,,0.59999999999999998,0.10000000000000001,0.55000000000000004,4.9000000000000004,1,1.8,,1,1,9.9999999999999994e-12,2000,true,converged_trial,0,16,63,6.6835426082434424e-12,0.0061178999999999999,,max
SDLP,default,baseline,6,P6,10000,1.0,0.001,0.5,,0.59999999999999998,0.10000000000000001,0.55000000000000004,4.9000000000000004,1,1.8,,1,1,9.9999999999999994e-12,2000,true,converged_projected,0,16,64,7.9269923958236177e-12,0.0048970999999999997,,max
SDLP,default,baseline,6,P6,10000,1.1,0.001,0.5,,0.59999999999999998,0.10000000000000001,0.55000000000000004,4.9000000000000004,1,1.8,,1,1,9.9999999999999994e-12,2000,true,converged_trial,0,17,67,4.8183679268731794e-12,0.0066201999999999997,,max
SDLP,default,baseline,6,P6,10000,2.0,0.001,0.5,,0.59999999999999998,0.10000000000000001,0.55000000000000004,4.9000000000000004,1,1.8,,1,1,9.9999999999999994e-12,2000,true,converged_trial,0,19,74,6.794564910705958e-12,0.0070825999999999997,,max
SDLP,default,baseline,6,P6,10000,5.0,0.001,0.5,,0.59999999999999998,0.10000000000000001,0.55000000000000004,4.9000000000000004,1,1.8,,1,1,9.9999999999999994e-12,2000,true,converged_trial,0,19,73,4.418687638008123e-12,0.0068669999999999998,,max
SDLP,default,baseline,6,P6,10000,1/k,0.001,0.5,,0.59999999999999998,0.10000000000000001,0.55000000000000004,4.9000000000000004,1,1.8,,1,1,9.9999999999999994e-12,2000,true,converged_trial,0,35,148,6.5679019670192535e-12,0.0139443,,max
SDLP,default,baseline,6,P6,10000,k/n,0.001,0.5,,0.59999999999999998,0.10000000000000001,0.55000000000000004,4.9000000000000004,1,1.8,,1,1,9.9999999999999994e-12,2000,true,converged_trial,0,28,119,2.7149372664857372e-12,0.0113255,,max
SDLP,default,baseline,8,P8,10000,0.4,0.001,0.5,,0.59999999999999998,0.10000000000000001,0.55000000000000004,4.9000000000000004,1,1.8,,1,1,9.9999999999999994e-12,2000,true,converged_projected,0,29,142,9.0790985191840526e-12,0.0082757000000000004,,max
SDLP,default,baseline,8,P8,10000,0.5,0.001,0.5,,0.59999999999999998,0.10000000000000001,0.55000000000000004,4.9000000000000004,1,1.8,,1,1,9.9999999999999994e-12,2000,true,converged_projected,0,23,106,9.9208386867323954e-12,0.0052957000000000004,,max
SDLP,default,baseline,8,P8,10000,0.6,0.001,0.5,,0.59999999999999998,0.10000000000000001,0.55000000000000004,4.9000000000000004,1,1.8,,1,1,9.9999999999999994e-12,2000,true,converged_projected,0,22,104,7.9522937055427595e-12,0.0056569000000000003,,max
SDLP,default,baseline,8,P8,10000,0.8,0.001,0.5,,0.59999999999999998,0.10000000000000001,0.55000000000000004,4.9000000000000004,1,1.8,,1,1,9.9999999999999994e-12,2000,true,converged_projected,0,25,120,7.8636621104624325e-12,0.0069331000000000002,,max
SDLP,default,baseline,8,P8,10000,1.0,0.001,0.5,,0.59999999999999998,0.10000000000000001,0.55000000000000004,4.9000000000000004,1,1.8,,1,1,9.9999999999999994e-12,2000,true,converged_trial,0,24,114,6.153336599891383e-12,0.0055954999999999998,,max
SDLP,default,baseline,8,P8,10000,1.1,0.001,0.5,,0.59999999999999998,0.10000000000000001,0.55000000000000004,4.9000000000000004,1,1.8,,1,1,9.9999999999999994e-12,2000,true,converged_trial,0,26,128,5.6434342167149149e-12,0.042299400000000001,,max
SDLP,default,baseline,8,P8,10000,2.0,0.001,0.5,,0.59999999999999998,0.10000000000000001,0.55000000000000004,4.9000000000000004,1,1.8,,1,1,9.9999999999999994e-12,2000,true,converged_trial,0,27,130,4.7428579906874657e-12,0.14823900000000001,,max
SDLP,default,baseline,8,P8,10000,5.0,0.001,0.5,,0.59999999999999998,0.10000000000000001,0.55000000000000004,4.9000000000000004,1,1.8,,1,1,9.9999999999999994e-12,2000,true,converged_projected,0,24,122,4.1983593541890635e-12,0.0049272999999999999,,max
SDLP,default,baseline,8,P8,10000,1/k,0.001,0.5,,0.59999999999999998,0.10000000000000001,0.55000000000000004,4.9000000000000004,1,1.8,,1,1,9.9999999999999994e-12,2000,true,converged_projected,0,33,169,2.883392825676252e-12,0.0097870000000000006,,max
SDLP,default,baseline,8,P8,10000,k/n,0.001,0.5,,0.59999999999999998,0.10000000000000001,0.55000000000000004,4.9000000000000004,1,1.8,,1,1,9.9999999999999994e-12,2000,true,converged_trial,0,26,125,6.106157454021915e-12,0.0108711,,max
SDLP,default,baseline,10,P10,10000,0.4,0.001,0.5,,0.59999999999999998,0.10000000000000001,0.55000000000000004,4.9000000000000004,1,1.8,,1,1,9.9999999999999994e-12,2000,true,converged_trial,0,23,89,3.8191672047105385e-12,0.0078309,,max
SDLP,default,baseline,10,P10,10000,0.5,0.001,0.5,,0.59999999999999998,0.10000000000000001,0.55000000000000004,4.9000000000000004,1,1.8,,1,1,9.9999999999999994e-12,2000,true,converged_trial,0,24,93,6.1950444774083735e-12,0.026383799999999999,,max
SDLP,default,baseline,10,P10,10000,0.6,0.001,0.5,,0.59999999999999998,0.10000000000000001,0.55000000000000004,4.9000000000000004,1,1.8,,1,1,9.9999999999999994e-12,2000,true,converged_trial,0,25,97,5.7509552675583109e-12,0.0089347999999999997,,max
SDLP,default,baseline,10,P10,10000,0.8,0.001,0.5,,0.59999999999999998,0.10000000000000001,0.55000000000000004,4.9000000000000004,1,1.8,,1,1,9.9999999999999994e-12,2000,true,converged_trial,0,24,94,7.1054273576010019e-12,0.0093484999999999992,,max
SDLP,default,baseline,10,P10,10000,1.0,0.001,0.5,,0.59999999999999998,0.10000000000000001,0.55000000000000004,4.9000000000000004,1,1.8,,1,1,9.9999999999999994e-12,2000,true,converged_projected,0,20,80,9.6589403142388619e-12,0.0074866000000000004,,max
SDLP,default,baseline,10,P10,10000,1.1,0.001,0.5,,0.59999999999999998,0.10000000000000001,0.55000000000000004,4.9000000000000004,1,1.8,,1,1,9.9999999999999994e-12,2000,true,converged_trial,0,23,91,3.9523939676655573e-12,0.0086598000000000005,,max
SDLP,default,baseline,10,P10,10000,2.0,0.001,0.5,,0.59999999999999998,0.10000000000000001,0.55000000000000004,4.9000000000000004,1,1.8,,1,1,9.9999999999999994e-12,2000,true,converged_trial,0,17,68,8.1046280797636427e-12,0.0061882999999999999,,max
SDLP,default,baseline,10,P10,10000,5.0,0.001,0.5,,0.59999999999999998,0.10000000000000001,0.55000000000000004,4.9000000000000004,1,1.8,,1,1,9.9999999999999994e-12,2000,true,converged_trial,0,28,101,5.5733195836182858e-12,0.0098587999999999992,,max
SDLP,default,baseline,10,P10,10000,1/k,0.001,0.5,,0.59999999999999998,0.10000000000000001,0.55000000000000004,4.9000000000000004,1,1.8,,1,1,9.9999999999999994e-12,2000,true,converged_projected,0,40,137,8.6597135701174623e-12,0.0131065,,max
SDLP,default,baseline,10,P10,10000,k/n,0.001,0.5,,0.59999999999999998,0.10000000000000001,0.55000000000000004,4.9000000000000004,1,1.8,,1,1,9.9999999999999994e-12,2000,true,converged_projected,0,27,101,5.4095402041436984e-12,0.014676,,max
SDLP,default,baseline,11,P11,10000,0.4,0.001,0.5,,0.59999999999999998,0.10000000000000001,0.55000000000000004,4.9000000000000004,1,1.8,,1,1,9.9999999999999994e-12,2000,true,converged_trial,0,22,62,4.6607102672459479e-12,0.0056096999999999996,,max
SDLP,default,baseline,11,P11,10000,0.5,0.001,0.5,,0.59999999999999998,0.10000000000000001,0.55000000000000004,4.9000000000000004,1,1.8,,1,1,9.9999999999999994e-12,2000,true,converged_projected,0,22,64,6.7073768159501657e-12,0.0055881999999999998,,max
SDLP,default,baseline,11,P11,10000,0.6,0.001,0.5,,0.59999999999999998,0.10000000000000001,0.55000000000000004,4.9000000000000004,1,1.8,,1,1,9.9999999999999994e-12,2000,true,converged_projected,0,21,61,3.267238613212361e-12,0.0056864999999999997,,max
SDLP,default,baseline,11,P11,10000,0.8,0.001,0.5,,0.59999999999999998,0.10000000000000001,0.55000000000000004,4.9000000000000004,1,1.8,,1,1,9.9999999999999994e-12,2000,true,converged_projected,0,22,64,8.2194328327679544e-12,0.0057742000000000002,,max
SDLP,default,baseline,11,P11,10000,1.0,0.001,0.5,,0.59999999999999998,0.10000000000000001,0.55000000000000004,4.9000000000000004,1,1.8,,1,1,9.9999999999999994e-12,2000,true,converged_projected,0,20,60,3.0710683053149218e-12,0.0054501000000000003,,max
SDLP,default,baseline,11,P11,10000,1.1,0.001,0.5,,0.59999999999999998,0.10000000000000001,0.55000000000000004,4.9000000000000004,1,1.8,,1,1,9.9999999999999994e-12,2000,true,converged_trial,0,20,59,5.1172042534299675e-12,0.0084370999999999995,,max
SDLP,default,baseline,11,P11,10000,2.0,0.001,0.5,,0.59999999999999998,0.10000000000000001,0.55000000000000004,4.9000000000000004,1,1.8,,1,1,9.9999999999999994e-12,2000,true,converged_trial,0,21,64,7.4954890577570626e-12,0.0099323999999999992,,max
SDLP,default,baseline,11,P11,10000,5.0,0.001,0.5,,0.59999999999999998,0.10000000000000001,0.55000000000000004,4.9000000000000004,1,1.8,,1,1,9.9999999999999994e-12,2000,true,converged_projected,0,29,167,9.3430810273222991e-12,0.031526499999999999,,max
SDLP,default,baseline,11,P11,10000,1/k,0.001,0.5,,0.59999999999999998,0.10000000000000001,0.55000000000000004,4.9000000000000004,1,1.8,,1,1,9.9999999999999994e-12,2000,true,converged_projected,0,21,60,7.610883291196544e-12,0.0053068000000000004,,max
SDLP,default,baseline,11,P11,10000,k/n,0.001,0.5,,0.59999999999999998,0.10000000000000001,0.55000000000000004,4.9000000000000004,1,1.8,,1,1,9.9999999999999994e-12,2000,true,converged_trial,0,23,66,4.9791929826023307e-12,0.0057749999999999998,,max
SDLP,default,baseline,12,P12,10000,0.4,0.001,0.5,,0.59999999999999998,0.10000000000000001,0.55000000000000004,4.9000000000000004,1,1.8,,1,1,9.9999999999999994e-12,2000,true,converged_projected,0,13,52,9.8809849191638932e-12,0.0045878999999999998,,max
SDLP,default,baseline,12,P12,10000,0.5,0.001,0.5,,0.59999999999999998,0.10000000000000001,0.55000000000000004,4.9000000000000004,1,1.8,,1,1,9.9999999999999994e-12,2000,true,converged_trial,0,14,55,4.7628567756419216e-12,0.0046855999999999998,,max
SDLP,default,baseline,12,P12,10000,0.6,0.001,0.5,,0.59999999999999998,0.10000000000000001,0.55000000000000004,4.9000000000000004,1,1.8,,1,1,9.9999999999999994e-12,2000,true,converged_projected,0,15,60,5.0959236830294685e-12,0.0050948,,max
SDLP,default,baseline,12,P12,10000,0.8,0.001,0.5,,0.59999999999999998,0.10000000000000001,0.55000000000000004,4.9000000000000004,1,1.8,,1,1,9.9999999999999994e-12,2000,true,converged_projected,0,16,64,3.8968828164342995e-12,0.0053527999999999996,,max
SDLP,default,baseline,12,P12,10000,1.0,0.001,0.5,,0.59999999999999998,0.10000000000000001,0.55000000000000004,4.9000000000000004,1,1.8,,1,1,9.9999999999999994e-12,2000,true,converged_projected,0,16,64,8.404388296412435e-12,0.0055979000000000003,,max
SDLP,default,baseline,12,P12,10000,1.1,0.001,0.5,,0.59999999999999998,0.10000000000000001,0.55000000000000004,4.9000000000000004,1,1.8,,1,1,9.9999999999999994e-12,2000,true,converged_trial,0,17,67,5.8841820305133297e-12,0.0079159,,max
SDLP,default,baseline,12,P12,10000,2.0,0.001,0.5,,0.59999999999999998,0.10000000000000001,0.55000000000000004,4.9000000000000004,1,1.8,,1,1,9.9999999999999994e-12,2000,true,converged_trial,0,17,66,9.0483176506950258e-12,0.0095429999999999994,,max
SDLP,default,baseline,12,P12,10000,5.0,0.001,0.5,,0.59999999999999998,0.10000000000000001,0.55000000000000004,4.9000000000000004,1,1.8,,1,1,9.9999999999999994e-12,2000,true,converged_trial,0,18,70,9.2092999892656735e-12,0.0058326000000000003,,max
SDLP,default,baseline,12,P12,10000,1/k,0.001,0.5,,0.59999999999999998,0.10000000000000001,0.55000000000000004,4.9000000000000004,1,1.8,,1,1,9.9999999999999994e-12,2000,true,converged_trial,0,27,99,8.7122377732189492e-12,0.0082798999999999998,,max
SDLP,default,baseline,12,P12,10000,k/n,0.001,0.5,,0.59999999999999998,0.10000000000000001,0.55000000000000004,4.9000000000000004,1,1.8,,1,1,9.9999999999999994e-12,2000,true,converged_trial,0,20,75,7.595287766124043e-12,0.0067790000000000003,,max
SDLP,default,baseline,13,P13,10000,0.4,0.001,0.5,,0.59999999999999998,0.10000000000000001,0.55000000000000004,4.9000000000000004,1,1.8,,1,1,9.9999999999999994e-12,2000,true,converged_projected,0,18,81,5.1181281435219717e-12,0.0091199000000000002,,max
SDLP,default,baseline,13,P13,10000,0.5,0.001,0.5,,0.59999999999999998,0.10000000000000001,0.55000000000000004,4.9000000000000004,1,1.8,,1,1,9.9999999999999994e-12,2000,true,converged_trial,0,19,84,2.7977620220553945e-12,0.0064755999999999998,,max
SDLP,default,baseline,13,P13,10000,0.6,0.001,0.5,,0.59999999999999998,0.10000000000000001,0.55000000000000004,4.9000000000000004,1,1.8,,1,1,9.9999999999999994e-12,2000,true,converged_trial,0,19,84,4.3409720262843621e-12,0.0068831999999999999,,max
SDLP,default,baseline,13,P13,10000,0.8,0.001,0.5,,0.59999999999999998,0.10000000000000001,0.55000000000000004,4.9000000000000004,1,1.8,,1,1,9.9999999999999994e-12,2000,true,converged_trial,0,19,84,7.1831429693247628e-12,0.0068970000000000004,,max
SDLP,default,baseline,13,P13,10000,1.0,0.001,0.5,,0.59999999999999998,0.10000000000000001,0.55000000000000004,4.9000000000000004,1,1.8,,1,1,9.9999999999999994e-12,2000,true,converged_trial,0,19,84,7.0277117458772409e-12,0.0083730999999999996,,max
SDLP,default,baseline,13,P13,10000,1.1,0.001,0.5,,0.59999999999999998,0.10000000000000001,0.55000000000000004,4.9000000000000004,1,1.8,,1,1,9.9999999999999994e-12,2000,true,converged_trial,0,19,84,6.8167693711984612e-12,0.0067321000000000004,,max
SDLP,default,baseline,13,P13,10000,2.0,0.001,0.5,,0.59999999999999998,0.10000000000000001,0.55000000000000004,4.9000000000000004,1,1.8,,1,1,9.9999999999999994e-12,2000,true,converged_trial,0,17,75,7.7271522513910895e-12,0.0061896,,max
SDLP,default,baseline,13,P13,10000,5.0,0.001,0.5,,0.59999999999999998,0.10000000000000001,0.55000000000000004,4.9000000000000004,1,1.8,,1,1,9.9999999999999994e-12,2000,true,converged_trial,0,19,84,3.2640556923979602e-12,0.0088316000000000002,,max
SDLP,default,baseline,13,P13,10000,1/k,0.001,0.5,,0.59999999999999998,0.10000000000000001,0.55000000000000004,4.9000000000000004,1,1.8,,1,1,9.9999999999999994e-12,2000,true,converged_trial,0,46,186,8.9703349184947619e-12,0.017028700000000001,,max
SDLP,default,baseline,13,P13,10000,k/n,0.001,0.5,,0.59999999999999998,0.10000000000000001,0.55000000000000004,4.9000000000000004,1,1.8,,1,1,9.9999999999999994e-12,2000,true,converged_trial,0,56,224,8.2143565209488346e-12,0.021654400000000001,,max
SDLP,default,baseline,14,P14,10000,0.4,0.001,0.5,,0.59999999999999998,0.10000000000000001,0.55000000000000004,4.9000000000000004,1,1.8,,1,1,9.9999999999999994e-12,2000,true,converged_trial,0,25,111,2.4091839634365897e-12,0.0099133999999999993,,max
SDLP,default,baseline,14,P14,10000,0.5,0.001,0.5,,0.59999999999999998,0.10000000000000001,0.55000000000000004,4.9000000000000004,1,1.8,,1,1,9.9999999999999994e-12,2000,true,converged_projected,0,24,108,7.8270723236073536e-12,0.0097038000000000003,,max
SDLP,default,baseline,14,P14,10000,0.6,0.001,0.5,,0.59999999999999998,0.10000000000000001,0.55000000000000004,4.9000000000000004,1,1.8,,1,1,9.9999999999999994e-12,2000,true,converged_trial,0,23,102,8.4710016778899444e-12,0.0093726999999999994,,max
SDLP,default,baseline,14,P14,10000,0.8,0.001,0.5,,0.59999999999999998,0.10000000000000001,0.55000000000000004,4.9000000000000004,1,1.8,,1,1,9.9999999999999994e-12,2000,true,converged_projected,0,24,108,7.1387340483397566e-12,0.0099635999999999995,,max
SDLP,default,baseline,14,P14,10000,1.0,0.001,0.5,,0.59999999999999998,0.10000000000000001,0.55000000000000004,4.9000000000000004,1,1.8,,1,1,9.9999999999999994e-12,2000,true,converged_trial,0,25,111,3.397282455352979e-12,0.011321700000000001,,max
SDLP,default,baseline,14,P14,10000,1.1,0.001,0.5,,0.59999999999999998,0.10000000000000001,0.55000000000000004,4.9000000000000004,1,1.8,,1,1,9.9999999999999994e-12,2000,true,converged_trial,0,23,102,6.2727600891321345e-12,0.0089958,,max
SDLP,default,baseline,14,P14,10000,2.0,0.001,0.5,,0.59999999999999998,0.10000000000000001,0.55000000000000004,4.9000000000000004,1,1.8,,1,1,9.9999999999999994e-12,2000,true,converged_projected,0,24,103,5.007105841059456e-12,0.0115444,,max
SDLP,default,baseline,14,P14,10000,5.0,0.001,0.5,,0.59999999999999998,0.10000000000000001,0.55000000000000004,4.9000000000000004,1,1.8,,1,1,9.9999999999999994e-12,2000,true,converged_trial,0,25,110,4.3853809472693683e-12,0.0131854,,max
SDLP,default,baseline,14,P14,10000,1/k,0.001,0.5,,0.59999999999999998,0.10000000000000001,0.55000000000000004,4.9000000000000004,1,1.8,,1,1,9.9999999999999994e-12,2000,true,converged_trial,0,61,245,7.4855285511234828e-12,0.0228002,,max
SDLP,default,baseline,14,P14,10000,k/n,0.001,0.5,,0.59999999999999998,0.10000000000000001,0.55000000000000004,4.9000000000000004,1,1.8,,1,1,9.9999999999999994e-12,2000,true,converged_trial,0,48,194,7.9433796874228398e-12,0.017682199999999999,,max
SDLP,default,baseline,15,P15,10000,0.4,0.001,0.5,,0.59999999999999998,0.10000000000000001,0.55000000000000004,4.9000000000000004,1,1.8,,1,1,9.9999999999999994e-12,2000,true,converged_projected,0,1,5,0,0.00074319999999999996,,max
SDLP,default,baseline,15,P15,10000,0.5,0.001,0.5,,0.59999999999999998,0.10000000000000001,0.55000000000000004,4.9000000000000004,1,1.8,,1,1,9.9999999999999994e-12,2000,true,converged_projected,0,1,5,0,0.00073300000000000004,,max
SDLP,default,baseline,15,P15,10000,0.6,0.001,0.5,,0.59999999999999998,0.10000000000000001,0.55000000000000004,4.9000000000000004,1,1.8,,1,1,9.9999999999999994e-12,2000,true,converged_projected,0,1,5,0,0.00088239999999999998,,max
SDLP,default,baseline,15,P15,10000,0.8,0.001,0.5,,0.59999999999999998,0.10000000000000001,0.55000000000000004,4.9000000000000004,1,1.8,,1,1,9.9999999999999994e-12,2000,true,converged_projected,0,1,3,0,0.0016360000000000001,,max
SDLP,default,baseline,15,P15,10000,1.0,0.001,0.5,,0.59999999999999998,0.10000000000000001,0.55000000000000004,4.9000000000000004,1,1.8,,1,1,9.9999999999999994e-12,2000,true,converged_projected,0,1,6,0,0.00089249999999999996,,max
SDLP,default,baseline,15,P15,10000,1.1,0.001,0.5,,0.59999999999999998,0.10000000000000001,0.55000000000000004,4.9000000000000004,1,1.8,,1,1,9.9999999999999994e-12,2000,true,converged_projected,0,1,6,0,0.00089769999999999997,,max
SDLP,default,baseline,15,P15,10000,2.0,0.001,0.5,,0.59999999999999998,0.10000000000000001,0.55000000000000004,4.9000000000000004,1,1.8,,1,1,9.9999999999999994e-12,2000,true,converged_projected,0,2,14,0,0.0022290999999999999,,max
SDLP,default,baseline,15,P15,10000,5.0,0.001,0.5,,0.59999999999999998,0.10000000000000001,0.55000000000000004,4.9000000000000004,1,1.8,,1,1,9.9999999999999994e-12,2000,true,converged_projected,0,1,15,0,0.0027483999999999998,,max
SDLP,default,baseline,15,P15,10000,1/k,0.001,0.5,,0.59999999999999998,0.10000000000000001,0.55000000000000004,4.9000000000000004,1,1.8,,1,1,9.9999999999999994e-12,2000,true,converged_trial,0,22,111,5.429801975673458e-12,0.016586099999999999,,max
SDLP,default,baseline,15,P15,10000,k/n,0.001,0.5,,0.59999999999999998,0.10000000000000001,0.55000000000000004,4.9000000000000004,1,1.8,,1,1,9.9999999999999994e-12,2000,true,converged_trial,0,26,131,6.8978359435122937e-12,0.020722399999999998,,max
SDLP,default,baseline,16,P16,10000,0.4,0.001,0.5,,0.59999999999999998,0.10000000000000001,0.55000000000000004,4.9000000000000004,1,1.8,,1,1,9.9999999999999994e-12,2000,true,converged_trial,0,87,356,7.4467799126884076e-12,0.019314999999999999,,max
SDLP,default,baseline,16,P16,10000,0.5,0.001,0.5,,0.59999999999999998,0.10000000000000001,0.55000000000000004,4.9000000000000004,1,1.8,,1,1,9.9999999999999994e-12,2000,true,converged_trial,0,85,349,9.8411069420539004e-12,0.018979200000000002,,max
SDLP,default,baseline,16,P16,10000,0.6,0.001,0.5,,0.59999999999999998,0.10000000000000001,0.55000000000000004,4.9000000000000004,1,1.8,,1,1,9.9999999999999994e-12,2000,true,converged_trial,0,85,349,9.4030310159862455e-12,0.019534099999999999,,max
SDLP,default,baseline,16,P16,10000,0.8,0.001,0.5,,0.59999999999999998,0.10000000000000001,0.55000000000000004,4.9000000000000004,1,1.8,,1,1,9.9999999999999994e-12,2000,true,converged_trial,0,83,342,9.405530651934562e-12,0.017890300000000001,,max
SDLP,default,baseline,16,P16,10000,1.0,0.001,0.5,,0.59999999999999998,0.10000000000000001,0.55000000000000004,4.9000000000000004,1,1.8,,1,1,9.9999999999999994e-12,2000,true,converged_trial,0,80,332,7.1834481386136527e-12,0.017450500000000001,,max
SDLP,default,baseline,16,P16,10000,1.1,0.001,0.5,,0.59999999999999998,0.10000000000000001,0.55000000000000004,4.9000000000000004,1,1.8,,1,1,9.9999999999999994e-12,2000,true,converged_trial,0,82,337,7.2386840181873246e-12,0.018242899999999999,,max
SDLP,default,baseline,16,P16,10000,2.0,0.001,0.5,,0.59999999999999998,0.10000000000000001,0.55000000000000004,4.9000000000000004,1,1.8,,1,1,9.9999999999999994e-12,2000,true,converged_trial,0,79,324,7.2923331601876801e-12,0.017604399999999999,,max
SDLP,default,baseline,16,P16,10000,5.0,0.001,0.5,,0.59999999999999998,0.10000000000000001,0.55000000000000004,4.9000000000000004,1,1.8,,1,1,9.9999999999999994e-12,2000,true,converged_trial,0,98,393,9.6981215817116158e-12,0.0203453,,max
SDLP,default,baseline,16,P16,10000,1/k,0.001,0.5,,0.59999999999999998,0.10000000000000001,0.55000000000000004,4.9000000000000004,1,1.8,,1,1,9.9999999999999994e-12,2000,true,converged_trial,0,88,359,8.3394059997269819e-12,0.019294599999999999,,max
SDLP,default,baseline,16,P16,10000,k/n,0.001,0.5,,0.59999999999999998,0.10000000000000001,0.55000000000000004,4.9000000000000004,1,1.8,,1,1,9.9999999999999994e-12,2000,true,converged_trial,0,83,340,9.9456562888785035e-12,0.019250300000000001,,max
SDLP,default,baseline,17,P17,10000,0.4,0.001,0.5,,0.59999999999999998,0.10000000000000001,0.55000000000000004,4.9000000000000004,1,1.8,,1,1,9.9999999999999994e-12,2000,true,converged_projected,0,1,3,0,0.0002119,,max
SDLP,default,baseline,17,P17,10000,0.5,0.001,0.5,,0.59999999999999998,0.10000000000000001,0.55000000000000004,4.9000000000000004,1,1.8,,1,1,9.9999999999999994e-12,2000,true,converged_projected,0,1,3,0,0.00020589999999999999,,max
SDLP,default,baseline,17,P17,10000,0.6,0.001,0.5,,0.59999999999999998,0.10000000000000001,0.55000000000000004,4.9000000000000004,1,1.8,,1,1,9.9999999999999994e-12,2000,true,converged_projected,0,1,3,0,0.00023389999999999999,,max
SDLP,default,baseline,17,P17,10000,0.8,0.001,0.5,,0.59999999999999998,0.10000000000000001,0.55000000000000004,4.9000000000000004,1,1.8,,1,1,9.9999999999999994e-12,2000,true,converged_projected,0,1,3,0,0.00022100000000000001,,max
SDLP,default,baseline,17,P17,10000,1.0,0.001,0.5,,0.59999999999999998,0.10000000000000001,0.55000000000000004,4.9000000000000004,1,1.8,,1,1,9.9999999999999994e-12,2000,true,converged_projected,0,1,3,0,0.0002198,,max
SDLP,default,baseline,17,P17,10000,1.1,0.001,0.5,,0.59999999999999998,0.10000000000000001,0.55000000000000004,4.9000000000000004,1,1.8,,1,1,9.9999999999999994e-12,2000,true,converged_projected,0,1,3,0,0.00022000000000000001,,max
SDLP,default,baseline,17,P17,10000,2.0,0.001,0.5,,0.59999999999999998,0.10000000000000001,0.55000000000000004,4.9000000000000004,1,1.8,,1,1,9.9999999999999994e-12,2000,true,converged_projected,0,2,7,0,0.0020045000000000002,,max
SDLP,default,baseline,17,P17,10000,5.0,0.001,0.5,,0.59999999999999998,0.10000000000000001,0.55000000000000004,4.9000000000000004,1,1.8,,1,1,9.9999999999999994e-12,2000,true,converged_projected,0,1,4,0,0.00028830000000000001,,max
SDLP,default,baseline,17,P17,10000,1/k,0.001,0.5,,0.59999999999999998,0.10000000000000001,0.55000000000000004,4.9000000000000004,1,1.8,,1,1,9.9999999999999994e-12,2000,true,converged_projected,0,1,3,0,0.00019330000000000001,,max
SDLP,default,baseline,17,P17,10000,k/n,0.001,0.5,,0.59999999999999998,0.10000000000000001,0.55000000000000004,4.9000000000000004,1,1.8,,1,1,9.9999999999999994e-12,2000,true,converged_projected,0,1,3,0,0.00019870000000000001,,max
SDLP,default,baseline,18,P18,10000,0.4,0.001,0.5,,0.59999999999999998,0.10000000000000001,0.55000000000000004,4.9000000000000004,1,1.8,,1,1,9.9999999999999994e-12,2000,true,converged_projected,0,2,7,5.595524044110789e-12,0.00088710000000000004,,max
SDLP,default,baseline,18,P18,10000,0.5,0.001,0.5,,0.59999999999999998,0.10000000000000001,0.55000000000000004,4.9000000000000004,1,1.8,,1,1,9.9999999999999994e-12,2000,true,converged_projected,0,2,7,5.595524044110789e-12,0.00088150000000000001,,max
SDLP,default,baseline,18,P18,10000,0.6,0.001,0.5,,0.59999999999999998,0.10000000000000001,0.55000000000000004,4.9000000000000004,1,1.8,,1,1,9.9999999999999994e-12,2000,true,converged_projected,0,2,7,5.595524044110789e-12,0.00089990000000000003,,max
SDLP,default,baseline,18,P18,10000,0.8,0.001,0.5,,0.59999999999999998,0.10000000000000001,0.55000000000000004,4.9000000000000004,1,1.8,,1,1,9.9999999999999994e-12,2000,true,converged_projected,0,2,7,5.595524044110789e-12,0.00089360000000000004,,max
SDLP,default,baseline,18,P18,10000,1.0,0.001,0.5,,0.59999999999999998,0.10000000000000001,0.55000000000000004,4.9000000000000004,1,1.8,,1,1,9.9999999999999994e-12,2000,true,converged_projected,0,2,7,5.595524044110789e-12,0.00091160000000000004,,max
SDLP,default,baseline,18,P18,10000,1.1,0.001,0.5,,0.59999999999999998,0.10000000000000001,0.55000000000000004,4.9000000000000004,1,1.8,,1,1,9.9999999999999994e-12,2000,true,converged_trial,0,6,17,4.7073456244106637e-12,0.0034096,,max
SDLP,default,baseline,18,P18,10000,2.0,0.001,0.5,,0.59999999999999998,0.10000000000000001,0.55000000000000004,4.9000000000000004,1,1.8,,1,1,9.9999999999999994e-12,2000,true,converged_trial,0,5,14,7.0610184366159956e-12,0.0024581,,max
SDLP,default,baseline,18,P18,10000,5.0,0.001,0.5,,0.59999999999999998,0.10000000000000001,0.55000000000000004,4.9000000000000004,1,1.8,,1,1,9.9999999999999994e-12,2000,true,converged_projected,0,6,17,8.4376949871511897e-12,0.0026136000000000002,,max
SDLP,default,baseline,18,P18,10000,1/k,0.001,0.5,,0.59999999999999998,0.10000000000000001,0.55000000000000004,4.9000000000000004,1,1.8,,1,1,9.9999999999999994e-12,2000,true,converged_projected,0,2,7,5.595524044110789e-12,0.00092310000000000005,,max
SDLP,default,baseline,18,P18,10000,k/n,0.001,0.5,,0.59999999999999998,0.10000000000000001,0.55000000000000004,4.9000000000000004,1,1.8,,1,1,9.9999999999999994e-12,2000,true,converged_projected,0,2,7,5.595524044110789e-12,0.0020309999999999998,,max
SDLP,default,baseline,19,P19,10000,0.4,0.001,0.5,,0.59999999999999998,0.10000000000000001,0.55000000000000004,4.9000000000000004,1,1.8,,1,1,9.9999999999999994e-12,2000,true,converged_trial,0,34,116,4.0530079292722121e-12,0.0071037000000000001,,max
SDLP,default,baseline,19,P19,10000,0.5,0.001,0.5,,0.59999999999999998,0.10000000000000001,0.55000000000000004,4.9000000000000004,1,1.8,,1,1,9.9999999999999994e-12,2000,true,converged_trial,0,34,117,4.0530079292722121e-12,0.0083373000000000006,,max
SDLP,default,baseline,19,P19,10000,0.6,0.001,0.5,,0.59999999999999998,0.10000000000000001,0.55000000000000004,4.9000000000000004,1,1.8,,1,1,9.9999999999999994e-12,2000,true,converged_trial,0,22,98,9.8161062611623606e-12,0.0064225000000000003,,max
SDLP,default,baseline,19,P19,10000,0.8,0.001,0.5,,0.59999999999999998,0.10000000000000001,0.55000000000000004,4.9000000000000004,1,1.8,,1,1,9.9999999999999994e-12,2000,true,converged_trial,0,34,118,4.0530079292722121e-12,0.0087957999999999995,,max
SDLP,default,baseline,19,P19,10000,1.0,0.001,0.5,,0.59999999999999998,0.10000000000000001,0.55000000000000004,4.9000000000000004,1,1.8,,1,1,9.9999999999999994e-12,2000,true,converged_trial,0,34,119,4.0530079292722121e-12,0.0071352999999999998,,max
SDLP,default,baseline,19,P19,10000,1.1,0.001,0.5,,0.59999999999999998,0.10000000000000001,0.55000000000000004,4.9000000000000004,1,1.8,,1,1,9.9999999999999994e-12,2000,true,converged_trial,0,34,119,4.0530079292722121e-12,0.0081662999999999996,,max
SDLP,default,baseline,19,P19,10000,2.0,0.001,0.5,,0.59999999999999998,0.10000000000000001,0.55000000000000004,4.9000000000000004,1,1.8,,1,1,9.9999999999999994e-12,2000,true,converged_trial,0,34,121,4.0530079292722121e-12,0.0082234999999999999,,max
SDLP,default,baseline,19,P19,10000,5.0,0.001,0.5,,0.59999999999999998,0.10000000000000001,0.55000000000000004,4.9000000000000004,1,1.8,,1,1,9.9999999999999994e-12,2000,true,converged_trial,0,34,124,4.0530079292722121e-12,0.0087039000000000005,,max
SDLP,default,baseline,19,P19,10000,1/k,0.001,0.5,,0.59999999999999998,0.10000000000000001,0.55000000000000004,4.9000000000000004,1,1.8,,1,1,9.9999999999999994e-12,2000,false,maxiter,0,2000,5006,2.2659684970766535e-06,0.67825230000000003,,max
SDLP,default,baseline,19,P19,10000,k/n,0.001,0.5,,0.59999999999999998,0.10000000000000001,0.55000000000000004,4.9000000000000004,1,1.8,,1,1,9.9999999999999994e-12,2000,false,maxiter,0,2000,5016,6.22896294776556e-07,0.63112829999999998,,max
SDLP,default,baseline,20,P20,10000,0.4,0.001,0.5,,0.59999999999999998,0.10000000000000001,0.55000000000000004,4.9000000000000004,1,1.8,,1,1,9.9999999999999994e-12,2000,true,converged_trial,0,26,113,1.7384772570666944e-12,0.030309699999999998,,max
SDLP,default,baseline,20,P20,10000,0.5,0.001,0.5,,0.59999999999999998,0.10000000000000001,0.55000000000000004,4.9000000000000004,1,1.8,,1,1,9.9999999999999994e-12,2000,true,converged_trial,0,26,114,7.5243094686742905e-12,0.020282999999999999,,max
SDLP,default,baseline,20,P20,10000,0.6,0.001,0.5,,0.59999999999999998,0.10000000000000001,0.55000000000000004,4.9000000000000004,1,1.8,,1,1,9.9999999999999994e-12,2000,true,converged_projected,0,29,128,7.7592886287975763e-12,0.022907299999999998,,max
SDLP,default,baseline,20,P20,10000,0.8,0.001,0.5,,0.59999999999999998,0.10000000000000001,0.55000000000000004,4.9000000000000004,1,1.8,,1,1,9.9999999999999994e-12,2000,true,converged_projected,0,29,129,8.6194045390448527e-12,0.023744700000000001,,max
SDLP,default,baseline,20,P20,10000,1.0,0.001,0.5,,0.59999999999999998,0.10000000000000001,0.55000000000000004,4.9000000000000004,1,1.8,,1,1,9.9999999999999994e-12,2000,true,converged_trial,0,27,120,2.7970814542941664e-12,0.025413100000000001,,max
SDLP,default,baseline,20,P20,10000,1.1,0.001,0.5,,0.59999999999999998,0.10000000000000001,0.55000000000000004,4.9000000000000004,1,1.8,,1,1,9.9999999999999994e-12,2000,true,converged_projected,0,2,5,0,0.0012162,,max
SDLP,default,baseline,20,P20,10000,2.0,0.001,0.5,,0.59999999999999998,0.10000000000000001,0.55000000000000004,4.9000000000000004,1,1.8,,1,1,9.9999999999999994e-12,2000,true,converged_trial,0,30,134,5.1789408980559764e-12,0.034009999999999999,,max
SDLP,default,baseline,20,P20,10000,5.0,0.001,0.5,,0.59999999999999998,0.10000000000000001,0.55000000000000004,4.9000000000000004,1,1.8,,1,1,9.9999999999999994e-12,2000,true,converged_projected,0,2,5,0,0.0012848,,max
SDLP,default,baseline,20,P20,10000,1/k,0.001,0.5,,0.59999999999999998,0.10000000000000001,0.55000000000000004,4.9000000000000004,1,1.8,,1,1,9.9999999999999994e-12,2000,true,converged_trial,0,43,168,2.6320839927621883e-12,0.042031899999999997,,max
SDLP,default,baseline,20,P20,10000,k/n,0.001,0.5,,0.59999999999999998,0.10000000000000001,0.55000000000000004,4.9000000000000004,1,1.8,,1,1,9.9999999999999994e-12,2000,true,converged_trial,0,32,132,3.8891564313839747e-12,0.0238353,,max
SDLP,srule=r1,srule,1,P1,10000,0.4,0.001,0.5,,0.59999999999999998,0.10000000000000001,0.55000000000000004,4.9000000000000004,1,1.8,,1,1,9.9999999999999994e-12,2000,true,converged_projected,0,1,3,0,0.00027310000000000002,,r1
SDLP,srule=r1,srule,1,P1,10000,0.5,0.001,0.5,,0.59999999999999998,0.10000000000000001,0.55000000000000004,4.9000000000000004,1,1.8,,1,1,9.9999999999999994e-12,2000,true,converged_projected,0,1,3,0,0.00021499999999999999,,r1
SDLP,srule=r1,srule,1,P1,10000,0.6,0.001,0.5,,0.59999999999999998,0.10000000000000001,0.55000000000000004,4.9000000000000004,1,1.8,,1,1,9.9999999999999994e-12,2000,true,converged_projected,0,1,3,0,0.00021220000000000001,,r1
SDLP,srule=r1,srule,1,P1,10000,0.8,0.001,0.5,,0.59999999999999998,0.10000000000000001,0.55000000000000004,4.9000000000000004,1,1.8,,1,1,9.9999999999999994e-12,2000,true,converged_projected,0,1,3,0,0.00023029999999999999,,r1
SDLP,srule=r1,srule,1,P1,10000,1.0,0.001,0.5,,0.59999999999999998,0.10000000000000001,0.55000000000000004,4.9000000000000004,1,1.8,,1,1,9.9999999999999994e-12,2000,true,converged_projected,0,1,3,0,0.0002275,,r1
SDLP,srule=r1,srule,1,P1,10000,1.1,0.001,0.5,,0.59999999999999998,0.10000000000000001,0.55000000000000004,4.9000000000000004,1,1.8,,1,1,9.9999999999999994e-12,2000,true,converged_projected,0,1,3,0,0.0002229,,r1
SDLP,srule=r1,srule,1,P1,10000,2.0,0.001,0.5,,0.59999999999999998,0.10000000000000001,0.55000000000000004,4.9000000000000004,1,1.8,,1,1,9.9999999999999994e-12,2000,true,converged_projected,0,2,7,0,0.00055270000000000004,,r1
SDLP,srule=r1,srule,1,P1,10000,5.0,0.001,0.5,,0.59999999999999998,0.10000000000000001,0.55000000000000004,4.9000000000000004,1,1.8,,1,1,9.9999999999999994e-12,2000,true,converged_projected,0,1,4,0,0.00031290000000000002,,r1
SDLP,srule=r1,srule,1,P1,10000,1/k,0.001,0.5,,0.59999999999999998,0.10000000000000001,0.55000000000000004,4.9000000000000004,1,1.8,,1,1,9.9999999999999994e-12,2000,true,converged_projected,0,1,3,0,0.00021159999999999999,,r1
SDLP,srule=r1,srule,1,P1,10000,k/n,0.001,0.5,,0.59999999999999998,0.10000000000000001,0.55000000000000004,4.9000000000000004,1,1.8,,1,1,9.9999999999999994e-12,2000,true,converged_projected,0,1,3,0,0.00021680000000000001,,r1
SDLP,srule=r1,srule,2,P2,10000,0.4,0.001,0.5,,0.59999999999999998,0.10000000000000001,0.55000000000000004,4.9000000000000004,1,1.8,,1,1,9.9999999999999994e-12,2000,true,converged_projected,0,2,6,0,0.00058290000000000002,,r1
SDLP,srule=r1,srule,2,P2,10000,0.5,0.001,0.5,,0.59999999999999998,0.10000000000000001,0.55000000000000004,4.9000000000000004,1,1.8,,1,1,9.9999999999999994e-12,2000,true,converged_projected,0,2,6,0,0.0005708,,r1
SDLP,srule=r1,srule,2,P2,10000,0.6,0.001,0.5,,0.59999999999999998,0.10000000000000001,0.55000000000000004,4.9000000000000004,1,1.8,,1,1,9.9999999999999994e-12,2000,true,converged_projected,0,2,6,0,0.00060249999999999995,,r1
SDLP,srule=r1,srule,2,P2,10000,0.8,0.001,0.5,,0.59999999999999998,0.10000000000000001,0.55000000000000004,4.9000000000000004,1,1.8,,1,1,9.9999999999999994e-12,2000,true,converged_projected,0,2,6,0,0.00060729999999999996,,r1
SDLP,srule=r1,srule,2,P2,10000,1.0,0.001,0.5,,0.59999999999999998,0.10000000000000001,0.55000000000000004,4.9000000000000004,1,1.8,,1,1,9.9999999999999994e-12,2000,true,converged_projected,0,2,6,0,0.00062009999999999995,,r1
SDLP,srule=r1,srule,2,P2,10000,1.1,0.001,0.5,,0.59999999999999998,0.10000000000000001,0.55000000000000004,4.9000000000000004,1,1.8,,1,1,9.9999999999999994e-12,2000,true,converged_projected,0,2,6,0,0.0006223,,r1
SDLP,srule=r1,srule,2,P2,10000,2.0,0.001,0.5,,0.59999999999999998,0.10000000000000001,0.55000000000000004,4.9000000000000004,1,1.8,,1,1,9.9999999999999994e-12,2000,true,converged_projected,0,2,5,0,0.00055420000000000003,,r1
SDLP,srule=r1,srule,2,P2,10000,5.0,0.001,0.5,,0.59999999999999998,0.10000000000000001,0.55000000000000004,4.9000000000000004,1,1.8,,1,1,9.9999999999999994e-12,2000,true,converged_projected,0,3,7,0,0.00093070000000000002,,r1
SDLP,srule=r1,srule,2,P2,10000,1/k,0.001,0.5,,0.59999999999999998,0.10000000000000001,0.55000000000000004,4.9000000000000004,1,1.8,,1,1,9.9999999999999994e-12,2000,true,converged_projected,0,2,6,0,0.00056899999999999995,,r1
SDLP,srule=r1,srule,2,P2,10000,k/n,0.001,0.5,,0.59999999999999998,0.10000000000000001,0.55000000000000004,4.9000000000000004,1,1.8,,1,1,9.9999999999999994e-12,2000,true,converged_projected,0,2,6,0,0.00059139999999999996,,r1
SDLP,srule=r1,srule,3,P3,10000,0.4,0.001,0.5,,0.59999999999999998,0.10000000000000001,0.55000000000000004,4.9000000000000004,1,1.8,,1,1,9.9999999999999994e-12,2000,true,converged_projected,0,1,3,0,0.00021589999999999999,,r1
SDLP,srule=r1,srule,3,P3,10000,0.5,0.001,0.5,,0.59999999999999998,0.10000000000000001,0.55000000000000004,4.9000000000000004,1,1.8,,1,1,9.9999999999999994e-12,2000,true,converged_projected,0,1,3,0,0.00035520000000000001,,r1
SDLP,srule=r1,srule,3,P3,10000,0.6,0.001,0.5,,0.59999999999999998,0.10000000000000001,0.55000000000000004,4.9000000000000004,1,1.8,,1,1,9.9999999999999994e-12,2000,true,converged_projected,0,1,3,0,0.00033139999999999998,,r1
SDLP,srule=r1,srule,3,P3,10000,0.8,0.001,0.5,,0.59999999999999998,0.10000000000000001,0.55000000000000004,4.9000000000000004,1,1.8,,1,1,9.9999999999999994e-12,2000,true,converged_projected,0,2,7,0,0.00057350000000000001,,r1
SDLP,srule=r1,srule,3,P3,10000,1.0,0.001,0.5,,0.59999999999999998,0.10000000000000001,0.55000000000000004,4.9000000000000004,1,1.8,,1,1,9.9999999999999994e-12,2000,true,converged_projected,0,2,7,0,0.00053549999999999995,,r1
SDLP,srule=r1,srule,3,P3,10000,1.1,0.001,0.5,,0.59999999999999998,0.10000000000000001,0.55000000000000004,4.9000000000000004,1,1.8,,1,1,9.9999999999999994e-12,2000,true,converged_projected,0,2,7,0,0.00052450000000000001,,r1
SDLP,srule=r1,srule,3,P3,10000,2.0,0.001,0.5,,0.59999999999999998,0.10000000000000001,0.55000000000000004,4.9000000000000004,1,1.8,,1,1,9.9999999999999994e-12,2000,true,converged_projected,0,4,15,0,0.0012113,,r1
SDLP,srule=r1,srule,3,P3,10000,5.0,0.001,0.5,,0.59999999999999998,0.10000000000000001,0.55000000000000004,4.9000000000000004,1,1.8,,1,1,9.9999999999999994e-12,2000,true,converged_projected,0,4,18,0,0.0013343000000000001,,r1
SDLP,srule=r1,srule,3,P3,10000,1/k,0.001,0.5,,0.59999999999999998,0.10000000000000001,0.55000000000000004,4.9000000000000004,1,1.8,,1,1,9.9999999999999994e-12,2000,true,converged_projected,0,16,48,9.1816723797222022e-12,0.0049100000000000003,,r1
SDLP,srule=r1,srule,3,P3,10000,k/n,0.001,0.5,,0.59999999999999998,0.10000000000000001,0.55000000000000004,4.9000000000000004,1,1.8,,1,1,9.9999999999999994e-12,2000,true,converged_trial,0,20,60,6.8492410135622996e-12,0.0079771000000000009,,r1
SDLP,srule=r1,srule,4,P4,10000,0.4,0.001,0.5,,0.59999999999999998,0.10000000000000001,0.55000000000000004,4.9000000000000004,1,1.8,,1,1,9.9999999999999994e-12,2000,true,converged_projected,0,1,4,0,0.00031930000000000001,,r1
SDLP,srule=r1,srule,4,P4,10000,0.5,0.001,0.5,,0.59999999999999998,0.10000000000000001,0.55000000000000004,4.9000000000000004,1,1.8,,1,1,9.9999999999999994e-12,2000,true,converged_projected,0,1,4,0,0.00030370000000000001,,r1
SDLP,srule=r1,srule,4,P4,10000,0.6,0.001,0.5,,0.59999999999999998,0.10000000000000001,0.55000000000000004,4.9000000000000004,1,1.8,,1,1,9.9999999999999994e-12,2000,true,converged_projected,0,1,4,0,0.00033,,r1
SDLP,srule=r1,srule,4,P4,10000,0.8,0.001,0.5,,0.59999999999999998,0.10000000000000001,0.55000000000000004,4.9000000000000004,1,1.8,,1,1,9.9999999999999994e-12,2000,true,converged_projected,0,1,4,0,0.00031330000000000003,,r1
SDLP,srule=r1,srule,4,P4,10000,1.0,0.001,0.5,,0.59999999999999998,0.10000000000000001,0.55000000000000004,4.9000000000000004,1,1.8,,1,1,9.9999999999999994e-12,2000,true,converged_projected,0,7,28,2.802373127686696e-12,0.0027212999999999998,,r1
SDLP,srule=r1,srule,4,P4,10000,1.1,0.001,0.5,,0.59999999999999998,0.10000000000000001,0.55000000000000004,4.9000000000000004,1,1.8,,1,1,9.9999999999999994e-12,2000,true,converged_projected,0,7,28,8.782595249271034e-12,0.0029175999999999998,,r1
SDLP,srule=r1,srule,4,P4,10000,2.0,0.001,0.5,,0.59999999999999998,0.10000000000000001,0.55000000000000004,4.9000000000000004,1,1.8,,1,1,9.9999999999999994e-12,2000,true,converged_projected,0,5,20,0,0.0017312,,r1
SDLP,srule=r1,srule,4,P4,10000,5.0,0.001,0.5,,0.59999999999999998,0.10000000000000001,0.55000000000000004,4.9000000000000004,1,1.8,,1,1,9.9999999999999994e-12,2000,false,maxiter,1,2000,4001,1.1400007942567722e+103,0.38230920000000002,,r1
SDLP,srule=r1,srule,4,P4,10000,1/k,0.001,0.5,,0.59999999999999998,0.10000000000000001,0.55000000000000004,4.9000000000000004,1,1.8,,1,1,9.9999999999999994e-12,2000,true,converged_trial,0,48,192,8.9119459318651607e-12,0.0123263,,r1
SDLP,srule=r1,srule,4,P4,10000,k/n,0.001,0.5,,0.59999999999999998,0.10000000000000001,0.55000000000000004,4.9000000000000004,1,1.8,,1,1,9.9999999999999994e-12,2000,true,converged_trial,0,34,135,5.7836204718545361e-12,0.0080265000000000006,,r1
SDLP,srule=r1,srule,5,P5,10000,0.4,0.001,0.5,,0.59999999999999998,0.10000000000000001,0.55000000000000004,4.9000000000000004,1,1.8,,1,1,9.9999999999999994e-12,2000,true,converged_trial,0,21,63,7.2574167937129372e-12,0.0106293,,r1
SDLP,srule=r1,srule,5,P5,10000,0.5,0.001,0.5,,0.59999999999999998,0.10000000000000001,0.55000000000000004,4.9000000000000004,1,1.8,,1,1,9.9999999999999994e-12,2000,true,converged_trial,0,21,63,7.1805275284282635e-12,0.0105153,,r1
SDLP,srule=r1,srule,5,P5,10000,0.6,0.001,0.5,,0.59999999999999998,0.10000000000000001,0.55000000000000004,4.9000000000000004,1,1.8,,1,1,9.9999999999999994e-12,2000,true,converged_trial,0,21,63,7.1461350644804752e-12,0.0108573,,r1
SDLP,srule=r1,srule,5,P5,10000,0.8,0.001,0.5,,0.59999999999999998,0.10000000000000001,0.55000000000000004,4.9000000000000004,1,1.8,,1,1,9.9999999999999994e-12,2000,true,converged_trial,0,21,63,7.0552603016060246e-12,0.0109424,,r1
SDLP,srule=r1,srule,5,P5,10000,1.0,0.001,0.5,,0.59999999999999998,0.10000000000000001,0.55000000000000004,4.9000000000000004,1,1.8,,1,1,9.9999999999999994e-12,2000,true,converged_trial,0,21,63,6.6238078122339154e-12,0.010895699999999999,,r1
SDLP,srule=r1,srule,5,P5,10000,1.1,0.001,0.5,,0.59999999999999998,0.10000000000000001,0.55000000000000004,4.9000000000000004,1,1.8,,1,1,9.9999999999999994e-12,2000,true,converged_trial,0,21,63,6.2615471505616258e-12,0.010633,,r1
SDLP,srule=r1,srule,5,P5,10000,2.0,0.001,0.5,,0.59999999999999998,0.10000000000000001,0.55000000000000004,4.9000000000000004,1,1.8,,1,1,9.9999999999999994e-12,2000,true,converged_projected,0,20,61,3.3892649924979974e-12,0.0093083999999999997,,r1
SDLP,srule=r1,srule,5,P5,10000,5.0,0.001,0.5,,0.59999999999999998,0.10000000000000001,0.55000000000000004,4.9000000000000004,1,1.8,,1,1,9.9999999999999994e-12,2000,true,converged_projected,0,20,61,5.4536373562327024e-12,0.010497299999999999,,r1
SDLP,srule=r1,srule,5,P5,10000,1/k,0.001,0.5,,0.59999999999999998,0.10000000000000001,0.55000000000000004,4.9000000000000004,1,1.8,,1,1,9.9999999999999994e-12,2000,true,converged_trial,0,21,63,9.7607179980069274e-12,0.0106929,,r1
SDLP,srule=r1,srule,5,P5,10000,k/n,0.001,0.5,,0.59999999999999998,0.10000000000000001,0.55000000000000004,4.9000000000000004,1,1.8,,1,1,9.9999999999999994e-12,2000,true,converged_trial,0,20,60,8.2821254996006771e-12,0.0101425,,r1
SDLP,srule=r1,srule,6,P6,10000,0.4,0.001,0.5,,0.59999999999999998,0.10000000000000001,0.55000000000000004,4.9000000000000004,1,1.8,,1,1,9.9999999999999994e-12,2000,true,converged_projected,0,15,60,5.1292303737682232e-12,0.0055009000000000004,,r1
SDLP,srule=r1,srule,6,P6,10000,0.5,0.001,0.5,,0.59999999999999998,0.10000000000000001,0.55000000000000004,4.9000000000000004,1,1.8,,1,1,9.9999999999999994e-12,2000,true,converged_trial,0,14,55,4.75175454539567e-12,0.0055225999999999999,,r1
SDLP,srule=r1,srule,6,P6,10000,0.6,0.001,0.5,,0.59999999999999998,0.10000000000000001,0.55000000000000004,4.9000000000000004,1,1.8,,1,1,9.9999999999999994e-12,2000,true,converged_projected,0,13,52,9.8809849191638932e-12,0.0039391000000000001,,r1
SDLP,srule=r1,srule,6,P6,10000,0.8,0.001,0.5,,0.59999999999999998,0.10000000000000001,0.55000000000000004,4.9000000000000004,1,1.8,,1,1,9.9999999999999994e-12,2000,true,converged_trial,0,16,63,6.6835426082434424e-12,0.0058431999999999998,,r1
SDLP,srule=r1,srule,6,P6,10000,1.0,0.001,0.5,,0.59999999999999998,0.10000000000000001,0.55000000000000004,4.9000000000000004,1,1.8,,1,1,9.9999999999999994e-12,2000,true,converged_projected,0,16,64,7.9047879353311146e-12,0.0059782999999999998,,r1
SDLP,srule=r1,srule,6,P6,10000,1.1,0.001,0.5,,0.59999999999999998,0.10000000000000001,0.55000000000000004,4.9000000000000004,1,1.8,,1,1,9.9999999999999994e-12,2000,true,converged_trial,0,17,67,4.8183679268731794e-12,0.0062469999999999999,,r1
SDLP,srule=r1,srule,6,P6,10000,2.0,0.001,0.5,,0.59999999999999998,0.10000000000000001,0.55000000000000004,4.9000000000000004,1,1.8,,1,1,9.9999999999999994e-12,2000,true,converged_trial,0,19,74,6.794564910705958e-12,0.0069725999999999998,,r1
SDLP,srule=r1,srule,6,P6,10000,5.0,0.001,0.5,,0.59999999999999998,0.10000000000000001,0.55000000000000004,4.9000000000000004,1,1.8,,1,1,9.9999999999999994e-12,2000,true,converged_trial,0,19,73,4.418687638008123e-12,0.0069147999999999996,,r1
SDLP,srule=r1,srule,6,P6,10000,1/k,0.001,0.5,,0.59999999999999998,0.10000000000000001,0.55000000000000004,4.9000000000000004,1,1.8,,1,1,9.9999999999999994e-12,2000,true,converged_trial,0,35,148,6.5679019670192535e-12,0.0158756,,r1
SDLP,srule=r1,srule,6,P6,10000,k/n,0.001,0.5,,0.59999999999999998,0.10000000000000001,0.55000000000000004,4.9000000000000004,1,1.8,,1,1,9.9999999999999994e-12,2000,true,converged_trial,0,28,119,2.7149372664857372e-12,0.0125845,,r1
SDLP,srule=r1,srule,8,P8,10000,0.4,0.001,0.5,,0.59999999999999998,0.10000000000000001,0.55000000000000004,4.9000000000000004,1,1.8,,1,1,9.9999999999999994e-12,2000,true,converged_projected,0,29,142,9.0790985191840526e-12,0.0070235999999999996,,r1
SDLP,srule=r1,srule,8,P8,10000,0.5,0.001,0.5,,0.59999999999999998,0.10000000000000001,0.55000000000000004,4.9000000000000004,1,1.8,,1,1,9.9999999999999994e-12,2000,true,converged_projected,0,23,106,9.9208386867323954e-12,0.0051238999999999998,,r1
SDLP,srule=r1,srule,8,P8,10000,0.6,0.001,0.5,,0.59999999999999998,0.10000000000000001,0.55000000000000004,4.9000000000000004,1,1.8,,1,1,9.9999999999999994e-12,2000,true,converged_projected,0,22,104,7.9522937055427595e-12,0.0056347000000000003,,r1
SDLP,srule=r1,srule,8,P8,10000,0.8,0.001,0.5,,0.59999999999999998,0.10000000000000001,0.55000000000000004,4.9000000000000004,1,1.8,,1,1,9.9999999999999994e-12,2000,true,converged_projected,0,25,120,7.8636621104624325e-12,0.0061827999999999996,,r1
SDLP,srule=r1,srule,8,P8,10000,1.0,0.001,0.5,,0.59999999999999998,0.10000000000000001,0.55000000000000004,4.9000000000000004,1,1.8,,1,1,9.9999999999999994e-12,2000,true,converged_trial,0,24,114,6.153336599891383e-12,0.0054006999999999996,,r1
SDLP,srule=r1,srule,8,P8,10000,1.1,0.001,0.5,,0.59999999999999998,0.10000000000000001,0.55000000000000004,4.9000000000000004,1,1.8,,1,1,9.9999999999999994e-12,2000,true,converged_trial,0,26,128,5.6434342167149149e-12,0.0064641999999999998,,r1
SDLP,srule=r1,srule,8,P8,10000,2.0,0.001,0.5,,0.59999999999999998,0.10000000000000001,0.55000000000000004,4.9000000000000004,1,1.8,,1,1,9.9999999999999994e-12,2000,true,converged_trial,0,27,130,4.7428579906874657e-12,0.0056084000000000004,,r1
SDLP,srule=r1,srule,8,P8,10000,5.0,0.001,0.5,,0.59999999999999998,0.10000000000000001,0.55000000000000004,4.9000000000000004,1,1.8,,1,1,9.9999999999999994e-12,2000,true,converged_projected,0,24,122,4.1983593541890635e-12,0.0059546,,r1
SDLP,srule=r1,srule,8,P8,10000,1/k,0.001,0.5,,0.59999999999999998,0.10000000000000001,0.55000000000000004,4.9000000000000004,1,1.8,,1,1,9.9999999999999994e-12,2000,true,converged_projected,0,33,169,2.883392825676252e-12,0.0083999999999999995,,r1
SDLP,srule=r1,srule,8,P8,10000,k/n,0.001,0.5,,0.59999999999999998,0.10000000000000001,0.55000000000000004,4.9000000000000004,1,1.8,,1,1,9.9999999999999994e-12,2000,true,converged_trial,0,26,125,6.106157454021915e-12,0.0057118999999999998,,r1
SDLP,srule=r1,srule,10,P10,10000,0.4,0.001,0.5,,0.59999999999999998,0.10000000000000001,0.55000000000000004,4.9000000000000004,1,1.8,,1,1,9.9999999999999994e-12,2000,true,converged_trial,0,23,89,3.8191672047105385e-12,0.0046033000000000003,,r1
SDLP,srule=r1,srule,10,P10,10000,0.5,0.001,0.5,,0.59999999999999998,0.10000000000000001,0.55000000000000004,4.9000000000000004,1,1.8,,1,1,9.9999999999999994e-12,2000,true,converged_trial,0,24,93,6.1950444774083735e-12,0.0054383000000000001,,r1
SDLP,srule=r1,srule,10,P10,10000,0.6,0.001,0.5,,0.59999999999999998,0.10000000000000001,0.55000000000000004,4.9000000000000004,1,1.8,,1,1,9.9999999999999994e-12,2000,true,converged_trial,0,25,97,5.7509552675583109e-12,0.0052954999999999999,,r1
SDLP,srule=r1,srule,10,P10,10000,0.8,0.001,0.5,,0.59999999999999998,0.10000000000000001,0.55000000000000004,4.9000000000000004,1,1.8,,1,1,9.9999999999999994e-12,2000,true,converged_trial,0,24,94,7.0166095156309893e-12,0.0051193000000000002,,r1
SDLP,srule=r1,srule,10,P10,10000,1.0,0.001,0.5,,0.59999999999999998,0.10000000000000001,0.55000000000000004,4.9000000000000004,1,1.8,,1,1,9.9999999999999994e-12,2000,true,converged_projected,0,20,80,9.6589403142388619e-12,0.0042456999999999998,,r1
SDLP,srule=r1,srule,10,P10,10000,1.1,0.001,0.5,,0.59999999999999998,0.10000000000000001,0.55000000000000004,4.9000000000000004,1,1.8,,1,1,9.9999999999999994e-12,2000,true,converged_trial,0,23,91,3.9523939676655573e-12,0.0052339999999999999,,r1
SDLP,srule=r1,srule,10,P10,10000,2.0,0.001,0.5,,0.59999999999999998,0.10000000000000001,0.55000000000000004,4.9000000000000004,1,1.8,,1,1,9.9999999999999994e-12,2000,true,converged_trial,0,17,68,8.1046280797636427e-12,0.0040372999999999997,,r1
SDLP,srule=r1,srule,10,P10,10000,5.0,0.001,0.5,,0.59999999999999998,0.10000000000000001,0.55000000000000004,4.9000000000000004,1,1.8,,1,1,9.9999999999999994e-12,2000,true,converged_trial,0,28,101,5.5733195836182858e-12,0.0057345,,r1
SDLP,srule=r1,srule,10,P10,10000,1/k,0.001,0.5,,0.59999999999999998,0.10000000000000001,0.55000000000000004,4.9000000000000004,1,1.8,,1,1,9.9999999999999994e-12,2000,true,converged_projected,0,40,137,8.6597135701174623e-12,0.0084370999999999995,,r1
SDLP,srule=r1,srule,10,P10,10000,k/n,0.001,0.5,,0.59999999999999998,0.10000000000000001,0.55000000000000004,4.9000000000000004,1,1.8,,1,1,9.9999999999999994e-12,2000,true,converged_projected,0,27,101,5.4095402041436984e-12,0.0052414999999999996,,r1
SDLP,srule=r1,srule,11,P11,10000,0.4,0.001,0.5,,0.59999999999999998,0.10000000000000001,0.55000000000000004,4.9000000000000004,1,1.8,,1,1,9.9999999999999994e-12,2000,true,converged_trial,0,22,62,4.6607102672459479e-12,0.0066138999999999998,,r1
SDLP,srule=r1,srule,11,P11,10000,0.5,0.001,0.5,,0.59999999999999998,0.10000000000000001,0.55000000000000004,4.9000000000000004,1,1.8,,1,1,9.9999999999999994e-12,2000,true,converged_projected,0,22,64,6.7073768159501657e-12,0.0066052999999999997,,r1
SDLP,srule=r1,srule,11,P11,10000,0.6,0.001,0.5,,0.59999999999999998,0.10000000000000001,0.55000000000000004,4.9000000000000004,1,1.8,,1,1,9.9999999999999994e-12,2000,true,converged_projected,0,21,61,3.267238613212361e-12,0.0063409,,r1
SDLP,srule=r1,srule,11,P11,10000,0.8,0.001,0.5,,0.59999999999999998,0.10000000000000001,0.55000000000000004,4.9000000000000004,1,1.8,,1,1,9.9999999999999994e-12,2000,true,converged_projected,0,22,64,8.2194328327679544e-12,0.036682899999999997,,r1
SDLP,srule=r1,srule,11,P11,10000,1.0,0.001,0.5,,0.59999999999999998,0.10000000000000001,0.55000000000000004,4.9000000000000004,1,1.8,,1,1,9.9999999999999994e-12,2000,true,converged_projected,0,20,60,3.0710683053149218e-12,0.0049889000000000001,,r1
SDLP,srule=r1,srule,11,P11,10000,1.1,0.001,0.5,,0.59999999999999998,0.10000000000000001,0.55000000000000004,4.9000000000000004,1,1.8,,1,1,9.9999999999999994e-12,2000,true,converged_trial,0,20,59,5.1172042534299675e-12,0.1486306,,r1
SDLP,srule=r1,srule,11,P11,10000,2.0,0.001,0.5,,0.59999999999999998,0.10000000000000001,0.55000000000000004,4.9000000000000004,1,1.8,,1,1,9.9999999999999994e-12,2000,true,converged_trial,0,21,64,7.4954890577570626e-12,0.0102002,,r1
SDLP,srule=r1,srule,11,P11,10000,5.0,0.001,0.5,,0.59999999999999998,0.10000000000000001,0.55000000000000004,4.9000000000000004,1,1.8,,1,1,9.9999999999999994e-12,2000,true,converged_projected,0,29,167,9.3430810273222991e-12,0.020600799999999999,,r1
SDLP,srule=r1,srule,11,P11,10000,1/k,0.001,0.5,,0.59999999999999998,0.10000000000000001,0.55000000000000004,4.9000000000000004,1,1.8,,1,1,9.9999999999999994e-12,2000,true,converged_projected,0,21,60,7.610883291196544e-12,0.0089552,,r1
SDLP,srule=r1,srule,11,P11,10000,k/n,0.001,0.5,,0.59999999999999998,0.10000000000000001,0.55000000000000004,4.9000000000000004,1,1.8,,1,1,9.9999999999999994e-12,2000,true,converged_trial,0,23,66,4.9791929826023307e-12,0.010064399999999999,,r1
SDLP,srule=r1,srule,12,P12,10000,0.4,0.001,0.5,,0.59999999999999998,0.10000000000000001,0.55000000000000004,4.9000000000000004,1,1.8,,1,1,9.9999999999999994e-12,2000,true,converged_projected,0,13,52,9.8809849191638932e-12,0.0064719,,r1
SDLP,srule=r1,srule,12,P12,10000,0.5,0.001,0.5,,0.59999999999999998,0.10000000000000001,0.55000000000000004,4.9000000000000004,1,1.8,,1,1,9.9999999999999994e-12,2000,true,converged_trial,0,14,55,4.7628567756419216e-12,0.0073099999999999997,,r1
SDLP,srule=r1,srule,12,P12,10000,0.6,0.001,0.5,,0.59999999999999998,0.10000000000000001,0.55000000000000004,4.9000000000000004,1,1.8,,1,1,9.9999999999999994e-12,2000,true,converged_projected,0,15,60,5.1070259132757201e-12,0.0077028000000000001,,r1
SDLP,srule=r1,srule,12,P12,10000,0.8,0.001,0.5,,0.59999999999999998,0.10000000000000001,0.55000000000000004,4.9000000000000004,1,1.8,,1,1,9.9999999999999994e-12,2000,true,converged_projected,0,16,64,3.8968828164342995e-12,0.015370200000000001,,r1
SDLP,srule=r1,srule,12,P12,10000,1.0,0.001,0.5,,0.59999999999999998,0.10000000000000001,0.55000000000000004,4.9000000000000004,1,1.8,,1,1,9.9999999999999994e-12,2000,true,converged_projected,0,16,64,8.404388296412435e-12,0.0050022,,r1
SDLP,srule=r1,srule,12,P12,10000,1.1,0.001,0.5,,0.59999999999999998,0.10000000000000001,0.55000000000000004,4.9000000000000004,1,1.8,,1,1,9.9999999999999994e-12,2000,true,converged_trial,0,17,67,5.8841820305133297e-12,0.0052852999999999997,,r1
SDLP,srule=r1,srule,12,P12,10000,2.0,0.001,0.5,,0.59999999999999998,0.10000000000000001,0.55000000000000004,4.9000000000000004,1,1.8,,1,1,9.9999999999999994e-12,2000,true,converged_trial,0,17,66,9.0427665355719e-12,0.0055376999999999996,,r1
SDLP,srule=r1,srule,12,P12,10000,5.0,0.001,0.5,,0.59999999999999998,0.10000000000000001,0.55000000000000004,4.9000000000000004,1,1.8,,1,1,9.9999999999999994e-12,2000,true,converged_trial,0,18,70,9.2092999892656735e-12,0.0057606000000000003,,r1
SDLP,srule=r1,srule,12,P12,10000,1/k,0.001,0.5,,0.59999999999999998,0.10000000000000001,0.55000000000000004,4.9000000000000004,1,1.8,,1,1,9.9999999999999994e-12,2000,true,converged_trial,0,27,99,8.7122377732189492e-12,0.0085354000000000003,,r1
SDLP,srule=r1,srule,12,P12,10000,k/n,0.001,0.5,,0.59999999999999998,0.10000000000000001,0.55000000000000004,4.9000000000000004,1,1.8,,1,1,9.9999999999999994e-12,2000,true,converged_trial,0,20,75,7.595287766124043e-12,0.0073413000000000003,,r1
SDLP,srule=r1,srule,13,P13,10000,0.4,0.001,0.5,,0.59999999999999998,0.10000000000000001,0.55000000000000004,4.9000000000000004,1,1.8,,1,1,9.9999999999999994e-12,2000,true,converged_projected,0,18,81,5.1181281435219717e-12,0.0097769999999999992,,r1
SDLP,srule=r1,srule,13,P13,10000,0.5,0.001,0.5,,0.59999999999999998,0.10000000000000001,0.55000000000000004,4.9000000000000004,1,1.8,,1,1,9.9999999999999994e-12,2000,true,converged_trial,0,19,84,2.7977620220553945e-12,0.010472800000000001,,r1
SDLP,srule=r1,srule,13,P13,10000,0.6,0.001,0.5,,0.59999999999999998,0.10000000000000001,0.55000000000000004,4.9000000000000004,1,1.8,,1,1,9.9999999999999994e-12,2000,true,converged_trial,0,19,84,4.3409720262843621e-12,0.0117076,,r1
SDLP,srule=r1,srule,13,P13,10000,0.8,0.001,0.5,,0.59999999999999998,0.10000000000000001,0.55000000000000004,4.9000000000000004,1,1.8,,1,1,9.9999999999999994e-12,2000,true,converged_trial,0,19,84,7.1831429693247628e-12,0.017466800000000001,,r1
SDLP,srule=r1,srule,13,P13,10000,1.0,0.001,0.5,,0.59999999999999998,0.10000000000000001,0.55000000000000004,4.9000000000000004,1,1.8,,1,1,9.9999999999999994e-12,2000,true,converged_trial,0,19,84,7.0277117458772409e-12,0.0068158000000000003,,r1
SDLP,srule=r1,srule,13,P13,10000,1.1,0.001,0.5,,0.59999999999999998,0.10000000000000001,0.55000000000000004,4.9000000000000004,1,1.8,,1,1,9.9999999999999994e-12,2000,true,converged_trial,0,19,84,6.8167693711984612e-12,0.0068022999999999998,,r1
SDLP,srule=r1,srule,13,P13,10000,2.0,0.001,0.5,,0.59999999999999998,0.10000000000000001,0.55000000000000004,4.9000000000000004,1,1.8,,1,1,9.9999999999999994e-12,2000,true,converged_trial,0,17,75,7.7271522513910895e-12,0.0061841999999999999,,r1
SDLP,srule=r1,srule,13,P13,10000,5.0,0.001,0.5,,0.59999999999999998,0.10000000000000001,0.55000000000000004,4.9000000000000004,1,1.8,,1,1,9.9999999999999994e-12,2000,true,converged_trial,0,19,84,3.2640556923979602e-12,0.0069617000000000004,,r1
SDLP,srule=r1,srule,13,P13,10000,1/k,0.001,0.5,,0.59999999999999998,0.10000000000000001,0.55000000000000004,4.9000000000000004,1,1.8,,1,1,9.9999999999999994e-12,2000,true,converged_trial,0,46,186,8.9703349184947619e-12,0.019958199999999999,,r1
SDLP,srule=r1,srule,13,P13,10000,k/n,0.001,0.5,,0.59999999999999998,0.10000000000000001,0.55000000000000004,4.9000000000000004,1,1.8,,1,1,9.9999999999999994e-12,2000,true,converged_trial,0,56,224,8.2143565209488346e-12,0.035140400000000002,,r1
SDLP,srule=r1,srule,14,P14,10000,0.4,0.001,0.5,,0.59999999999999998,0.10000000000000001,0.55000000000000004,4.9000000000000004,1,1.8,,1,1,9.9999999999999994e-12,2000,true,converged_trial,0,25,111,2.4091839634365897e-12,0.0090486999999999998,,r1
SDLP,srule=r1,srule,14,P14,10000,0.5,0.001,0.5,,0.59999999999999998,0.10000000000000001,0.55000000000000004,4.9000000000000004,1,1.8,,1,1,9.9999999999999994e-12,2000,true,converged_projected,0,24,108,7.8603790143461083e-12,0.0086742,,r1
SDLP,srule=r1,srule,14,P14,10000,0.6,0.001,0.5,,0.59999999999999998,0.10000000000000001,0.55000000000000004,4.9000000000000004,1,1.8,,1,1,9.9999999999999994e-12,2000,true,converged_trial,0,23,102,8.4710016778899444e-12,0.0087145999999999994,,r1
SDLP,srule=r1,srule,14,P14,10000,0.8,0.001,0.5,,0.59999999999999998,0.10000000000000001,0.55000000000000004,4.9000000000000004,1,1.8,,1,1,9.9999999999999994e-12,2000,true,converged_projected,0,24,108,7.1387340483397566e-12,0.0096478999999999992,,r1
SDLP,srule=r1,srule,14,P14,10000,1.0,0.001,0.5,,0.59999999999999998,0.10000000000000001,0.55000000000000004,4.9000000000000004,1,1.8,,1,1,9.9999999999999994e-12,2000,true,converged_trial,0,25,111,3.397282455352979e-12,0.013299399999999999,,r1
SDLP,srule=r1,srule,14,P14,10000,1.1,0.001,0.5,,0.59999999999999998,0.10000000000000001,0.55000000000000004,4.9000000000000004,1,1.8,,1,1,9.9999999999999994e-12,2000,true,converged_trial,0,23,102,6.2727600891321345e-12,0.0083922000000000007,,r1
SDLP,srule=r1,srule,14,P14,10000,2.0,0.001,0.5,,0.59999999999999998,0.10000000000000001,0.55000000000000004,4.9000000000000004,1,1.8,,1,1,9.9999999999999994e-12,2000,true,converged_projected,0,24,103,5.007105841059456e-12,0.0087831999999999997,,r1
SDLP,srule=r1,srule,14,P14,10000,5.0,0.001,0.5,,0.59999999999999998,0.10000000000000001,0.55000000000000004,4.9000000000000004,1,1.8,,1,1,9.9999999999999994e-12,2000,true,converged_trial,0,25,110,4.3853809472693683e-12,0.0116223,,r1
SDLP,srule=r1,srule,14,P14,10000,1/k,0.001,0.5,,0.59999999999999998,0.10000000000000001,0.55000000000000004,4.9000000000000004,1,1.8,,1,1,9.9999999999999994e-12,2000,true,converged_trial,0,61,245,7.4855285511234828e-12,0.0208285,,r1
SDLP,srule=r1,srule,14,P14,10000,k/n,0.001,0.5,,0.59999999999999998,0.10000000000000001,0.55000000000000004,4.9000000000000004,1,1.8,,1,1,9.9999999999999994e-12,2000,true,converged_trial,0,48,194,7.9433796874228398e-12,0.018166100000000001,,r1
SDLP,srule=r1,srule,15,P15,10000,0.4,0.001,0.5,,0.59999999999999998,0.10000000000000001,0.55000000000000004,4.9000000000000004,1,1.8,,1,1,9.9999999999999994e-12,2000,true,converged_projected,0,1,5,0,0.00075250000000000002,,r1
SDLP,srule=r1,srule,15,P15,10000,0.5,0.001,0.5,,0.59999999999999998,0.10000000000000001,0.55000000000000004,4.9000000000000004,1,1.8,,1,1,9.9999999999999994e-12,2000,true,converged_projected,0,1,5,0,0.0007471,,r1
SDLP,srule=r1,srule,15,P15,10000,0.6,0.001,0.5,,0.59999999999999998,0.10000000000000001,0.55000000000000004,4.9000000000000004,1,1.8,,1,1,9.9999999999999994e-12,2000,true,converged_projected,0,1,5,0,0.00084710000000000004,,r1
SDLP,srule=r1,srule,15,P15,10000,0.8,0.001,0.5,,0.59999999999999998,0.10000000000000001,0.55000000000000004,4.9000000000000004,1,1.8,,1,1,9.9999999999999994e-12,2000,true,converged_projected,0,1,3,0,0.00050560000000000004,,r1
SDLP,srule=r1,srule,15,P15,10000,1.0,0.001,0.5,,0.59999999999999998,0.10000000000000001,0.55000000000000004,4.9000000000000004,1,1.8,,1,1,9.9999999999999994e-12,2000,true,converged_projected,0,1,6,0,0.00095359999999999998,,r1
SDLP,srule=r1,srule,15,P15,10000,1.1,0.001,0.5,,0.59999999999999998,0.10000000000000001,0.55000000000000004,4.9000000000000004,1,1.8,,1,1,9.9999999999999994e-12,2000,true,converged_projected,0,1,6,0,0.00097429999999999999,,r1
SDLP,srule=r1,srule,15,P15,10000,2.0,0.001,0.5,,0.59999999999999998,0.10000000000000001,0.55000000000000004,4.9000000000000004,1,1.8,,1,1,9.9999999999999994e-12,2000,true,converged_projected,0,2,14,0,0.0023573999999999999,,r1
SDLP,srule=r1,srule,15,P15,10000,5.0,0.001,0.5,,0.59999999999999998,0.10000000000000001,0.55000000000000004,4.9000000000000004,1,1.8,,1,1,9.9999999999999994e-12,2000,true,converged_projected,0,1,15,0,0.0028054,,r1
SDLP,srule=r1,srule,15,P15,10000,1/k,0.001,0.5,,0.59999999999999998,0.10000000000000001,0.55000000000000004,4.9000000000000004,1,1.8,,1,1,9.9999999999999994e-12,2000,true,converged_trial,0,22,111,5.429801975673458e-12,0.017329199999999999,,r1
SDLP,srule=r1,srule,15,P15,10000,k/n,0.001,0.5,,0.59999999999999998,0.10000000000000001,0.55000000000000004,4.9000000000000004,1,1.8,,1,1,9.9999999999999994e-12,2000,true,converged_trial,0,26,131,6.8978359435122937e-12,0.020420000000000001,,r1
SDLP,srule=r1,srule,16,P16,10000,0.4,0.001,0.5,,0.59999999999999998,0.10000000000000001,0.55000000000000004,4.9000000000000004,1,1.8,,1,1,9.9999999999999994e-12,2000,true,converged_trial,0,87,356,7.4467799126884076e-12,0.034117700000000001,,r1
SDLP,srule=r1,srule,16,P16,10000,0.5,0.001,0.5,,0.59999999999999998,0.10000000000000001,0.55000000000000004,4.9000000000000004,1,1.8,,1,1,9.9999999999999994e-12,2000,true,converged_trial,0,85,349,9.8411069420539004e-12,0.019102299999999999,,r1
SDLP,srule=r1,srule,16,P16,10000,0.6,0.001,0.5,,0.59999999999999998,0.10000000000000001,0.55000000000000004,4.9000000000000004,1,1.8,,1,1,9.9999999999999994e-12,2000,true,converged_trial,0,85,349,9.4030310159862455e-12,0.019073099999999999,,r1
SDLP,srule=r1,srule,16,P16,10000,0.8,0.001,0.5,,0.59999999999999998,0.10000000000000001,0.55000000000000004,4.9000000000000004,1,1.8,,1,1,9.9999999999999994e-12,2000,true,converged_trial,0,83,342,9.405530651934562e-12,0.018449199999999999,,r1
SDLP,srule=r1,srule,16,P16,10000,1.0,0.001,0.5,,0.59999999999999998,0.10000000000000001,0.55000000000000004,4.9000000000000004,1,1.8,,1,1,9.9999999999999994e-12,2000,true,converged_trial,0,80,332,7.1834481386136527e-12,0.017967199999999999,,r1
SDLP,srule=r1,srule,16,P16,10000,1.1,0.001,0.5,,0.59999999999999998,0.10000000000000001,0.55000000000000004,4.9000000000000004,1,1.8,,1,1,9.9999999999999994e-12,2000,true,converged_trial,0,82,337,7.2386840181873246e-12,0.019150299999999999,,r1
SDLP,srule=r1,srule,16,P16,10000,2.0,0.001,0.5,,0.59999999999999998,0.10000000000000001,0.55000000000000004,4.9000000000000004,1,1.8,,1,1,9.9999999999999994e-12,2000,true,converged_trial,0,79,324,7.2923331601876801e-12,0.0165977,,r1
SDLP,srule=r1,srule,16,P16,10000,5.0,0.001,0.5,,0.59999999999999998,0.10000000000000001,0.55000000000000004,4.9000000000000004,1,1.8,,1,1,9.9999999999999994e-12,2000,true,converged_trial,0,98,393,9.6981215817116158e-12,0.0212737,,r1
SDLP,srule=r1,srule,16,P16,10000,1/k,0.001,0.5,,0.59999999999999998,0.10000000000000001,0.55000000000000004,4.9000000000000004,1,1.8,,1,1,9.9999999999999994e-12,2000,true,converged_trial,0,88,359,8.3394059997269819e-12,0.019703700000000001,,r1
SDLP,srule=r1,srule,16,P16,10000,k/n,0.001,0.5,,0.59999999999999998,0.10000000000000001,0.55000000000000004,4.9000000000000004,1,1.8,,1,1,9.9999999999999994e-12,2000,true,converged_trial,0,83,340,9.9456562888785035e-12,0.016846,,r1
SDLP,srule=r1,srule,17,P17,10000,0.4,0.001,0.5,,0.59999999999999998,0.10000000000000001,0.55000000000000004,4.9000000000000004,1,1.8,,1,1,9.9999999999999994e-12,2000,true,converged_projected,0,1,3,0,0.00021049999999999999,,r1
SDLP,srule=r1,srule,17,P17,10000,0.5,0.001,0.5,,0.59999999999999998,0.10000000000000001,0.55000000000000004,4.9000000000000004,1,1.8,,1,1,9.9999999999999994e-12,2000,true,converged_projected,0,1,3,0,0.0016333999999999999,,r1
SDLP,srule=r1,srule,17,P17,10000,0.6,0.001,0.5,,0.59999999999999998,0.10000000000000001,0.55000000000000004,4.9000000000000004,1,1.8,,1,1,9.9999999999999994e-12,2000,true,converged_projected,0,1,3,0,0.00021829999999999999,,r1
SDLP,srule=r1,srule,17,P17,10000,0.8,0.001,0.5,,0.59999999999999998,0.10000000000000001,0.55000000000000004,4.9000000000000004,1,1.8,,1,1,9.9999999999999994e-12,2000,true,converged_projected,0,1,3,0,0.00021880000000000001,,r1
SDLP,srule=r1,srule,17,P17,10000,1.0,0.001,0.5,,0.59999999999999998,0.10000000000000001,0.55000000000000004,4.9000000000000004,1,1.8,,1,1,9.9999999999999994e-12,2000,true,converged_projected,0,1,3,0,0.0002042,,r1
SDLP,srule=r1,srule,17,P17,10000,1.1,0.001,0.5,,0.59999999999999998,0.10000000000000001,0.55000000000000004,4.9000000000000004,1,1.8,,1,1,9.9999999999999994e-12,2000,true,converged_projected,0,1,3,0,0.000204,,r1
SDLP,srule=r1,srule,17,P17,10000,2.0,0.001,0.5,,0.59999999999999998,0.10000000000000001,0.55000000000000004,4.9000000000000004,1,1.8,,1,1,9.9999999999999994e-12,2000,true,converged_projected,0,2,7,0,0.00052289999999999997,,r1
SDLP,srule=r1,srule,17,P17,10000,5.0,0.001,0.5,,0.59999999999999998,0.10000000000000001,0.55000000000000004,4.9000000000000004,1,1.8,,1,1,9.9999999999999994e-12,2000,true,converged_projected,0,1,4,0,0.00030299999999999999,,r1
SDLP,srule=r1,srule,17,P17,10000,1/k,0.001,0.5,,0.59999999999999998,0.10000000000000001,0.55000000000000004,4.9000000000000004,1,1.8,,1,1,9.9999999999999994e-12,2000,true,converged_projected,0,1,3,0,0.00019929999999999999,,r1
SDLP,srule=r1,srule,17,P17,10000,k/n,0.001,0.5,,0.59999999999999998,0.10000000000000001,0.55000000000000004,4.9000000000000004,1,1.8,,1,1,9.9999999999999994e-12,2000,true,converged_projected,0,1,3,0,0.00020129999999999999,,r1
SDLP,srule=r1,srule,18,P18,10000,0.4,0.001,0.5,,0.59999999999999998,0.10000000000000001,0.55000000000000004,4.9000000000000004,1,1.8,,1,1,9.9999999999999994e-12,2000,true,converged_projected,0,2,7,5.595524044110789e-12,0.00090379999999999996,,r1
SDLP,srule=r1,srule,18,P18,10000,0.5,0.001,0.5,,0.59999999999999998,0.10000000000000001,0.55000000000000004,4.9000000000000004,1,1.8,,1,1,9.9999999999999994e-12,2000,true,converged_projected,0,2,7,5.595524044110789e-12,0.00091549999999999997,,r1
SDLP,srule=r1,srule,18,P18,10000,0.6,0.001,0.5,,0.59999999999999998,0.10000000000000001,0.55000000000000004,4.9000000000000004,1,1.8,,1,1,9.9999999999999994e-12,2000,true,converged_projected,0,2,7,5.595524044110789e-12,0.00092199999999999997,,r1
SDLP,srule=r1,srule,18,P18,10000,0.8,0.001,0.5,,0.59999999999999998,0.10000000000000001,0.55000000000000004,4.9000000000000004,1,1.8,,1,1,9.9999999999999994e-12,2000,true,converged_projected,0,2,7,5.595524044110789e-12,0.0010985999999999999,,r1
SDLP,srule=r1,srule,18,P18,10000,1.0,0.001,0.5,,0.59999999999999998,0.10000000000000001,0.55000000000000004,4.9000000000000004,1,1.8,,1,1,9.9999999999999994e-12,2000,true,converged_projected,0,2,7,5.595524044110789e-12,0.0022853000000000001,,r1
SDLP,srule=r1,srule,18,P18,10000,1.1,0.001,0.5,,0.59999999999999998,0.10000000000000001,0.55000000000000004,4.9000000000000004,1,1.8,,1,1,9.9999999999999994e-12,2000,true,converged_trial,0,6,17,4.7073456244106637e-12,0.0023281,,r1
SDLP,srule=r1,srule,18,P18,10000,2.0,0.001,0.5,,0.59999999999999998,0.10000000000000001,0.55000000000000004,4.9000000000000004,1,1.8,,1,1,9.9999999999999994e-12,2000,true,converged_trial,0,5,14,7.0610184366159956e-12,0.0019911,,r1
SDLP,srule=r1,srule,18,P18,10000,5.0,0.001,0.5,,0.59999999999999998,0.10000000000000001,0.55000000000000004,4.9000000000000004,1,1.8,,1,1,9.9999999999999994e-12,2000,true,converged_projected,0,6,17,8.4376949871511897e-12,0.0037999000000000002,,r1
SDLP,srule=r1,srule,18,P18,10000,1/k,0.001,0.5,,0.59999999999999998,0.10000000000000001,0.55000000000000004,4.9000000000000004,1,1.8,,1,1,9.9999999999999994e-12,2000,true,converged_projected,0,2,7,5.595524044110789e-12,0.00088980000000000005,,r1
SDLP,srule=r1,srule,18,P18,10000,k/n,0.001,0.5,,0.59999999999999998,0.10000000000000001,0.55000000000000004,4.9000000000000004,1,1.8,,1,1,9.9999999999999994e-12,2000,true,converged_projected,0,2,7,5.595524044110789e-12,0.00099379999999999998,,r1
SDLP,srule=r1,srule,19,P19,10000,0.4,0.001,0.5,,0.59999999999999998,0.10000000000000001,0.55000000000000004,4.9000000000000004,1,1.8,,1,1,9.9999999999999994e-12,2000,true,converged_trial,0,34,116,4.0530079292722121e-12,0.0088879000000000007,,r1
SDLP,srule=r1,srule,19,P19,10000,0.5,0.001,0.5,,0.59999999999999998,0.10000000000000001,0.55000000000000004,4.9000000000000004,1,1.8,,1,1,9.9999999999999994e-12,2000,true,converged_trial,0,34,117,4.0530079292722121e-12,0.0087965000000000005,,r1
SDLP,srule=r1,srule,19,P19,10000,0.6,0.001,0.5,,0.59999999999999998,0.10000000000000001,0.55000000000000004,4.9000000000000004,1,1.8,,1,1,9.9999999999999994e-12,2000,true,converged_trial,0,22,98,9.8161062611623606e-12,0.0061614,,r1
SDLP,srule=r1,srule,19,P19,10000,0.8,0.001,0.5,,0.59999999999999998,0.10000000000000001,0.55000000000000004,4.9000000000000004,1,1.8,,1,1,9.9999999999999994e-12,2000,true,converged_trial,0,34,118,4.0530079292722121e-12,0.0086061999999999996,,r1
SDLP,srule=r1,srule,19,P19,10000,1.0,0.001,0.5,,0.59999999999999998,0.10000000000000001,0.55000000000000004,4.9000000000000004,1,1.8,,1,1,9.9999999999999994e-12,2000,true,converged_trial,0,34,119,4.0530079292722121e-12,0.0085339999999999999,,r1
SDLP,srule=r1,srule,19,P19,10000,1.1,0.001,0.5,,0.59999999999999998,0.10000000000000001,0.55000000000000004,4.9000000000000004,1,1.8,,1,1,9.9999999999999994e-12,2000,true,converged_trial,0,34,119,4.0530079292722121e-12,0.0076043999999999999,,r1
SDLP,srule=r1,srule,19,P19,10000,2.0,0.001,0.5,,0.59999999999999998,0.10000000000000001,0.55000000000000004,4.9000000000000004,1,1.8,,1,1,9.9999999999999994e-12,2000,true,converged_trial,0,34,121,4.0530079292722121e-12,0.0087122999999999992,,r1
SDLP,srule=r1,srule,19,P19,10000,5.0,0.001,0.5,,0.59999999999999998,0.10000000000000001,0.55000000000000004,4.9000000000000004,1,1.8,,1,1,9.9999999999999994e-12,2000,true,converged_trial,0,34,124,4.0530079292722121e-12,0.0101014,,r1
SDLP,srule=r1,srule,19,P19,10000,1/k,0.001,0.5,,0.59999999999999998,0.10000000000000001,0.55000000000000004,4.9000000000000004,1,1.8,,1,1,9.9999999999999994e-12,2000,false,maxiter,0,2000,5006,2.2659684970766535e-06,0.69197430000000004,,r1
SDLP,srule=r1,srule,19,P19,10000,k/n,0.001,0.5,,0.59999999999999998,0.10000000000000001,0.55000000000000004,4.9000000000000004,1,1.8,,1,1,9.9999999999999994e-12,2000,false,maxiter,0,2000,5016,6.22896294776556e-07,0.4113869,,r1
SDLP,srule=r1,srule,20,P20,10000,0.4,0.001,0.5,,0.59999999999999998,0.10000000000000001,0.55000000000000004,4.9000000000000004,1,1.8,,1,1,9.9999999999999994e-12,2000,true,converged_trial,0,26,113,1.7384772570666944e-12,0.0335067,,r1
SDLP,srule=r1,srule,20,P20,10000,0.5,0.001,0.5,,0.59999999999999998,0.10000000000000001,0.55000000000000004,4.9000000000000004,1,1.8,,1,1,9.9999999999999994e-12,2000,true,converged_trial,0,26,114,7.5243094686742905e-12,0.023867699999999999,,r1
SDLP,srule=r1,srule,20,P20,10000,0.6,0.001,0.5,,0.59999999999999998,0.10000000000000001,0.55000000000000004,4.9000000000000004,1,1.8,,1,1,9.9999999999999994e-12,2000,true,converged_projected,0,29,128,7.7592886287975763e-12,0.024423500000000001,,r1
SDLP,srule=r1,srule,20,P20,10000,0.8,0.001,0.5,,0.59999999999999998,0.10000000000000001,0.55000000000000004,4.9000000000000004,1,1.8,,1,1,9.9999999999999994e-12,2000,true,converged_projected,0,29,129,8.6194045390448527e-12,0.0239533,,r1
SDLP,srule=r1,srule,20,P20,10000,1.0,0.001,0.5,,0.59999999999999998,0.10000000000000001,0.55000000000000004,4.9000000000000004,1,1.8,,1,1,9.9999999999999994e-12,2000,true,converged_trial,0,27,120,2.7970814542941664e-12,0.023340199999999998,,r1
SDLP,srule=r1,srule,20,P20,10000,1.1,0.001,0.5,,0.59999999999999998,0.10000000000000001,0.55000000000000004,4.9000000000000004,1,1.8,,1,1,9.9999999999999994e-12,2000,true,converged_projected,0,2,5,0,0.00072309999999999996,,r1
SDLP,srule=r1,srule,20,P20,10000,2.0,0.001,0.5,,0.59999999999999998,0.10000000000000001,0.55000000000000004,4.9000000000000004,1,1.8,,1,1,9.9999999999999994e-12,2000,true,converged_trial,0,30,134,5.1789408980559764e-12,0.0240936,,r1
SDLP,srule=r1,srule,20,P20,10000,5.0,0.001,0.5,,0.59999999999999998,0.10000000000000001,0.55000000000000004,4.9000000000000004,1,1.8,,1,1,9.9999999999999994e-12,2000,true,converged_projected,0,2,5,0,0.00095799999999999998,,r1
SDLP,srule=r1,srule,20,P20,10000,1/k,0.001,0.5,,0.59999999999999998,0.10000000000000001,0.55000000000000004,4.9000000000000004,1,1.8,,1,1,9.9999999999999994e-12,2000,true,converged_trial,0,43,168,2.6320839927621883e-12,0.032449100000000002,,r1
SDLP,srule=r1,srule,20,P20,10000,k/n,0.001,0.5,,0.59999999999999998,0.10000000000000001,0.55000000000000004,4.9000000000000004,1,1.8,,1,1,9.9999999999999994e-12,2000,true,converged_trial,0,32,132,3.8891564313839747e-12,0.024388199999999999,,r1
SDLP,srule=r2,srule,1,P1,10000,0.4,0.001,0.5,,0.59999999999999998,0.10000000000000001,0.55000000000000004,4.9000000000000004,1,1.8,,1,1,9.9999999999999994e-12,2000,true,converged_projected,0,1,3,0,0.0013075000000000001,,r2
SDLP,srule=r2,srule,1,P1,10000,0.5,0.001,0.5,,0.59999999999999998,0.10000000000000001,0.55000000000000004,4.9000000000000004,1,1.8,,1,1,9.9999999999999994e-12,2000,true,converged_projected,0,1,3,0,0.0001862,,r2
SDLP,srule=r2,srule,1,P1,10000,0.6,0.001,0.5,,0.59999999999999998,0.10000000000000001,0.55000000000000004,4.9000000000000004,1,1.8,,1,1,9.9999999999999994e-12,2000,true,converged_projected,0,1,3,0,0.00019369999999999999,,r2
SDLP,srule=r2,srule,1,P1,10000,0.8,0.001,0.5,,0.59999999999999998,0.10000000000000001,0.55000000000000004,4.9000000000000004,1,1.8,,1,1,9.9999999999999994e-12,2000,true,converged_projected,0,1,3,0,0.00019929999999999999,,r2
SDLP,srule=r2,srule,1,P1,10000,1.0,0.001,0.5,,0.59999999999999998,0.10000000000000001,0.55000000000000004,4.9000000000000004,1,1.8,,1,1,9.9999999999999994e-12,2000,true,converged_projected,0,1,3,0,0.000204,,r2
SDLP,srule=r2,srule,1,P1,10000,1.1,0.001,0.5,,0.59999999999999998,0.10000000000000001,0.55000000000000004,4.9000000000000004,1,1.8,,1,1,9.9999999999999994e-12,2000,true,converged_projected,0,1,3,0,0.00021489999999999999,,r2
SDLP,srule=r2,srule,1,P1,10000,2.0,0.001,0.5,,0.59999999999999998,0.10000000000000001,0.55000000000000004,4.9000000000000004,1,1.8,,1,1,9.9999999999999994e-12,2000,true,converged_projected,0,2,7,0,0.00051389999999999997,,r2
SDLP,srule=r2,srule,1,P1,10000,5.0,0.001,0.5,,0.59999999999999998,0.10000000000000001,0.55000000000000004,4.9000000000000004,1,1.8,,1,1,9.9999999999999994e-12,2000,true,converged_projected,0,1,4,0,0.00028640000000000002,,r2
SDLP,srule=r2,srule,1,P1,10000,1/k,0.001,0.5,,0.59999999999999998,0.10000000000000001,0.55000000000000004,4.9000000000000004,1,1.8,,1,1,9.9999999999999994e-12,2000,true,converged_projected,0,1,3,0,0.000192,,r2
SDLP,srule=r2,srule,1,P1,10000,k/n,0.001,0.5,,0.59999999999999998,0.10000000000000001,0.55000000000000004,4.9000000000000004,1,1.8,,1,1,9.9999999999999994e-12,2000,true,converged_projected,0,1,3,0,0.00020220000000000001,,r2
SDLP,srule=r2,srule,2,P2,10000,0.4,0.001,0.5,,0.59999999999999998,0.10000000000000001,0.55000000000000004,4.9000000000000004,1,1.8,,1,1,9.9999999999999994e-12,2000,true,converged_projected,0,2,6,0,0.00074109999999999996,,r2
SDLP,srule=r2,srule,2,P2,10000,0.5,0.001,0.5,,0.59999999999999998,0.10000000000000001,0.55000000000000004,4.9000000000000004,1,1.8,,1,1,9.9999999999999994e-12,2000,true,converged_projected,0,2,6,0,0.00057799999999999995,,r2
SDLP,srule=r2,srule,2,P2,10000,0.6,0.001,0.5,,0.59999999999999998,0.10000000000000001,0.55000000000000004,4.9000000000000004,1,1.8,,1,1,9.9999999999999994e-12,2000,true,converged_projected,0,2,6,0,0.00057700000000000004,,r2
SDLP,srule=r2,srule,2,P2,10000,0.8,0.001,0.5,,0.59999999999999998,0.10000000000000001,0.55000000000000004,4.9000000000000004,1,1.8,,1,1,9.9999999999999994e-12,2000,true,converged_projected,0,2,6,0,0.00057689999999999998,,r2
SDLP,srule=r2,srule,2,P2,10000,1.0,0.001,0.5,,0.59999999999999998,0.10000000000000001,0.55000000000000004,4.9000000000000004,1,1.8,,1,1,9.9999999999999994e-12,2000,true,converged_projected,0,2,6,0,0.00063630000000000002,,r2
SDLP,srule=r2,srule,2,P2,10000,1.1,0.001,0.5,,0.59999999999999998,0.10000000000000001,0.55000000000000004,4.9000000000000004,1,1.8,,1,1,9.9999999999999994e-12,2000,true,converged_projected,0,2,6,0,0.0016948,,r2
SDLP,srule=r2,srule,2,P2,10000,2.0,0.001,0.5,,0.59999999999999998,0.10000000000000001,0.55000000000000004,4.9000000000000004,1,1.8,,1,1,9.9999999999999994e-12,2000,true,converged_projected,0,2,5,0,0.00048769999999999998,,r2
SDLP,srule=r2,srule,2,P2,10000,5.0,0.001,0.5,,0.59999999999999998,0.10000000000000001,0.55000000000000004,4.9000000000000004,1,1.8,,1,1,9.9999999999999994e-12,2000,true,converged_projected,0,3,7,0,0.00072340000000000002,,r2
SDLP,srule=r2,srule,2,P2,10000,1/k,0.001,0.5,,0.59999999999999998,0.10000000000000001,0.55000000000000004,4.9000000000000004,1,1.8,,1,1,9.9999999999999994e-12,2000,true,converged_projected,0,2,6,0,0.00049299999999999995,,r2
SDLP,srule=r2,srule,2,P2,10000,k/n,0.001,0.5,,0.59999999999999998,0.10000000000000001,0.55000000000000004,4.9000000000000004,1,1.8,,1,1,9.9999999999999994e-12,2000,true,converged_projected,0,2,6,0,0.00053759999999999995,,r2
SDLP,srule=r2,srule,3,P3,10000,0.4,0.001,0.5,,0.59999999999999998,0.10000000000000001,0.55000000000000004,4.9000000000000004,1,1.8,,1,1,9.9999999999999994e-12,2000,true,converged_projected,0,1,3,0,0.00019320000000000001,,r2
SDLP,srule=r2,srule,3,P3,10000,0.5,0.001,0.5,,0.59999999999999998,0.10000000000000001,0.55000000000000004,4.9000000000000004,1,1.8,,1,1,9.9999999999999994e-12,2000,true,converged_projected,0,1,3,0,0.000193,,r2
SDLP,srule=r2,srule,3,P3,10000,0.6,0.001,0.5,,0.59999999999999998,0.10000000000000001,0.55000000000000004,4.9000000000000004,1,1.8,,1,1,9.9999999999999994e-12,2000,true,converged_projected,0,1,3,0,0.00019489999999999999,,r2
SDLP,srule=r2,srule,3,P3,10000,0.8,0.001,0.5,,0.59999999999999998,0.10000000000000001,0.55000000000000004,4.9000000000000004,1,1.8,,1,1,9.9999999999999994e-12,2000,true,converged_projected,0,2,7,0,0.00049470000000000004,,r2
SDLP,srule=r2,srule,3,P3,10000,1.0,0.001,0.5,,0.59999999999999998,0.10000000000000001,0.55000000000000004,4.9000000000000004,1,1.8,,1,1,9.9999999999999994e-12,2000,true,converged_projected,0,2,7,0,0.00048260000000000002,,r2
SDLP,srule=r2,srule,3,P3,10000,1.1,0.001,0.5,,0.59999999999999998,0.10000000000000001,0.55000000000000004,4.9000000000000004,1,1.8,,1,1,9.9999999999999994e-12,2000,true,converged_projected,0,2,7,0,0.00048779999999999998,,r2
SDLP,srule=r2,srule,3,P3,10000,2.0,0.001,0.5,,0.59999999999999998,0.10000000000000001,0.55000000000000004,4.9000000000000004,1,1.8,,1,1,9.9999999999999994e-12,2000,true,converged_projected,0,4,15,0,0.0023438000000000001,,r2
SDLP,srule=r2,srule,3,P3,10000,5.0,0.001,0.5,,0.59999999999999998,0.10000000000000001,0.55000000000000004,4.9000000000000004,1,1.8,,1,1,9.9999999999999994e-12,2000,true,converged_projected,0,4,18,0,0.0012037,,r2
SDLP,srule=r2,srule,3,P3,10000,1/k,0.001,0.5,,0.59999999999999998,0.10000000000000001,0.55000000000000004,4.9000000000000004,1,1.8,,1,1,9.9999999999999994e-12,2000,true,converged_projected,0,16,48,8.2676956030185067e-12,0.036396900000000003,,r2
SDLP,srule=r2,srule,3,P3,10000,k/n,0.001,0.5,,0.59999999999999998,0.10000000000000001,0.55000000000000004,4.9000000000000004,1,1.8,,1,1,9.9999999999999994e-12,2000,true,converged_trial,0,20,60,5.2023504357953575e-12,0.14738850000000001,,r2
SDLP,srule=r2,srule,4,P4,10000,0.4,0.001,0.5,,0.59999999999999998,0.10000000000000001,0.55000000000000004,4.9000000000000004,1,1.8,,1,1,9.9999999999999994e-12,2000,true,converged_projected,0,1,4,0,0.0001549,,r2
SDLP,srule=r2,srule,4,P4,10000,0.5,0.001,0.5,,0.59999999999999998,0.10000000000000001,0.55000000000000004,4.9000000000000004,1,1.8,,1,1,9.9999999999999994e-12,2000,true,converged_projected,0,1,4,0,0.00014789999999999999,,r2
SDLP,srule=r2,srule,4,P4,10000,0.6,0.001,0.5,,0.59999999999999998,0.10000000000000001,0.55000000000000004,4.9000000000000004,1,1.8,,1,1,9.9999999999999994e-12,2000,true,converged_projected,0,1,4,0,0.0001462,,r2
SDLP,srule=r2,srule,4,P4,10000,0.8,0.001,0.5,,0.59999999999999998,0.10000000000000001,0.55000000000000004,4.9000000000000004,1,1.8,,1,1,9.9999999999999994e-12,2000,true,converged_projected,0,1,4,0,0.0001562,,r2
SDLP,srule=r2,srule,4,P4,10000,1.0,0.001,0.5,,0.59999999999999998,0.10000000000000001,0.55000000000000004,4.9000000000000004,1,1.8,,1,1,9.9999999999999994e-12,2000,true,converged_projected,0,7,28,2.7940933617279697e-12,0.0012834999999999999,,r2
SDLP,srule=r2,srule,4,P4,10000,1.1,0.001,0.5,,0.59999999999999998,0.10000000000000001,0.55000000000000004,4.9000000000000004,1,1.8,,1,1,9.9999999999999994e-12,2000,true,converged_projected,0,7,28,8.7562490354802647e-12,0.0016446,,r2
SDLP,srule=r2,srule,4,P4,10000,2.0,0.001,0.5,,0.59999999999999998,0.10000000000000001,0.55000000000000004,4.9000000000000004,1,1.8,,1,1,9.9999999999999994e-12,2000,true,converged_projected,0,5,20,0,0.0010981000000000001,,r2
SDLP,srule=r2,srule,4,P4,10000,5.0,0.001,0.5,,0.59999999999999998,0.10000000000000001,0.55000000000000004,4.9000000000000004,1,1.8,,1,1,9.9999999999999994e-12,2000,false,line_search_failed,0,6,62,9.2841813830412898e+95,0.0044574000000000003,,r2
SDLP,srule=r2,srule,4,P4,10000,1/k,0.001,0.5,,0.59999999999999998,0.10000000000000001,0.55000000000000004,4.9000000000000004,1,1.8,,1,1,9.9999999999999994e-12,2000,true,converged_trial,0,40,160,9.6916021039589284e-12,0.016986600000000001,,r2
SDLP,srule=r2,srule,4,P4,10000,k/n,0.001,0.5,,0.59999999999999998,0.10000000000000001,0.55000000000000004,4.9000000000000004,1,1.8,,1,1,9.9999999999999994e-12,2000,true,converged_trial,0,48,191,9.2450460748326488e-12,0.020187500000000001,,r2
SDLP,srule=r2,srule,5,P5,10000,0.4,0.001,0.5,,0.59999999999999998,0.10000000000000001,0.55000000000000004,4.9000000000000004,1,1.8,,1,1,9.9999999999999994e-12,2000,true,converged_trial,0,21,63,7.3011474870517428e-12,0.0130218,,r2
SDLP,srule=r2,srule,5,P5,10000,0.5,0.001,0.5,,0.59999999999999998,0.10000000000000001,0.55000000000000004,4.9000000000000004,1,1.8,,1,1,9.9999999999999994e-12,2000,true,converged_trial,0,21,63,7.173112797548155e-12,0.0130759,,r2
SDLP,srule=r2,srule,5,P5,10000,0.6,0.001,0.5,,0.59999999999999998,0.10000000000000001,0.55000000000000004,4.9000000000000004,1,1.8,,1,1,9.9999999999999994e-12,2000,true,converged_trial,0,21,63,7.168039850490929e-12,0.017768099999999998,,r2
SDLP,srule=r2,srule,5,P5,10000,0.8,0.001,0.5,,0.59999999999999998,0.10000000000000001,0.55000000000000004,4.9000000000000004,1,1.8,,1,1,9.9999999999999994e-12,2000,true,converged_trial,0,21,63,7.077972958621025e-12,0.0097789000000000001,,r2
SDLP,srule=r2,srule,5,P5,10000,1.0,0.001,0.5,,0.59999999999999998,0.10000000000000001,0.55000000000000004,4.9000000000000004,1,1.8,,1,1,9.9999999999999994e-12,2000,true,converged_trial,0,21,63,6.5975830346983324e-12,0.0099486000000000002,,r2
SDLP,srule=r2,srule,5,P5,10000,1.1,0.001,0.5,,0.59999999999999998,0.10000000000000001,0.55000000000000004,4.9000000000000004,1,1.8,,1,1,9.9999999999999994e-12,2000,true,converged_trial,0,21,63,6.2671940228566607e-12,0.0099904999999999994,,r2
SDLP,srule=r2,srule,5,P5,10000,2.0,0.001,0.5,,0.59999999999999998,0.10000000000000001,0.55000000000000004,4.9000000000000004,1,1.8,,1,1,9.9999999999999994e-12,2000,true,converged_projected,0,20,61,3.2128052452305206e-12,0.0096877999999999999,,r2
SDLP,srule=r2,srule,5,P5,10000,5.0,0.001,0.5,,0.59999999999999998,0.10000000000000001,0.55000000000000004,4.9000000000000004,1,1.8,,1,1,9.9999999999999994e-12,2000,true,converged_projected,0,20,61,5.5162524711071183e-12,0.0096325999999999998,,r2
SDLP,srule=r2,srule,5,P5,10000,1/k,0.001,0.5,,0.59999999999999998,0.10000000000000001,0.55000000000000004,4.9000000000000004,1,1.8,,1,1,9.9999999999999994e-12,2000,true,converged_trial,0,21,63,9.5935540310694797e-12,0.0109753,,r2
SDLP,srule=r2,srule,5,P5,10000,k/n,0.001,0.5,,0.59999999999999998,0.10000000000000001,0.55000000000000004,4.9000000000000004,1,1.8,,1,1,9.9999999999999994e-12,2000,true,converged_trial,0,20,60,7.7705389640476694e-12,0.0124273,,r2
SDLP,srule=r2,srule,6,P6,10000,0.4,0.001,0.5,,0.59999999999999998,0.10000000000000001,0.55000000000000004,4.9000000000000004,1,1.8,,1,1,9.9999999999999994e-12,2000,true,converged_projected,0,15,60,5.1292303737682232e-12,0.0074513000000000001,,r2
SDLP,srule=r2,srule,6,P6,10000,0.5,0.001,0.5,,0.59999999999999998,0.10000000000000001,0.55000000000000004,4.9000000000000004,1,1.8,,1,1,9.9999999999999994e-12,2000,true,converged_trial,0,14,55,4.75175454539567e-12,0.0072233999999999996,,r2
SDLP,srule=r2,srule,6,P6,10000,0.6,0.001,0.5,,0.59999999999999998,0.10000000000000001,0.55000000000000004,4.9000000000000004,1,1.8,,1,1,9.9999999999999994e-12,2000,true,converged_projected,0,13,52,9.8809849191638932e-12,0.0075862000000000004,,r2
SDLP,srule=r2,srule,6,P6,10000,0.8,0.001,0.5,,0.59999999999999998,0.10000000000000001,0.55000000000000004,4.9000000000000004,1,1.8,,1,1,9.9999999999999994e-12,2000,true,converged_trial,0,16,63,6.6835426082434424e-12,0.015153399999999999,,r2
SDLP,srule=r2,srule,6,P6,10000,1.0,0.001,0.5,,0.59999999999999998,0.10000000000000001,0.55000000000000004,4.9000000000000004,1,1.8,,1,1,9.9999999999999994e-12,2000,true,converged_projected,0,16,64,7.9269923958236177e-12,0.0056251000000000001,,r2
SDLP,srule=r2,srule,6,P6,10000,1.1,0.001,0.5,,0.59999999999999998,0.10000000000000001,0.55000000000000004,4.9000000000000004,1,1.8,,1,1,9.9999999999999994e-12,2000,true,converged_trial,0,17,67,4.8183679268731794e-12,0.0054729999999999996,,r2
SDLP,srule=r2,srule,6,P6,10000,2.0,0.001,0.5,,0.59999999999999998,0.10000000000000001,0.55000000000000004,4.9000000000000004,1,1.8,,1,1,9.9999999999999994e-12,2000,true,converged_trial,0,19,74,6.794564910705958e-12,0.0060375000000000003,,r2
SDLP,srule=r2,srule,6,P6,10000,5.0,0.001,0.5,,0.59999999999999998,0.10000000000000001,0.55000000000000004,4.9000000000000004,1,1.8,,1,1,9.9999999999999994e-12,2000,true,converged_trial,0,19,73,4.418687638008123e-12,0.0064764000000000002,,r2
SDLP,srule=r2,srule,6,P6,10000,1/k,0.001,0.5,,0.59999999999999998,0.10000000000000001,0.55000000000000004,4.9000000000000004,1,1.8,,1,1,9.9999999999999994e-12,2000,true,converged_projected,0,34,148,5.1046252821898821e-12,0.0128716,,r2
SDLP,srule=r2,srule,6,P6,10000,k/n,0.001,0.5,,0.59999999999999998,0.10000000000000001,0.55000000000000004,4.9000000000000004,1,1.8,,1,1,9.9999999999999994e-12,2000,true,converged_trial,0,32,135,6.5073270154898756e-12,0.016771500000000002,,r2
SDLP,srule=r2,srule,8,P8,10000,0.4,0.001,0.5,,0.59999999999999998,0.10000000000000001,0.55000000000000004,4.9000000000000004,1,1.8,,1,1,9.9999999999999994e-12,2000,true,converged_trial,0,29,141,3.3599788920248146e-12,0.014308899999999999,,r2
SDLP,srule=r2,srule,8,P8,10000,0.5,0.001,0.5,,0.59999999999999998,0.10000000000000001,0.55000000000000004,4.9000000000000004,1,1.8,,1,1,9.9999999999999994e-12,2000,true,converged_trial,0,25,116,5.0996460659455491e-12,0.0048659000000000003,,r2
SDLP,srule=r2,srule,8,P8,10000,0.6,0.001,0.5,,0.59999999999999998,0.10000000000000001,0.55000000000000004,4.9000000000000004,1,1.8,,1,1,9.9999999999999994e-12,2000,true,converged_trial,0,25,117,3.5432732243923792e-12,0.0048675999999999997,,r2
SDLP,srule=r2,srule,8,P8,10000,0.8,0.001,0.5,,0.59999999999999998,0.10000000000000001,0.55000000000000004,4.9000000000000004,1,1.8,,1,1,9.9999999999999994e-12,2000,true,converged_trial,0,25,117,3.9074962309609873e-12,0.0054589,,r2
SDLP,srule=r2,srule,8,P8,10000,1.0,0.001,0.5,,0.59999999999999998,0.10000000000000001,0.55000000000000004,4.9000000000000004,1,1.8,,1,1,9.9999999999999994e-12,2000,true,converged_trial,0,19,93,8.5801176894873013e-12,0.0067258999999999999,,r2
SDLP,srule=r2,srule,8,P8,10000,1.1,0.001,0.5,,0.59999999999999998,0.10000000000000001,0.55000000000000004,4.9000000000000004,1,1.8,,1,1,9.9999999999999994e-12,2000,true,converged_trial,0,29,139,4.7823676732851062e-12,0.0058307000000000003,,r2
SDLP,srule=r2,srule,8,P8,10000,2.0,0.001,0.5,,0.59999999999999998,0.10000000000000001,0.55000000000000004,4.9000000000000004,1,1.8,,1,1,9.9999999999999994e-12,2000,true,converged_projected,0,27,131,3.5444116152495932e-12,0.0061437000000000002,,r2
SDLP,srule=r2,srule,8,P8,10000,5.0,0.001,0.5,,0.59999999999999998,0.10000000000000001,0.55000000000000004,4.9000000000000004,1,1.8,,1,1,9.9999999999999994e-12,2000,true,converged_trial,0,28,138,9.60011545155793e-12,0.0078006999999999998,,r2
SDLP,srule=r2,srule,8,P8,10000,1/k,0.001,0.5,,0.59999999999999998,0.10000000000000001,0.55000000000000004,4.9000000000000004,1,1.8,,1,1,9.9999999999999994e-12,2000,true,converged_trial,0,34,175,9.890580994162934e-12,0.0069734999999999997,,r2
SDLP,srule=r2,srule,8,P8,10000,k/n,0.001,0.5,,0.59999999999999998,0.10000000000000001,0.55000000000000004,4.9000000000000004,1,1.8,,1,1,9.9999999999999994e-12,2000,true,converged_trial,0,24,108,8.3234900684693373e-12,0.0068247999999999998,,r2
SDLP,srule=r2,srule,10,P10,10000,0.4,0.001,0.5,,0.59999999999999998,0.10000000000000001,0.55000000000000004,4.9000000000000004,1,1.8,,1,1,9.9999999999999994e-12,2000,true,converged_trial,0,23,89,3.730349362740526e-12,0.0041041999999999997,,r2
SDLP,srule=r2,srule,10,P10,10000,0.5,0.001,0.5,,0.59999999999999998,0.10000000000000001,0.55000000000000004,4.9000000000000004,1,1.8,,1,1,9.9999999999999994e-12,2000,true,converged_trial,0,24,93,6.1950444774083735e-12,0.0065116000000000002,,r2
SDLP,srule=r2,srule,10,P10,10000,0.6,0.001,0.5,,0.59999999999999998,0.10000000000000001,0.55000000000000004,4.9000000000000004,1,1.8,,1,1,9.9999999999999994e-12,2000,true,converged_trial,0,25,97,5.7509552675583109e-12,0.0040229000000000003,,r2
SDLP,srule=r2,srule,10,P10,10000,0.8,0.001,0.5,,0.59999999999999998,0.10000000000000001,0.55000000000000004,4.9000000000000004,1,1.8,,1,1,9.9999999999999994e-12,2000,true,converged_trial,0,24,94,7.0166095156309893e-12,0.0059912999999999998,,r2
SDLP,srule=r2,srule,10,P10,10000,1.0,0.001,0.5,,0.59999999999999998,0.10000000000000001,0.55000000000000004,4.9000000000000004,1,1.8,,1,1,9.9999999999999994e-12,2000,true,converged_projected,0,20,80,9.6589403142388619e-12,0.0035815,,r2
SDLP,srule=r2,srule,10,P10,10000,1.1,0.001,0.5,,0.59999999999999998,0.10000000000000001,0.55000000000000004,4.9000000000000004,1,1.8,,1,1,9.9999999999999994e-12,2000,true,converged_trial,0,23,91,3.9523939676655573e-12,0.0051789999999999996,,r2
SDLP,srule=r2,srule,10,P10,10000,2.0,0.001,0.5,,0.59999999999999998,0.10000000000000001,0.55000000000000004,4.9000000000000004,1,1.8,,1,1,9.9999999999999994e-12,2000,true,converged_trial,0,17,68,8.1046280797636427e-12,0.0039747000000000003,,r2
SDLP,srule=r2,srule,10,P10,10000,5.0,0.001,0.5,,0.59999999999999998,0.10000000000000001,0.55000000000000004,4.9000000000000004,1,1.8,,1,1,9.9999999999999994e-12,2000,true,converged_trial,0,28,101,5.5733195836182858e-12,0.0062372,,r2
SDLP,srule=r2,srule,10,P10,10000,1/k,0.001,0.5,,0.59999999999999998,0.10000000000000001,0.55000000000000004,4.9000000000000004,1,1.8,,1,1,9.9999999999999994e-12,2000,true,converged_trial,0,31,109,6.0489414870292764e-12,0.0059227999999999998,,r2
SDLP,srule=r2,srule,10,P10,10000,k/n,0.001,0.5,,0.59999999999999998,0.10000000000000001,0.55000000000000004,4.9000000000000004,1,1.8,,1,1,9.9999999999999994e-12,2000,true,converged_trial,0,30,108,6.9520220668332176e-12,0.0055745999999999999,,r2
SDLP,srule=r2,srule,11,P11,10000,0.4,0.001,0.5,,0.59999999999999998,0.10000000000000001,0.55000000000000004,4.9000000000000004,1,1.8,,1,1,9.9999999999999994e-12,2000,true,converged_trial,0,23,65,1.5695649878009571e-12,0.0070889000000000004,,r2
SDLP,srule=r2,srule,11,P11,10000,0.5,0.001,0.5,,0.59999999999999998,0.10000000000000001,0.55000000000000004,4.9000000000000004,1,1.8,,1,1,9.9999999999999994e-12,2000,true,converged_projected,0,21,60,6.4187678436130034e-12,0.0062532000000000004,,r2
SDLP,srule=r2,srule,11,P11,10000,0.6,0.001,0.5,,0.59999999999999998,0.10000000000000001,0.55000000000000004,4.9000000000000004,1,1.8,,1,1,9.9999999999999994e-12,2000,true,converged_projected,0,21,61,3.4546631283471762e-12,0.0060508999999999997,,r2
SDLP,srule=r2,srule,11,P11,10000,0.8,0.001,0.5,,0.59999999999999998,0.10000000000000001,0.55000000000000004,4.9000000000000004,1,1.8,,1,1,9.9999999999999994e-12,2000,true,converged_trial,0,21,61,7.2170171111720078e-12,0.0064514000000000004,,r2
SDLP,srule=r2,srule,11,P11,10000,1.0,0.001,0.5,,0.59999999999999998,0.10000000000000001,0.55000000000000004,4.9000000000000004,1,1.8,,1,1,9.9999999999999994e-12,2000,true,converged_trial,0,21,59,9.6049777408718427e-12,0.0060374000000000001,,r2
SDLP,srule=r2,srule,11,P11,10000,1.1,0.001,0.5,,0.59999999999999998,0.10000000000000001,0.55000000000000004,4.9000000000000004,1,1.8,,1,1,9.9999999999999994e-12,2000,true,converged_projected,0,24,71,7.0846794147805896e-12,0.0071662000000000002,,r2
SDLP,srule=r2,srule,11,P11,10000,2.0,0.001,0.5,,0.59999999999999998,0.10000000000000001,0.55000000000000004,4.9000000000000004,1,1.8,,1,1,9.9999999999999994e-12,2000,true,converged_trial,0,24,71,8.645627729019341e-12,0.0081124000000000005,,r2
SDLP,srule=r2,srule,11,P11,10000,5.0,0.001,0.5,,0.59999999999999998,0.10000000000000001,0.55000000000000004,4.9000000000000004,1,1.8,,1,1,9.9999999999999994e-12,2000,true,converged_projected,0,23,110,6.5589818775444607e-12,0.010705599999999999,,r2
SDLP,srule=r2,srule,11,P11,10000,1/k,0.001,0.5,,0.59999999999999998,0.10000000000000001,0.55000000000000004,4.9000000000000004,1,1.8,,1,1,9.9999999999999994e-12,2000,true,converged_projected,0,26,71,6.5588366006916934e-12,0.0073026999999999996,,r2
SDLP,srule=r2,srule,11,P11,10000,k/n,0.001,0.5,,0.59999999999999998,0.10000000000000001,0.55000000000000004,4.9000000000000004,1,1.8,,1,1,9.9999999999999994e-12,2000,true,converged_projected,0,22,65,5.9364023773712734e-12,0.0064811000000000001,,r2
SDLP,srule=r2,srule,12,P12,10000,0.4,0.001,0.5,,0.59999999999999998,0.10000000000000001,0.55000000000000004,4.9000000000000004,1,1.8,,1,1,9.9999999999999994e-12,2000,true,converged_projected,0,13,52,9.8809849191638932e-12,0.0041022000000000003,,r2
SDLP,srule=r2,srule,12,P12,10000,0.5,0.001,0.5,,0.59999999999999998,0.10000000000000001,0.55000000000000004,4.9000000000000004,1,1.8,,1,1,9.9999999999999994e-12,2000,true,converged_trial,0,14,55,4.7628567756419216e-12,0.0054951000000000002,,r2
SDLP,srule=r2,srule,12,P12,10000,0.6,0.001,0.5,,0.59999999999999998,0.10000000000000001,0.55000000000000004,4.9000000000000004,1,1.8,,1,1,9.9999999999999994e-12,2000,true,converged_projected,0,15,60,5.0959236830294685e-12,0.0061745000000000003,,r2
SDLP,srule=r2,srule,12,P12,10000,0.8,0.001,0.5,,0.59999999999999998,0.10000000000000001,0.55000000000000004,4.9000000000000004,1,1.8,,1,1,9.9999999999999994e-12,2000,true,converged_projected,0,16,64,3.8968828164342995e-12,0.0065379000000000001,,r2
SDLP,srule=r2,srule,12,P12,10000,1.0,0.001,0.5,,0.59999999999999998,0.10000000000000001,0.55000000000000004,4.9000000000000004,1,1.8,,1,1,9.9999999999999994e-12,2000,true,converged_projected,0,16,64,8.4099394115355608e-12,0.0048935000000000003,,r2
SDLP,srule=r2,srule,12,P12,10000,1.1,0.001,0.5,,0.59999999999999998,0.10000000000000001,0.55000000000000004,4.9000000000000004,1,1.8,,1,1,9.9999999999999994e-12,2000,true,converged_trial,0,17,67,5.8841820305133297e-12,0.0067139000000000001,,r2
SDLP,srule=r2,srule,12,P12,10000,2.0,0.001,0.5,,0.59999999999999998,0.10000000000000001,0.55000000000000004,4.9000000000000004,1,1.8,,1,1,9.9999999999999994e-12,2000,true,converged_trial,0,17,66,9.0483176506950258e-12,0.0065566000000000001,,r2
SDLP,srule=r2,srule,12,P12,10000,5.0,0.001,0.5,,0.59999999999999998,0.10000000000000001,0.55000000000000004,4.9000000000000004,1,1.8,,1,1,9.9999999999999994e-12,2000,true,converged_trial,0,18,70,9.2092999892656735e-12,0.0073502000000000003,,r2
SDLP,srule=r2,srule,12,P12,10000,1/k,0.001,0.5,,0.59999999999999998,0.10000000000000001,0.55000000000000004,4.9000000000000004,1,1.8,,1,1,9.9999999999999994e-12,2000,true,converged_trial,0,28,102,5.9818559767937034e-12,0.0095563000000000002,,r2
SDLP,srule=r2,srule,12,P12,10000,k/n,0.001,0.5,,0.59999999999999998,0.10000000000000001,0.55000000000000004,4.9000000000000004,1,1.8,,1,1,9.9999999999999994e-12,2000,true,converged_projected,0,23,84,6.9156576660957758e-12,0.0080552999999999996,,r2
SDLP,srule=r2,srule,13,P13,10000,0.4,0.001,0.5,,0.59999999999999998,0.10000000000000001,0.55000000000000004,4.9000000000000004,1,1.8,,1,1,9.9999999999999994e-12,2000,true,converged_projected,0,18,81,5.1181281435219717e-12,0.0072259000000000004,,r2
SDLP,srule=r2,srule,13,P13,10000,0.5,0.001,0.5,,0.59999999999999998,0.10000000000000001,0.55000000000000004,4.9000000000000004,1,1.8,,1,1,9.9999999999999994e-12,2000,true,converged_trial,0,19,84,2.7977620220553945e-12,0.0074156999999999999,,r2
SDLP,srule=r2,srule,13,P13,10000,0.6,0.001,0.5,,0.59999999999999998,0.10000000000000001,0.55000000000000004,4.9000000000000004,1,1.8,,1,1,9.9999999999999994e-12,2000,true,converged_trial,0,19,84,4.3409720262843621e-12,0.0077637000000000001,,r2
SDLP,srule=r2,srule,13,P13,10000,0.8,0.001,0.5,,0.59999999999999998,0.10000000000000001,0.55000000000000004,4.9000000000000004,1,1.8,,1,1,9.9999999999999994e-12,2000,true,converged_trial,0,19,84,7.1831429693247628e-12,0.0086913000000000008,,r2
SDLP,srule=r2,srule,13,P13,10000,1.0,0.001,0.5,,0.59999999999999998,0.10000000000000001,0.55000000000000004,4.9000000000000004,1,1.8,,1,1,9.9999999999999994e-12,2000,true,converged_trial,0,19,84,7.0277117458772409e-12,0.0077432000000000004,,r2
SDLP,srule=r2,srule,13,P13,10000,1.1,0.001,0.5,,0.59999999999999998,0.10000000000000001,0.55000000000000004,4.9000000000000004,1,1.8,,1,1,9.9999999999999994e-12,2000,true,converged_trial,0,19,84,6.8167693711984612e-12,0.0075861000000000001,,r2
SDLP,srule=r2,srule,13,P13,10000,2.0,0.001,0.5,,0.59999999999999998,0.10000000000000001,0.55000000000000004,4.9000000000000004,1,1.8,,1,1,9.9999999999999994e-12,2000,true,converged_trial,0,17,75,7.7271522513910895e-12,0.0068963999999999996,,r2
SDLP,srule=r2,srule,13,P13,10000,5.0,0.001,0.5,,0.59999999999999998,0.10000000000000001,0.55000000000000004,4.9000000000000004,1,1.8,,1,1,9.9999999999999994e-12,2000,true,converged_trial,0,19,84,3.2862601528904634e-12,0.0079419,,r2
SDLP,srule=r2,srule,13,P13,10000,1/k,0.001,0.5,,0.59999999999999998,0.10000000000000001,0.55000000000000004,4.9000000000000004,1,1.8,,1,1,9.9999999999999994e-12,2000,true,converged_trial,0,32,131,6.8187457762074327e-12,0.0114097,,r2
SDLP,srule=r2,srule,13,P13,10000,k/n,0.001,0.5,,0.59999999999999998,0.10000000000000001,0.55000000000000004,4.9000000000000004,1,1.8,,1,1,9.9999999999999994e-12,2000,true,converged_trial,0,43,172,7.9277506636519173e-12,0.016717599999999999,,r2
SDLP,srule=r2,srule,14,P14,10000,0.4,0.001,0.5,,0.59999999999999998,0.10000000000000001,0.55000000000000004,4.9000000000000004,1,1.8,,1,1,9.9999999999999994e-12,2000,true,converged_trial,0,25,111,2.4091839634365897e-12,0.010882299999999999,,r2
SDLP,srule=r2,srule,14,P14,10000,0.5,0.001,0.5,,0.59999999999999998,0.10000000000000001,0.55000000000000004,4.9000000000000004,1,1.8,,1,1,9.9999999999999994e-12,2000,true,converged_projected,0,24,108,7.8270723236073536e-12,0.010203500000000001,,r2
SDLP,srule=r2,srule,14,P14,10000,0.6,0.001,0.5,,0.59999999999999998,0.10000000000000001,0.55000000000000004,4.9000000000000004,1,1.8,,1,1,9.9999999999999994e-12,2000,true,converged_trial,0,23,102,8.4710016778899444e-12,0.0093541000000000006,,r2
SDLP,srule=r2,srule,14,P14,10000,0.8,0.001,0.5,,0.59999999999999998,0.10000000000000001,0.55000000000000004,4.9000000000000004,1,1.8,,1,1,9.9999999999999994e-12,2000,true,converged_projected,0,24,108,7.1387340483397566e-12,0.0114152,,r2
SDLP,srule=r2,srule,14,P14,10000,1.0,0.001,0.5,,0.59999999999999998,0.10000000000000001,0.55000000000000004,4.9000000000000004,1,1.8,,1,1,9.9999999999999994e-12,2000,true,converged_trial,0,25,111,3.397282455352979e-12,0.0098735999999999997,,r2
SDLP,srule=r2,srule,14,P14,10000,1.1,0.001,0.5,,0.59999999999999998,0.10000000000000001,0.55000000000000004,4.9000000000000004,1,1.8,,1,1,9.9999999999999994e-12,2000,true,converged_trial,0,23,102,6.2727600891321345e-12,0.0096474000000000004,,r2
SDLP,srule=r2,srule,14,P14,10000,2.0,0.001,0.5,,0.59999999999999998,0.10000000000000001,0.55000000000000004,4.9000000000000004,1,1.8,,1,1,9.9999999999999994e-12,2000,true,converged_projected,0,24,103,5.007105841059456e-12,0.0094050999999999996,,r2
SDLP,srule=r2,srule,14,P14,10000,5.0,0.001,0.5,,0.59999999999999998,0.10000000000000001,0.55000000000000004,4.9000000000000004,1,1.8,,1,1,9.9999999999999994e-12,2000,true,converged_trial,0,25,110,4.3853809472693683e-12,0.0118076,,r2
SDLP,srule=r2,srule,14,P14,10000,1/k,0.001,0.5,,0.59999999999999998,0.10000000000000001,0.55000000000000004,4.9000000000000004,1,1.8,,1,1,9.9999999999999994e-12,2000,true,converged_trial,0,50,201,6.6993582853482286e-12,0.0186353,,r2
SDLP,srule=r2,srule,14,P14,10000,k/n,0.001,0.5,,0.59999999999999998,0.10000000000000001,0.55000000000000004,4.9000000000000004,1,1.8,,1,1,9.9999999999999994e-12,2000,true,converged_trial,0,23,99,6.7655748138592748e-12,0.0101609,,r2
SDLP,srule=r2,srule,15,P15,10000,0.4,0.001,0.5,,0.59999999999999998,0.10000000000000001,0.55000000000000004,4.9000000000000004,1,1.8,,1,1,9.9999999999999994e-12,2000,true,converged_projected,0,1,5,0,0.00073300000000000004,,r2
SDLP,srule=r2,srule,15,P15,10000,0.5,0.001,0.5,,0.59999999999999998,0.10000000000000001,0.55000000000000004,4.9000000000000004,1,1.8,,1,1,9.9999999999999994e-12,2000,true,converged_projected,0,1,5,0,0.00071549999999999999,,r2
SDLP,srule=r2,srule,15,P15,10000,0.6,0.001,0.5,,0.59999999999999998,0.10000000000000001,0.55000000000000004,4.9000000000000004,1,1.8,,1,1,9.9999999999999994e-12,2000,true,converged_projected,0,1,5,0,0.00071889999999999996,,r2
SDLP,srule=r2,srule,15,P15,10000,0.8,0.001,0.5,,0.59999999999999998,0.10000000000000001,0.55000000000000004,4.9000000000000004,1,1.8,,1,1,9.9999999999999994e-12,2000,true,converged_projected,0,1,3,0,0.00047619999999999997,,r2
SDLP,srule=r2,srule,15,P15,10000,1.0,0.001,0.5,,0.59999999999999998,0.10000000000000001,0.55000000000000004,4.9000000000000004,1,1.8,,1,1,9.9999999999999994e-12,2000,true,converged_projected,0,1,6,0,0.00093280000000000001,,r2
SDLP,srule=r2,srule,15,P15,10000,1.1,0.001,0.5,,0.59999999999999998,0.10000000000000001,0.55000000000000004,4.9000000000000004,1,1.8,,1,1,9.9999999999999994e-12,2000,true,converged_projected,0,1,6,0,0.00091089999999999997,,r2
SDLP,srule=r2,srule,15,P15,10000,2.0,0.001,0.5,,0.59999999999999998,0.10000000000000001,0.55000000000000004,4.9000000000000004,1,1.8,,1,1,9.9999999999999994e-12,2000,true,converged_projected,0,2,14,0,0.0022485000000000001,,r2
SDLP,srule=r2,srule,15,P15,10000,5.0,0.001,0.5,,0.59999999999999998,0.10000000000000001,0.55000000000000004,4.9000000000000004,1,1.8,,1,1,9.9999999999999994e-12,2000,true,converged_projected,0,1,15,0,0.0028728999999999998,,r2
SDLP,srule=r2,srule,15,P15,10000,1/k,0.001,0.5,,0.59999999999999998,0.10000000000000001,0.55000000000000004,4.9000000000000004,1,1.8,,1,1,9.9999999999999994e-12,2000,true,converged_trial,0,20,101,6.8843870489383911e-12,0.016248100000000001,,r2
SDLP,srule=r2,srule,15,P15,10000,k/n,0.001,0.5,,0.59999999999999998,0.10000000000000001,0.55000000000000004,4.9000000000000004,1,1.8,,1,1,9.9999999999999994e-12,2000,true,converged_projected,0,23,117,7.517611916629411e-12,0.017868100000000001,,r2
SDLP,srule=r2,srule,16,P16,10000,0.4,0.001,0.5,,0.59999999999999998,0.10000000000000001,0.55000000000000004,4.9000000000000004,1,1.8,,1,1,9.9999999999999994e-12,2000,true,converged_trial,0,87,356,8.1719247968127928e-12,0.019319300000000001,,r2
SDLP,srule=r2,srule,16,P16,10000,0.5,0.001,0.5,,0.59999999999999998,0.10000000000000001,0.55000000000000004,4.9000000000000004,1,1.8,,1,1,9.9999999999999994e-12,2000,true,converged_trial,0,86,353,7.6334896113438049e-12,0.019686499999999999,,r2
SDLP,srule=r2,srule,16,P16,10000,0.6,0.001,0.5,,0.59999999999999998,0.10000000000000001,0.55000000000000004,4.9000000000000004,1,1.8,,1,1,9.9999999999999994e-12,2000,true,converged_trial,0,86,353,7.396604162721748e-12,0.031631399999999997,,r2
SDLP,srule=r2,srule,16,P16,10000,0.8,0.001,0.5,,0.59999999999999998,0.10000000000000001,0.55000000000000004,4.9000000000000004,1,1.8,,1,1,9.9999999999999994e-12,2000,true,converged_trial,0,84,346,9.553317081259177e-12,0.020108299999999999,,r2
SDLP,srule=r2,srule,16,P16,10000,1.0,0.001,0.5,,0.59999999999999998,0.10000000000000001,0.55000000000000004,4.9000000000000004,1,1.8,,1,1,9.9999999999999994e-12,2000,true,converged_trial,0,62,260,9.1431287739180051e-12,0.014531499999999999,,r2
SDLP,srule=r2,srule,16,P16,10000,1.1,0.001,0.5,,0.59999999999999998,0.10000000000000001,0.55000000000000004,4.9000000000000004,1,1.8,,1,1,9.9999999999999994e-12,2000,true,converged_projected,0,81,334,9.5756755619797358e-12,0.018431400000000001,,r2
SDLP,srule=r2,srule,16,P16,10000,2.0,0.001,0.5,,0.59999999999999998,0.10000000000000001,0.55000000000000004,4.9000000000000004,1,1.8,,1,1,9.9999999999999994e-12,2000,true,converged_trial,0,63,262,8.3639235311257973e-12,0.0140654,,r2
SDLP,srule=r2,srule,16,P16,10000,5.0,0.001,0.5,,0.59999999999999998,0.10000000000000001,0.55000000000000004,4.9000000000000004,1,1.8,,1,1,9.9999999999999994e-12,2000,true,converged_trial,0,99,399,9.8977287052662552e-12,0.0531972,,r2
SDLP,srule=r2,srule,16,P16,10000,1/k,0.001,0.5,,0.59999999999999998,0.10000000000000001,0.55000000000000004,4.9000000000000004,1,1.8,,1,1,9.9999999999999994e-12,2000,true,converged_projected,0,88,360,9.6267082946108405e-12,0.16965189999999999,,r2
SDLP,srule=r2,srule,16,P16,10000,k/n,0.001,0.5,,0.59999999999999998,0.10000000000000001,0.55000000000000004,4.9000000000000004,1,1.8,,1,1,9.9999999999999994e-12,2000,true,converged_trial,0,79,324,9.3025226188219618e-12,0.0365276,,r2
SDLP,srule=r2,srule,17,P17,10000,0.4,0.001,0.5,,0.59999999999999998,0.10000000000000001,0.55000000000000004,4.9000000000000004,1,1.8,,1,1,9.9999999999999994e-12,2000,true,converged_projected,0,1,3,0,0.00020369999999999999,,r2
SDLP,srule=r2,srule,17,P17,10000,0.5,0.001,0.5,,0.59999999999999998,0.10000000000000001,0.55000000000000004,4.9000000000000004,1,1.8,,1,1,9.9999999999999994e-12,2000,true,converged_projected,0,1,3,0,0.0002097,,r2
SDLP,srule=r2,srule,17,P17,10000,0.6,0.001,0.5,,0.59999999999999998,0.10000000000000001,0.55000000000000004,4.9000000000000004,1,1.8,,1,1,9.9999999999999994e-12,2000,true,converged_projected,0,1,3,0,0.00020320000000000001,,r2
SDLP,srule=r2,srule,17,P17,10000,0.8,0.001,0.5,,0.59999999999999998,0.10000000000000001,0.55000000000000004,4.9000000000000004,1,1.8,,1,1,9.9999999999999994e-12,2000,true,converged_projected,0,1,3,0,0.00020890000000000001,,r2
SDLP,srule=r2,srule,17,P17,10000,1.0,0.001,0.5,,0.59999999999999998,0.10000000000000001,0.55000000000000004,4.9000000000000004,1,1.8,,1,1,9.9999999999999994e-12,2000,true,converged_projected,0,1,3,0,0.0002229,,r2
SDLP,srule=r2,srule,17,P17,10000,1.1,0.001,0.5,,0.59999999999999998,0.10000000000000001,0.55000000000000004,4.9000000000000004,1,1.8,,1,1,9.9999999999999994e-12,2000,true,converged_projected,0,1,3,0,0.00021680000000000001,,r2
SDLP,srule=r2,srule,17,P17,10000,2.0,0.001,0.5,,0.59999999999999998,0.10000000000000001,0.55000000000000004,4.9000000000000004,1,1.8,,1,1,9.9999999999999994e-12,2000,true,converged_projected,0,2,7,0,0.00052539999999999998,,r2
SDLP,srule=r2,srule,17,P17,10000,5.0,0.001,0.5,,0.59999999999999998,0.10000000000000001,0.55000000000000004,4.9000000000000004,1,1.8,,1,1,9.9999999999999994e-12,2000,true,converged_projected,0,1,4,0,0.00029470000000000001,,r2
SDLP,srule=r2,srule,17,P17,10000,1/k,0.001,0.5,,0.59999999999999998,0.10000000000000001,0.55000000000000004,4.9000000000000004,1,1.8,,1,1,9.9999999999999994e-12,2000,true,converged_projected,0,1,3,0,0.00019660000000000001,,r2
SDLP,srule=r2,srule,17,P17,10000,k/n,0.001,0.5,,0.59999999999999998,0.10000000000000001,0.55000000000000004,4.9000000000000004,1,1.8,,1,1,9.9999999999999994e-12,2000,true,converged_projected,0,1,3,0,0.00020880000000000001,,r2
SDLP,srule=r2,srule,18,P18,10000,0.4,0.001,0.5,,0.59999999999999998,0.10000000000000001,0.55000000000000004,4.9000000000000004,1,1.8,,1,1,9.9999999999999994e-12,2000,true,converged_projected,0,2,7,5.595524044110789e-12,0.00090350000000000001,,r2
SDLP,srule=r2,srule,18,P18,10000,0.5,0.001,0.5,,0.59999999999999998,0.10000000000000001,0.55000000000000004,4.9000000000000004,1,1.8,,1,1,9.9999999999999994e-12,2000,true,converged_projected,0,2,7,5.595524044110789e-12,0.00090970000000000005,,r2
SDLP,srule=r2,srule,18,P18,10000,0.6,0.001,0.5,,0.59999999999999998,0.10000000000000001,0.55000000000000004,4.9000000000000004,1,1.8,,1,1,9.9999999999999994e-12,2000,true,converged_projected,0,2,7,5.595524044110789e-12,0.00096610000000000001,,r2
SDLP,srule=r2,srule,18,P18,10000,0.8,0.001,0.5,,0.59999999999999998,0.10000000000000001,0.55000000000000004,4.9000000000000004,1,1.8,,1,1,9.9999999999999994e-12,2000,true,converged_projected,0,2,7,5.595524044110789e-12,0.0009165,,r2
SDLP,srule=r2,srule,18,P18,10000,1.0,0.001,0.5,,0.59999999999999998,0.10000000000000001,0.55000000000000004,4.9000000000000004,1,1.8,,1,1,9.9999999999999994e-12,2000,true,converged_projected,0,2,7,5.595524044110789e-12,0.00092800000000000001,,r2
SDLP,srule=r2,srule,18,P18,10000,1.1,0.001,0.5,,0.59999999999999998,0.10000000000000001,0.55000000000000004,4.9000000000000004,1,1.8,,1,1,9.9999999999999994e-12,2000,true,converged_trial,0,6,17,4.7073456244106637e-12,0.0024266000000000001,,r2
SDLP,srule=r2,srule,18,P18,10000,2.0,0.001,0.5,,0.59999999999999998,0.10000000000000001,0.55000000000000004,4.9000000000000004,1,1.8,,1,1,9.9999999999999994e-12,2000,true,converged_trial,0,5,14,7.0610184366159956e-12,0.0020569,,r2
SDLP,srule=r2,srule,18,P18,10000,5.0,0.001,0.5,,0.59999999999999998,0.10000000000000001,0.55000000000000004,4.9000000000000004,1,1.8,,1,1,9.9999999999999994e-12,2000,true,converged_projected,0,6,17,8.4376949871511897e-12,0.0025071,,r2
SDLP,srule=r2,srule,18,P18,10000,1/k,0.001,0.5,,0.59999999999999998,0.10000000000000001,0.55000000000000004,4.9000000000000004,1,1.8,,1,1,9.9999999999999994e-12,2000,true,converged_projected,0,2,7,5.595524044110789e-12,0.0010518999999999999,,r2
SDLP,srule=r2,srule,18,P18,10000,k/n,0.001,0.5,,0.59999999999999998,0.10000000000000001,0.55000000000000004,4.9000000000000004,1,1.8,,1,1,9.9999999999999994e-12,2000,true,converged_projected,0,2,7,5.595524044110789e-12,0.0011441000000000001,,r2
SDLP,srule=r2,srule,19,P19,10000,0.4,0.001,0.5,,0.59999999999999998,0.10000000000000001,0.55000000000000004,4.9000000000000004,1,1.8,,1,1,9.9999999999999994e-12,2000,true,converged_trial,0,34,116,4.0530079292722121e-12,0.0076819000000000002,,r2
SDLP,srule=r2,srule,19,P19,10000,0.5,0.001,0.5,,0.59999999999999998,0.10000000000000001,0.55000000000000004,4.9000000000000004,1,1.8,,1,1,9.9999999999999994e-12,2000,true,converged_trial,0,34,117,4.0530079292722121e-12,0.0106339,,r2
SDLP,srule=r2,srule,19,P19,10000,0.6,0.001,0.5,,0.59999999999999998,0.10000000000000001,0.55000000000000004,4.9000000000000004,1,1.8,,1,1,9.9999999999999994e-12,2000,true,converged_trial,0,22,98,9.8161062611623606e-12,0.0113407,,r2
SDLP,srule=r2,srule,19,P19,10000,0.8,0.001,0.5,,0.59999999999999998,0.10000000000000001,0.55000000000000004,4.9000000000000004,1,1.8,,1,1,9.9999999999999994e-12,2000,true,converged_trial,0,34,118,4.0530079292722121e-12,0.0212497,,r2
SDLP,srule=r2,srule,19,P19,10000,1.0,0.001,0.5,,0.59999999999999998,0.10000000000000001,0.55000000000000004,4.9000000000000004,1,1.8,,1,1,9.9999999999999994e-12,2000,true,converged_trial,0,34,119,4.0530079292722121e-12,0.0071403999999999999,,r2
SDLP,srule=r2,srule,19,P19,10000,1.1,0.001,0.5,,0.59999999999999998,0.10000000000000001,0.55000000000000004,4.9000000000000004,1,1.8,,1,1,9.9999999999999994e-12,2000,true,converged_trial,0,34,119,4.0530079292722121e-12,0.0072500999999999998,,r2
SDLP,srule=r2,srule,19,P19,10000,2.0,0.001,0.5,,0.59999999999999998,0.10000000000000001,0.55000000000000004,4.9000000000000004,1,1.8,,1,1,9.9999999999999994e-12,2000,true,converged_trial,0,34,121,4.0530079292722121e-12,0.012693599999999999,,r2
SDLP,srule=r2,srule,19,P19,10000,5.0,0.001,0.5,,0.59999999999999998,0.10000000000000001,0.55000000000000004,4.9000000000000004,1,1.8,,1,1,9.9999999999999994e-12,2000,true,converged_trial,0,34,124,4.0530079292722121e-12,0.022652100000000001,,r2
SDLP,srule=r2,srule,19,P19,10000,1/k,0.001,0.5,,0.59999999999999998,0.10000000000000001,0.55000000000000004,4.9000000000000004,1,1.8,,1,1,9.9999999999999994e-12,2000,false,maxiter,0,2000,5007,4.5324877323803468e-06,0.43146519999999999,,r2
SDLP,srule=r2,srule,19,P19,10000,k/n,0.001,0.5,,0.59999999999999998,0.10000000000000001,0.55000000000000004,4.9000000000000004,1,1.8,,1,1,9.9999999999999994e-12,2000,false,maxiter,0,2000,5017,6.7974646346700337e-07,0.66365229999999997,,r2
SDLP,srule=r2,srule,20,P20,10000,0.4,0.001,0.5,,0.59999999999999998,0.10000000000000001,0.55000000000000004,4.9000000000000004,1,1.8,,1,1,9.9999999999999994e-12,2000,true,converged_trial,0,26,113,1.7384772570666944e-12,0.020587500000000002,,r2
SDLP,srule=r2,srule,20,P20,10000,0.5,0.001,0.5,,0.59999999999999998,0.10000000000000001,0.55000000000000004,4.9000000000000004,1,1.8,,1,1,9.9999999999999994e-12,2000,true,converged_trial,0,26,114,7.5243094686742905e-12,0.022000499999999999,,r2
SDLP,srule=r2,srule,20,P20,10000,0.6,0.001,0.5,,0.59999999999999998,0.10000000000000001,0.55000000000000004,4.9000000000000004,1,1.8,,1,1,9.9999999999999994e-12,2000,true,converged_projected,0,29,128,7.7592886287975763e-12,0.023902199999999998,,r2
SDLP,srule=r2,srule,20,P20,10000,0.8,0.001,0.5,,0.59999999999999998,0.10000000000000001,0.55000000000000004,4.9000000000000004,1,1.8,,1,1,9.9999999999999994e-12,2000,true,converged_projected,0,29,129,8.6194045390448527e-12,0.024062699999999999,,r2
SDLP,srule=r2,srule,20,P20,10000,1.0,0.001,0.5,,0.59999999999999998,0.10000000000000001,0.55000000000000004,4.9000000000000004,1,1.8,,1,1,9.9999999999999994e-12,2000,true,converged_trial,0,27,120,2.7970814542941664e-12,0.022635800000000001,,r2
SDLP,srule=r2,srule,20,P20,10000,1.1,0.001,0.5,,0.59999999999999998,0.10000000000000001,0.55000000000000004,4.9000000000000004,1,1.8,,1,1,9.9999999999999994e-12,2000,true,converged_projected,0,2,5,0,0.00073749999999999998,,r2
SDLP,srule=r2,srule,20,P20,10000,2.0,0.001,0.5,,0.59999999999999998,0.10000000000000001,0.55000000000000004,4.9000000000000004,1,1.8,,1,1,9.9999999999999994e-12,2000,true,converged_trial,0,30,134,5.1789408980559764e-12,0.0242309,,r2
SDLP,srule=r2,srule,20,P20,10000,5.0,0.001,0.5,,0.59999999999999998,0.10000000000000001,0.55000000000000004,4.9000000000000004,1,1.8,,1,1,9.9999999999999994e-12,2000,true,converged_projected,0,2,5,0,0.00093459999999999995,,r2
SDLP,srule=r2,srule,20,P20,10000,1/k,0.001,0.5,,0.59999999999999998,0.10000000000000001,0.55000000000000004,4.9000000000000004,1,1.8,,1,1,9.9999999999999994e-12,2000,true,converged_trial,0,61,232,9.5983859491658594e-12,0.044480499999999999,,r2
SDLP,srule=r2,srule,20,P20,10000,k/n,0.001,0.5,,0.59999999999999998,0.10000000000000001,0.55000000000000004,4.9000000000000004,1,1.8,,1,1,9.9999999999999994e-12,2000,true,converged_trial,0,59,231,7.5833978229486831e-12,0.0604938,,r2
SDLP,srule=alt,srule,1,P1,10000,0.4,0.001,0.5,,0.59999999999999998,0.10000000000000001,0.55000000000000004,4.9000000000000004,1,1.8,,1,1,9.9999999999999994e-12,2000,true,converged_projected,0,1,3,0,0.0002074,,alt
SDLP,srule=alt,srule,1,P1,10000,0.5,0.001,0.5,,0.59999999999999998,0.10000000000000001,0.55000000000000004,4.9000000000000004,1,1.8,,1,1,9.9999999999999994e-12,2000,true,converged_projected,0,1,3,0,0.00019900000000000001,,alt
SDLP,srule=alt,srule,1,P1,10000,0.6,0.001,0.5,,0.59999999999999998,0.10000000000000001,0.55000000000000004,4.9000000000000004,1,1.8,,1,1,9.9999999999999994e-12,2000,true,converged_projected,0,1,3,0,0.00020100000000000001,,alt
SDLP,srule=alt,srule,1,P1,10000,0.8,0.001,0.5,,0.59999999999999998,0.10000000000000001,0.55000000000000004,4.9000000000000004,1,1.8,,1,1,9.9999999999999994e-12,2000,true,converged_projected,0,1,3,0,0.00021340000000000001,,alt
SDLP,srule=alt,srule,1,P1,10000,1.0,0.001,0.5,,0.59999999999999998,0.10000000000000001,0.55000000000000004,4.9000000000000004,1,1.8,,1,1,9.9999999999999994e-12,2000,true,converged_projected,0,1,3,0,0.00020929999999999999,,alt
SDLP,srule=alt,srule,1,P1,10000,1.1,0.001,0.5,,0.59999999999999998,0.10000000000000001,0.55000000000000004,4.9000000000000004,1,1.8,,1,1,9.9999999999999994e-12,2000,true,converged_projected,0,1,3,0,0.00023690000000000001,,alt
SDLP,srule=alt,srule,1,P1,10000,2.0,0.001,0.5,,0.59999999999999998,0.10000000000000001,0.55000000000000004,4.9000000000000004,1,1.8,,1,1,9.9999999999999994e-12,2000,true,converged_projected,0,2,7,0,0.00053019999999999999,,alt
SDLP,srule=alt,srule,1,P1,10000,5.0,0.001,0.5,,0.59999999999999998,0.10000000000000001,0.55000000000000004,4.9000000000000004,1,1.8,,1,1,9.9999999999999994e-12,2000,true,converged_projected,0,1,4,0,0.00030259999999999998,,alt
SDLP,srule=alt,srule,1,P1,10000,1/k,0.001,0.5,,0.59999999999999998,0.10000000000000001,0.55000000000000004,4.9000000000000004,1,1.8,,1,1,9.9999999999999994e-12,2000,true,converged_projected,0,1,3,0,0.0002029,,alt
SDLP,srule=alt,srule,1,P1,10000,k/n,0.001,0.5,,0.59999999999999998,0.10000000000000001,0.55000000000000004,4.9000000000000004,1,1.8,,1,1,9.9999999999999994e-12,2000,true,converged_projected,0,1,3,0,0.00020379999999999999,,alt
SDLP,srule=alt,srule,2,P2,10000,0.4,0.001,0.5,,0.59999999999999998,0.10000000000000001,0.55000000000000004,4.9000000000000004,1,1.8,,1,1,9.9999999999999994e-12,2000,true,converged_projected,0,2,6,0,0.00059349999999999995,,alt
SDLP,srule=alt,srule,2,P2,10000,0.5,0.001,0.5,,0.59999999999999998,0.10000000000000001,0.55000000000000004,4.9000000000000004,1,1.8,,1,1,9.9999999999999994e-12,2000,true,converged_projected,0,2,6,0,0.0016262,,alt
SDLP,srule=alt,srule,2,P2,10000,0.6,0.001,0.5,,0.59999999999999998,0.10000000000000001,0.55000000000000004,4.9000000000000004,1,1.8,,1,1,9.9999999999999994e-12,2000,true,converged_projected,0,2,6,0,0.00078140000000000002,,alt
SDLP,srule=alt,srule,2,P2,10000,0.8,0.001,0.5,,0.59999999999999998,0.10000000000000001,0.55000000000000004,4.9000000000000004,1,1.8,,1,1,9.9999999999999994e-12,2000,true,converged_projected,0,2,6,0,0.00062969999999999996,,alt
SDLP,srule=alt,srule,2,P2,10000,1.0,0.001,0.5,,0.59999999999999998,0.10000000000000001,0.55000000000000004,4.9000000000000004,1,1.8,,1,1,9.9999999999999994e-12,2000,true,converged_projected,0,2,6,0,0.0006244,,alt
SDLP,srule=alt,srule,2,P2,10000,1.1,0.001,0.5,,0.59999999999999998,0.10000000000000001,0.55000000000000004,4.9000000000000004,1,1.8,,1,1,9.9999999999999994e-12,2000,true,converged_projected,0,2,6,0,0.00063150000000000001,,alt
SDLP,srule=alt,srule,2,P2,10000,2.0,0.001,0.5,,0.59999999999999998,0.10000000000000001,0.55000000000000004,4.9000000000000004,1,1.8,,1,1,9.9999999999999994e-12,2000,true,converged_projected,0,2,5,0,0.0005329,,alt
SDLP,srule=alt,srule,2,P2,10000,5.0,0.001,0.5,,0.59999999999999998,0.10000000000000001,0.55000000000000004,4.9000000000000004,1,1.8,,1,1,9.9999999999999994e-12,2000,true,converged_projected,0,3,7,0,0.00079230000000000001,,alt
SDLP,srule=alt,srule,2,P2,10000,1/k,0.001,0.5,,0.59999999999999998,0.10000000000000001,0.55000000000000004,4.9000000000000004,1,1.8,,1,1,9.9999999999999994e-12,2000,true,converged_projected,0,2,6,0,0.00060499999999999996,,alt
SDLP,srule=alt,srule,2,P2,10000,k/n,0.001,0.5,,0.59999999999999998,0.10000000000000001,0.55000000000000004,4.9000000000000004,1,1.8,,1,1,9.9999999999999994e-12,2000,true,converged_projected,0,2,6,0,0.00073490000000000003,,alt
SDLP,srule=alt,srule,3,P3,10000,0.4,0.001,0.5,,0.59999999999999998,0.10000000000000001,0.55000000000000004,4.9000000000000004,1,1.8,,1,1,9.9999999999999994e-12,2000,true,converged_projected,0,1,3,0,0.0002341,,alt
SDLP,srule=alt,srule,3,P3,10000,0.5,0.001,0.5,,0.59999999999999998,0.10000000000000001,0.55000000000000004,4.9000000000000004,1,1.8,,1,1,9.9999999999999994e-12,2000,true,converged_projected,0,1,3,0,0.00022259999999999999,,alt
SDLP,srule=alt,srule,3,P3,10000,0.6,0.001,0.5,,0.59999999999999998,0.10000000000000001,0.55000000000000004,4.9000000000000004,1,1.8,,1,1,9.9999999999999994e-12,2000,true,converged_projected,0,1,3,0,0.00021359999999999999,,alt
SDLP,srule=alt,srule,3,P3,10000,0.8,0.001,0.5,,0.59999999999999998,0.10000000000000001,0.55000000000000004,4.9000000000000004,1,1.8,,1,1,9.9999999999999994e-12,2000,true,converged_projected,0,2,7,0,0.0016068,,alt
SDLP,srule=alt,srule,3,P3,10000,1.0,0.001,0.5,,0.59999999999999998,0.10000000000000001,0.55000000000000004,4.9000000000000004,1,1.8,,1,1,9.9999999999999994e-12,2000,true,converged_projected,0,2,7,0,0.00065149999999999995,,alt
SDLP,srule=alt,srule,3,P3,10000,1.1,0.001,0.5,,0.59999999999999998,0.10000000000000001,0.55000000000000004,4.9000000000000004,1,1.8,,1,1,9.9999999999999994e-12,2000,true,converged_projected,0,2,7,0,0.0005599,,alt
SDLP,srule=alt,srule,3,P3,10000,2.0,0.001,0.5,,0.59999999999999998,0.10000000000000001,0.55000000000000004,4.9000000000000004,1,1.8,,1,1,9.9999999999999994e-12,2000,true,converged_projected,0,4,15,0,0.0012048,,alt
SDLP,srule=alt,srule,3,P3,10000,5.0,0.001,0.5,,0.59999999999999998,0.10000000000000001,0.55000000000000004,4.9000000000000004,1,1.8,,1,1,9.9999999999999994e-12,2000,true,converged_projected,0,4,18,0,0.001242,,alt
SDLP,srule=alt,srule,3,P3,10000,1/k,0.001,0.5,,0.59999999999999998,0.10000000000000001,0.55000000000000004,4.9000000000000004,1,1.8,,1,1,9.9999999999999994e-12,2000,true,converged_projected,0,16,48,9.6033029792352623e-12,0.0050028,,alt
SDLP,srule=alt,srule,3,P3,10000,k/n,0.001,0.5,,0.59999999999999998,0.10000000000000001,0.55000000000000004,4.9000000000000004,1,1.8,,1,1,9.9999999999999994e-12,2000,true,converged_trial,0,20,60,7.7806702020298402e-12,0.0065008000000000002,,alt
SDLP,srule=alt,srule,4,P4,10000,0.4,0.001,0.5,,0.59999999999999998,0.10000000000000001,0.55000000000000004,4.9000000000000004,1,1.8,,1,1,9.9999999999999994e-12,2000,true,converged_projected,0,1,4,0,0.00018100000000000001,,alt
SDLP,srule=alt,srule,4,P4,10000,0.5,0.001,0.5,,0.59999999999999998,0.10000000000000001,0.55000000000000004,4.9000000000000004,1,1.8,,1,1,9.9999999999999994e-12,2000,true,converged_projected,0,1,4,0,0.0001827,,alt
SDLP,srule=alt,srule,4,P4,10000,0.6,0.001,0.5,,0.59999999999999998,0.10000000000000001,0.55000000000000004,4.9000000000000004,1,1.8,,1,1,9.9999999999999994e-12,2000,true,converged_projected,0,1,4,0,0.00018090000000000001,,alt
SDLP,srule=alt,srule,4,P4,10000,0.8,0.001,0.5,,0.59999999999999998,0.10000000000000001,0.55000000000000004,4.9000000000000004,1,1.8,,1,1,9.9999999999999994e-12,2000,true,converged_projected,0,1,4,0,0.0002319,,alt
SDLP,srule=alt,srule,4,P4,10000,1.0,0.001,0.5,,0.59999999999999998,0.10000000000000001,0.55000000000000004,4.9000000000000004,1,1.8,,1,1,9.9999999999999994e-12,2000,true,converged_projected,0,7,28,2.8011620030177908e-12,0.0015703,,alt
SDLP,srule=alt,srule,4,P4,10000,1.1,0.001,0.5,,0.59999999999999998,0.10000000000000001,0.55000000000000004,4.9000000000000004,1,1.8,,1,1,9.9999999999999994e-12,2000,true,converged_projected,0,7,28,8.7787608803062479e-12,0.0028535000000000001,,alt
SDLP,srule=alt,srule,4,P4,10000,2.0,0.001,0.5,,0.59999999999999998,0.10000000000000001,0.55000000000000004,4.9000000000000004,1,1.8,,1,1,9.9999999999999994e-12,2000,true,converged_projected,0,5,20,0,0.0010724,,alt
SDLP,srule=alt,srule,4,P4,10000,5.0,0.001,0.5,,0.59999999999999998,0.10000000000000001,0.55000000000000004,4.9000000000000004,1,1.8,,1,1,9.9999999999999994e-12,2000,false,maxiter,1,2000,4001,1.9059169595638132e+97,0.38787630000000001,,alt
SDLP,srule=alt,srule,4,P4,10000,1/k,0.001,0.5,,0.59999999999999998,0.10000000000000001,0.55000000000000004,4.9000000000000004,1,1.8,,1,1,9.9999999999999994e-12,2000,true,converged_trial,0,26,104,7.8776839775786349e-12,0.0073685,,alt
SDLP,srule=alt,srule,4,P4,10000,k/n,0.001,0.5,,0.59999999999999998,0.10000000000000001,0.55000000000000004,4.9000000000000004,1,1.8,,1,1,9.9999999999999994e-12,2000,true,converged_trial,0,19,75,5.9044615599310785e-12,0.0035517999999999999,,alt
SDLP,srule=alt,srule,5,P5,10000,0.4,0.001,0.5,,0.59999999999999998,0.10000000000000001,0.55000000000000004,4.9000000000000004,1,1.8,,1,1,9.9999999999999994e-12,2000,true,converged_trial,0,21,63,7.2575449737574162e-12,0.0108375,,alt
SDLP,srule=alt,srule,5,P5,10000,0.5,0.001,0.5,,0.59999999999999998,0.10000000000000001,0.55000000000000004,4.9000000000000004,1,1.8,,1,1,9.9999999999999994e-12,2000,true,converged_trial,0,21,63,7.1716745417415888e-12,0.010633,,alt
SDLP,srule=alt,srule,5,P5,10000,0.6,0.001,0.5,,0.59999999999999998,0.10000000000000001,0.55000000000000004,4.9000000000000004,1,1.8,,1,1,9.9999999999999994e-12,2000,true,converged_trial,0,21,63,7.1279259899967453e-12,0.010656799999999999,,alt
SDLP,srule=alt,srule,5,P5,10000,0.8,0.001,0.5,,0.59999999999999998,0.10000000000000001,0.55000000000000004,4.9000000000000004,1,1.8,,1,1,9.9999999999999994e-12,2000,true,converged_trial,0,21,63,7.0244208566116504e-12,0.0105402,,alt
SDLP,srule=alt,srule,5,P5,10000,1.0,0.001,0.5,,0.59999999999999998,0.10000000000000001,0.55000000000000004,4.9000000000000004,1,1.8,,1,1,9.9999999999999994e-12,2000,true,converged_trial,0,21,63,6.5554626086645036e-12,0.0106207,,alt
SDLP,srule=alt,srule,5,P5,10000,1.1,0.001,0.5,,0.59999999999999998,0.10000000000000001,0.55000000000000004,4.9000000000000004,1,1.8,,1,1,9.9999999999999994e-12,2000,true,converged_trial,0,21,63,6.174958533989156e-12,0.010607699999999999,,alt
SDLP,srule=alt,srule,5,P5,10000,2.0,0.001,0.5,,0.59999999999999998,0.10000000000000001,0.55000000000000004,4.9000000000000004,1,1.8,,1,1,9.9999999999999994e-12,2000,true,converged_projected,0,20,61,3.3014403684057601e-12,0.010358600000000001,,alt
SDLP,srule=alt,srule,5,P5,10000,5.0,0.001,0.5,,0.59999999999999998,0.10000000000000001,0.55000000000000004,4.9000000000000004,1,1.8,,1,1,9.9999999999999994e-12,2000,true,converged_projected,0,20,61,5.4869997588976242e-12,0.0092642000000000002,,alt
SDLP,srule=alt,srule,5,P5,10000,1/k,0.001,0.5,,0.59999999999999998,0.10000000000000001,0.55000000000000004,4.9000000000000004,1,1.8,,1,1,9.9999999999999994e-12,2000,true,converged_trial,0,21,63,9.5224169383083053e-12,0.0109251,,alt
SDLP,srule=alt,srule,5,P5,10000,k/n,0.001,0.5,,0.59999999999999998,0.10000000000000001,0.55000000000000004,4.9000000000000004,1,1.8,,1,1,9.9999999999999994e-12,2000,true,converged_trial,0,20,60,8.5837783957702938e-12,0.0107288,,alt
SDLP,srule=alt,srule,6,P6,10000,0.4,0.001,0.5,,0.59999999999999998,0.10000000000000001,0.55000000000000004,4.9000000000000004,1,1.8,,1,1,9.9999999999999994e-12,2000,true,converged_projected,0,15,60,5.1292303737682232e-12,0.0060185999999999998,,alt
SDLP,srule=alt,srule,6,P6,10000,0.5,0.001,0.5,,0.59999999999999998,0.10000000000000001,0.55000000000000004,4.9000000000000004,1,1.8,,1,1,9.9999999999999994e-12,2000,true,converged_trial,0,14,55,4.75175454539567e-12,0.0053654999999999996,,alt
SDLP,srule=alt,srule,6,P6,10000,0.6,0.001,0.5,,0.59999999999999998,0.10000000000000001,0.55000000000000004,4.9000000000000004,1,1.8,,1,1,9.9999999999999994e-12,2000,true,converged_projected,0,13,52,9.8809849191638932e-12,0.0039711,,alt
SDLP,srule=alt,srule,6,P6,10000,0.8,0.001,0.5,,0.59999999999999998,0.10000000000000001,0.55000000000000004,4.9000000000000004,1,1.8,,1,1,9.9999999999999994e-12,2000,true,converged_trial,0,16,63,6.7057470687359455e-12,0.0057149999999999996,,alt
SDLP,srule=alt,srule,6,P6,10000,1.0,0.001,0.5,,0.59999999999999998,0.10000000000000001,0.55000000000000004,4.9000000000000004,1,1.8,,1,1,9.9999999999999994e-12,2000,true,converged_projected,0,16,64,7.9269923958236177e-12,0.0059033999999999996,,alt
SDLP,srule=alt,srule,6,P6,10000,1.1,0.001,0.5,,0.59999999999999998,0.10000000000000001,0.55000000000000004,4.9000000000000004,1,1.8,,1,1,9.9999999999999994e-12,2000,true,converged_trial,0,17,67,4.8183679268731794e-12,0.0060574000000000001,,alt
SDLP,srule=alt,srule,6,P6,10000,2.0,0.001,0.5,,0.59999999999999998,0.10000000000000001,0.55000000000000004,4.9000000000000004,1,1.8,,1,1,9.9999999999999994e-12,2000,true,converged_trial,0,19,74,6.794564910705958e-12,0.0095340000000000008,,alt
SDLP,srule=alt,srule,6,P6,10000,5.0,0.001,0.5,,0.59999999999999998,0.10000000000000001,0.55000000000000004,4.9000000000000004,1,1.8,,1,1,9.9999999999999994e-12,2000,true,converged_trial,0,19,73,4.418687638008123e-12,0.010297499999999999,,alt
SDLP,srule=alt,srule,6,P6,10000,1/k,0.001,0.5,,0.59999999999999998,0.10000000000000001,0.55000000000000004,4.9000000000000004,1,1.8,,1,1,9.9999999999999994e-12,2000,true,converged_projected,0,33,143,6.2591878233050933e-12,0.18706120000000001,,alt
SDLP,srule=alt,srule,6,P6,10000,k/n,0.001,0.5,,0.59999999999999998,0.10000000000000001,0.55000000000000004,4.9000000000000004,1,1.8,,1,1,9.9999999999999994e-12,2000,true,converged_trial,0,35,147,8.6487889565384889e-12,0.013739100000000001,,alt
SDLP,srule=alt,srule,8,P8,10000,0.4,0.001,0.5,,0.59999999999999998,0.10000000000000001,0.55000000000000004,4.9000000000000004,1,1.8,,1,1,9.9999999999999994e-12,2000,true,converged_trial,0,29,142,2.1289217661318588e-12,0.0132105,,alt
SDLP,srule=alt,srule,8,P8,10000,0.5,0.001,0.5,,0.59999999999999998,0.10000000000000001,0.55000000000000004,4.9000000000000004,1,1.8,,1,1,9.9999999999999994e-12,2000,true,converged_projected,0,28,127,6.0121857172336517e-12,0.011387599999999999,,alt
SDLP,srule=alt,srule,8,P8,10000,0.6,0.001,0.5,,0.59999999999999998,0.10000000000000001,0.55000000000000004,4.9000000000000004,1,1.8,,1,1,9.9999999999999994e-12,2000,true,converged_trial,0,19,91,6.2681306342414579e-12,0.0077098000000000002,,alt
SDLP,srule=alt,srule,8,P8,10000,0.8,0.001,0.5,,0.59999999999999998,0.10000000000000001,0.55000000000000004,4.9000000000000004,1,1.8,,1,1,9.9999999999999994e-12,2000,true,converged_trial,0,28,127,3.1706861478941818e-12,0.0103391,,alt
SDLP,srule=alt,srule,8,P8,10000,1.0,0.001,0.5,,0.59999999999999998,0.10000000000000001,0.55000000000000004,4.9000000000000004,1,1.8,,1,1,9.9999999999999994e-12,2000,true,converged_trial,0,23,108,9.8781118049905241e-12,0.0134504,,alt
SDLP,srule=alt,srule,8,P8,10000,1.1,0.001,0.5,,0.59999999999999998,0.10000000000000001,0.55000000000000004,4.9000000000000004,1,1.8,,1,1,9.9999999999999994e-12,2000,true,converged_projected,0,25,123,7.0748358923215573e-12,0.0048332000000000002,,alt
SDLP,srule=alt,srule,8,P8,10000,2.0,0.001,0.5,,0.59999999999999998,0.10000000000000001,0.55000000000000004,4.9000000000000004,1,1.8,,1,1,9.9999999999999994e-12,2000,true,converged_trial,0,26,126,5.2036499246100448e-12,0.0058786999999999997,,alt
SDLP,srule=alt,srule,8,P8,10000,5.0,0.001,0.5,,0.59999999999999998,0.10000000000000001,0.55000000000000004,4.9000000000000004,1,1.8,,1,1,9.9999999999999994e-12,2000,true,converged_trial,0,25,125,6.4612269801762816e-12,0.0053838000000000002,,alt
SDLP,srule=alt,srule,8,P8,10000,1/k,0.001,0.5,,0.59999999999999998,0.10000000000000001,0.55000000000000004,4.9000000000000004,1,1.8,,1,1,9.9999999999999994e-12,2000,true,converged_projected,0,32,170,3.0173704333569616e-12,0.012554600000000001,,alt
SDLP,srule=alt,srule,8,P8,10000,k/n,0.001,0.5,,0.59999999999999998,0.10000000000000001,0.55000000000000004,4.9000000000000004,1,1.8,,1,1,9.9999999999999994e-12,2000,true,converged_projected,0,25,117,9.460972538510461e-12,0.0110837,,alt
SDLP,srule=alt,srule,10,P10,10000,0.4,0.001,0.5,,0.59999999999999998,0.10000000000000001,0.55000000000000004,4.9000000000000004,1,1.8,,1,1,9.9999999999999994e-12,2000,true,converged_trial,0,23,89,3.8191672047105385e-12,0.015124200000000001,,alt
SDLP,srule=alt,srule,10,P10,10000,0.5,0.001,0.5,,0.59999999999999998,0.10000000000000001,0.55000000000000004,4.9000000000000004,1,1.8,,1,1,9.9999999999999994e-12,2000,true,converged_trial,0,24,93,6.1950444774083735e-12,0.0045425999999999999,,alt
SDLP,srule=alt,srule,10,P10,10000,0.6,0.001,0.5,,0.59999999999999998,0.10000000000000001,0.55000000000000004,4.9000000000000004,1,1.8,,1,1,9.9999999999999994e-12,2000,true,converged_trial,0,25,97,5.7509552675583109e-12,0.0043550000000000004,,alt
SDLP,srule=alt,srule,10,P10,10000,0.8,0.001,0.5,,0.59999999999999998,0.10000000000000001,0.55000000000000004,4.9000000000000004,1,1.8,,1,1,9.9999999999999994e-12,2000,true,converged_trial,0,24,94,7.0166095156309893e-12,0.0046125999999999997,,alt
SDLP,srule=alt,srule,10,P10,10000,1.0,0.001,0.5,,0.59999999999999998,0.10000000000000001,0.55000000000000004,4.9000000000000004,1,1.8,,1,1,9.9999999999999994e-12,2000,true,converged_projected,0,20,80,9.6589403142388619e-12,0.0036608999999999999,,alt
SDLP,srule=alt,srule,10,P10,10000,1.1,0.001,0.5,,0.59999999999999998,0.10000000000000001,0.55000000000000004,4.9000000000000004,1,1.8,,1,1,9.9999999999999994e-12,2000,true,converged_trial,0,23,91,3.9523939676655573e-12,0.0069137000000000001,,alt
SDLP,srule=alt,srule,10,P10,10000,2.0,0.001,0.5,,0.59999999999999998,0.10000000000000001,0.55000000000000004,4.9000000000000004,1,1.8,,1,1,9.9999999999999994e-12,2000,true,converged_trial,0,17,68,8.1046280797636427e-12,0.0060365000000000002,,alt
SDLP,srule=alt,srule,10,P10,10000,5.0,0.001,0.5,,0.59999999999999998,0.10000000000000001,0.55000000000000004,4.9000000000000004,1,1.8,,1,1,9.9999999999999994e-12,2000,true,converged_trial,0,28,101,5.5733195836182858e-12,0.010269500000000001,,alt
SDLP,srule=alt,srule,10,P10,10000,1/k,0.001,0.5,,0.59999999999999998,0.10000000000000001,0.55000000000000004,4.9000000000000004,1,1.8,,1,1,9.9999999999999994e-12,2000,true,converged_projected,0,42,137,2.6537710353970711e-12,0.018601900000000001,,alt
SDLP,srule=alt,srule,10,P10,10000,k/n,0.001,0.5,,0.59999999999999998,0.10000000000000001,0.55000000000000004,4.9000000000000004,1,1.8,,1,1,9.9999999999999994e-12,2000,true,converged_trial,0,28,102,2.9632257429346857e-12,0.0049283,,alt
SDLP,srule=alt,srule,11,P11,10000,0.4,0.001,0.5,,0.59999999999999998,0.10000000000000001,0.55000000000000004,4.9000000000000004,1,1.8,,1,1,9.9999999999999994e-12,2000,true,converged_projected,0,25,70,3.9580070212261645e-12,0.0068041999999999998,,alt
SDLP,srule=alt,srule,11,P11,10000,0.5,0.001,0.5,,0.59999999999999998,0.10000000000000001,0.55000000000000004,4.9000000000000004,1,1.8,,1,1,9.9999999999999994e-12,2000,true,converged_trial,0,20,56,7.4047007587419656e-12,0.0051843999999999996,,alt
SDLP,srule=alt,srule,11,P11,10000,0.6,0.001,0.5,,0.59999999999999998,0.10000000000000001,0.55000000000000004,4.9000000000000004,1,1.8,,1,1,9.9999999999999994e-12,2000,true,converged_projected,0,22,63,4.6090731656497633e-12,0.0057726000000000001,,alt
SDLP,srule=alt,srule,11,P11,10000,0.8,0.001,0.5,,0.59999999999999998,0.10000000000000001,0.55000000000000004,4.9000000000000004,1,1.8,,1,1,9.9999999999999994e-12,2000,true,converged_projected,0,21,62,6.0244896282636735e-12,0.0076403,,alt
SDLP,srule=alt,srule,11,P11,10000,1.0,0.001,0.5,,0.59999999999999998,0.10000000000000001,0.55000000000000004,4.9000000000000004,1,1.8,,1,1,9.9999999999999994e-12,2000,true,converged_trial,0,20,59,4.3978089385697429e-12,0.0238184,,alt
SDLP,srule=alt,srule,11,P11,10000,1.1,0.001,0.5,,0.59999999999999998,0.10000000000000001,0.55000000000000004,4.9000000000000004,1,1.8,,1,1,9.9999999999999994e-12,2000,true,converged_trial,0,20,57,5.8711278864198696e-12,0.0086770000000000007,,alt
SDLP,srule=alt,srule,11,P11,10000,2.0,0.001,0.5,,0.59999999999999998,0.10000000000000001,0.55000000000000004,4.9000000000000004,1,1.8,,1,1,9.9999999999999994e-12,2000,true,converged_trial,0,27,78,7.7461769390598925e-12,0.011419,,alt
SDLP,srule=alt,srule,11,P11,10000,5.0,0.001,0.5,,0.59999999999999998,0.10000000000000001,0.55000000000000004,4.9000000000000004,1,1.8,,1,1,9.9999999999999994e-12,2000,true,converged_trial,0,30,146,6.9626179061764551e-12,0.018983099999999999,,alt
SDLP,srule=alt,srule,11,P11,10000,1/k,0.001,0.5,,0.59999999999999998,0.10000000000000001,0.55000000000000004,4.9000000000000004,1,1.8,,1,1,9.9999999999999994e-12,2000,true,converged_projected,0,23,68,5.7410426951603022e-12,0.011243,,alt
SDLP,srule=alt,srule,11,P11,10000,k/n,0.001,0.5,,0.59999999999999998,0.10000000000000001,0.55000000000000004,4.9000000000000004,1,1.8,,1,1,9.9999999999999994e-12,2000,true,converged_projected,0,26,76,2.2179732603817394e-12,0.0067599000000000001,,alt
SDLP,srule=alt,srule,12,P12,10000,0.4,0.001,0.5,,0.59999999999999998,0.10000000000000001,0.55000000000000004,4.9000000000000004,1,1.8,,1,1,9.9999999999999994e-12,2000,true,converged_projected,0,13,52,9.8809849191638932e-12,0.0050220999999999998,,alt
SDLP,srule=alt,srule,12,P12,10000,0.5,0.001,0.5,,0.59999999999999998,0.10000000000000001,0.55000000000000004,4.9000000000000004,1,1.8,,1,1,9.9999999999999994e-12,2000,true,converged_trial,0,14,55,4.7628567756419216e-12,0.0045184999999999999,,alt
SDLP,srule=alt,srule,12,P12,10000,0.6,0.001,0.5,,0.59999999999999998,0.10000000000000001,0.55000000000000004,4.9000000000000004,1,1.8,,1,1,9.9999999999999994e-12,2000,true,converged_projected,0,15,60,5.0959236830294685e-12,0.0070277999999999998,,alt
SDLP,srule=alt,srule,12,P12,10000,0.8,0.001,0.5,,0.59999999999999998,0.10000000000000001,0.55000000000000004,4.9000000000000004,1,1.8,,1,1,9.9999999999999994e-12,2000,true,converged_projected,0,16,64,3.8857805861880479e-12,0.0049766999999999997,,alt
SDLP,srule=alt,srule,12,P12,10000,1.0,0.001,0.5,,0.59999999999999998,0.10000000000000001,0.55000000000000004,4.9000000000000004,1,1.8,,1,1,9.9999999999999994e-12,2000,true,converged_projected,0,16,64,8.4099394115355608e-12,0.0051482999999999998,,alt
SDLP,srule=alt,srule,12,P12,10000,1.1,0.001,0.5,,0.59999999999999998,0.10000000000000001,0.55000000000000004,4.9000000000000004,1,1.8,,1,1,9.9999999999999994e-12,2000,true,converged_trial,0,17,67,5.8841820305133297e-12,0.0055595000000000002,,alt
SDLP,srule=alt,srule,12,P12,10000,2.0,0.001,0.5,,0.59999999999999998,0.10000000000000001,0.55000000000000004,4.9000000000000004,1,1.8,,1,1,9.9999999999999994e-12,2000,true,converged_trial,0,17,66,9.0483176506950258e-12,0.0068129000000000002,,alt
SDLP,srule=alt,srule,12,P12,10000,5.0,0.001,0.5,,0.59999999999999998,0.10000000000000001,0.55000000000000004,4.9000000000000004,1,1.8,,1,1,9.9999999999999994e-12,2000,true,converged_trial,0,18,70,9.2148511043887993e-12,0.0057546999999999997,,alt
SDLP,srule=alt,srule,12,P12,10000,1/k,0.001,0.5,,0.59999999999999998,0.10000000000000001,0.55000000000000004,4.9000000000000004,1,1.8,,1,1,9.9999999999999994e-12,2000,true,converged_trial,0,26,96,8.7903122875259052e-12,0.0093451000000000003,,alt
SDLP,srule=alt,srule,12,P12,10000,k/n,0.001,0.5,,0.59999999999999998,0.10000000000000001,0.55000000000000004,4.9000000000000004,1,1.8,,1,1,9.9999999999999994e-12,2000,true,converged_trial,0,20,73,7.0307452228456164e-12,0.0058389999999999996,,alt
SDLP,srule=alt,srule,13,P13,10000,0.4,0.001,0.5,,0.59999999999999998,0.10000000000000001,0.55000000000000004,4.9000000000000004,1,1.8,,1,1,9.9999999999999994e-12,2000,true,converged_projected,0,18,81,5.1181281435219717e-12,0.0076448000000000002,,alt
SDLP,srule=alt,srule,13,P13,10000,0.5,0.001,0.5,,0.59999999999999998,0.10000000000000001,0.55000000000000004,4.9000000000000004,1,1.8,,1,1,9.9999999999999994e-12,2000,true,converged_trial,0,19,84,2.7977620220553945e-12,0.0079060999999999992,,alt
SDLP,srule=alt,srule,13,P13,10000,0.6,0.001,0.5,,0.59999999999999998,0.10000000000000001,0.55000000000000004,4.9000000000000004,1,1.8,,1,1,9.9999999999999994e-12,2000,true,converged_trial,0,19,84,4.3409720262843621e-12,0.0062741000000000003,,alt
SDLP,srule=alt,srule,13,P13,10000,0.8,0.001,0.5,,0.59999999999999998,0.10000000000000001,0.55000000000000004,4.9000000000000004,1,1.8,,1,1,9.9999999999999994e-12,2000,true,converged_trial,0,19,84,7.1831429693247628e-12,0.0078156000000000007,,alt
SDLP,srule=alt,srule,13,P13,10000,1.0,0.001,0.5,,0.59999999999999998,0.10000000000000001,0.55000000000000004,4.9000000000000004,1,1.8,,1,1,9.9999999999999994e-12,2000,true,converged_trial,0,19,84,7.0277117458772409e-12,0.0076273000000000001,,alt
SDLP,srule=alt,srule,13,P13,10000,1.1,0.001,0.5,,0.59999999999999998,0.10000000000000001,0.55000000000000004,4.9000000000000004,1,1.8,,1,1,9.9999999999999994e-12,2000,true,converged_trial,0,19,84,6.8167693711984612e-12,0.0075503999999999996,,alt
SDLP,srule=alt,srule,13,P13,10000,2.0,0.001,0.5,,0.59999999999999998,0.10000000000000001,0.55000000000000004,4.9000000000000004,1,1.8,,1,1,9.9999999999999994e-12,2000,true,converged_trial,0,17,75,7.7271522513910895e-12,0.0066528000000000004,,alt
SDLP,srule=alt,srule,13,P13,10000,5.0,0.001,0.5,,0.59999999999999998,0.10000000000000001,0.55000000000000004,4.9000000000000004,1,1.8,,1,1,9.9999999999999994e-12,2000,true,converged_trial,0,19,84,3.2862601528904634e-12,0.0075775,,alt
SDLP,srule=alt,srule,13,P13,10000,1/k,0.001,0.5,,0.59999999999999998,0.10000000000000001,0.55000000000000004,4.9000000000000004,1,1.8,,1,1,9.9999999999999994e-12,2000,true,converged_trial,0,26,109,9.4375390786053269e-12,0.0106783,,alt
SDLP,srule=alt,srule,13,P13,10000,k/n,0.001,0.5,,0.59999999999999998,0.10000000000000001,0.55000000000000004,4.9000000000000004,1,1.8,,1,1,9.9999999999999994e-12,2000,true,converged_trial,0,25,105,6.4796962676571183e-12,0.0090483000000000004,,alt
SDLP,srule=alt,srule,14,P14,10000,0.4,0.001,0.5,,0.59999999999999998,0.10000000000000001,0.55000000000000004,4.9000000000000004,1,1.8,,1,1,9.9999999999999994e-12,2000,true,converged_trial,0,25,111,2.4091839634365897e-12,0.0096349999999999995,,alt
SDLP,srule=alt,srule,14,P14,10000,0.5,0.001,0.5,,0.59999999999999998,0.10000000000000001,0.55000000000000004,4.9000000000000004,1,1.8,,1,1,9.9999999999999994e-12,2000,true,converged_projected,0,24,108,7.8603790143461083e-12,0.0107575,,alt
SDLP,srule=alt,srule,14,P14,10000,0.6,0.001,0.5,,0.59999999999999998,0.10000000000000001,0.55000000000000004,4.9000000000000004,1,1.8,,1,1,9.9999999999999994e-12,2000,true,converged_trial,0,23,102,8.4710016778899444e-12,0.0106953,,alt
SDLP,srule=alt,srule,14,P14,10000,0.8,0.001,0.5,,0.59999999999999998,0.10000000000000001,0.55000000000000004,4.9000000000000004,1,1.8,,1,1,9.9999999999999994e-12,2000,true,converged_projected,0,24,108,7.1387340483397566e-12,0.014697,,alt
SDLP,srule=alt,srule,14,P14,10000,1.0,0.001,0.5,,0.59999999999999998,0.10000000000000001,0.55000000000000004,4.9000000000000004,1,1.8,,1,1,9.9999999999999994e-12,2000,true,converged_trial,0,25,111,3.397282455352979e-12,0.0109747,,alt
SDLP,srule=alt,srule,14,P14,10000,1.1,0.001,0.5,,0.59999999999999998,0.10000000000000001,0.55000000000000004,4.9000000000000004,1,1.8,,1,1,9.9999999999999994e-12,2000,true,converged_trial,0,23,102,6.2727600891321345e-12,0.0118409,,alt
SDLP,srule=alt,srule,14,P14,10000,2.0,0.001,0.5,,0.59999999999999998,0.10000000000000001,0.55000000000000004,4.9000000000000004,1,1.8,,1,1,9.9999999999999994e-12,2000,true,converged_projected,0,24,103,5.007105841059456e-12,0.0095516000000000004,,alt
SDLP,srule=alt,srule,14,P14,10000,5.0,0.001,0.5,,0.59999999999999998,0.10000000000000001,0.55000000000000004,4.9000000000000004,1,1.8,,1,1,9.9999999999999994e-12,2000,true,converged_trial,0,25,110,4.3853809472693683e-12,0.0099757000000000005,,alt
SDLP,srule=alt,srule,14,P14,10000,1/k,0.001,0.5,,0.59999999999999998,0.10000000000000001,0.55000000000000004,4.9000000000000004,1,1.8,,1,1,9.9999999999999994e-12,2000,true,converged_trial,0,35,144,7.0278187579339407e-12,0.0136063,,alt
SDLP,srule=alt,srule,14,P14,10000,k/n,0.001,0.5,,0.59999999999999998,0.10000000000000001,0.55000000000000004,4.9000000000000004,1,1.8,,1,1,9.9999999999999994e-12,2000,true,converged_trial,0,29,121,8.024613104836453e-12,0.010421100000000001,,alt
SDLP,srule=alt,srule,15,P15,10000,0.4,0.001,0.5,,0.59999999999999998,0.10000000000000001,0.55000000000000004,4.9000000000000004,1,1.8,,1,1,9.9999999999999994e-12,2000,true,converged_projected,0,1,5,0,0.00073079999999999998,,alt
SDLP,srule=alt,srule,15,P15,10000,0.5,0.001,0.5,,0.59999999999999998,0.10000000000000001,0.55000000000000004,4.9000000000000004,1,1.8,,1,1,9.9999999999999994e-12,2000,true,converged_projected,0,1,5,0,0.00072650000000000004,,alt
SDLP,srule=alt,srule,15,P15,10000,0.6,0.001,0.5,,0.59999999999999998,0.10000000000000001,0.55000000000000004,4.9000000000000004,1,1.8,,1,1,9.9999999999999994e-12,2000,true,converged_projected,0,1,5,0,0.00073309999999999998,,alt
SDLP,srule=alt,srule,15,P15,10000,0.8,0.001,0.5,,0.59999999999999998,0.10000000000000001,0.55000000000000004,4.9000000000000004,1,1.8,,1,1,9.9999999999999994e-12,2000,true,converged_projected,0,1,3,0,0.00048069999999999997,,alt
SDLP,srule=alt,srule,15,P15,10000,1.0,0.001,0.5,,0.59999999999999998,0.10000000000000001,0.55000000000000004,4.9000000000000004,1,1.8,,1,1,9.9999999999999994e-12,2000,true,converged_projected,0,1,6,0,0.0019044000000000001,,alt
SDLP,srule=alt,srule,15,P15,10000,1.1,0.001,0.5,,0.59999999999999998,0.10000000000000001,0.55000000000000004,4.9000000000000004,1,1.8,,1,1,9.9999999999999994e-12,2000,true,converged_projected,0,1,6,0,0.0008945,,alt
SDLP,srule=alt,srule,15,P15,10000,2.0,0.001,0.5,,0.59999999999999998,0.10000000000000001,0.55000000000000004,4.9000000000000004,1,1.8,,1,1,9.9999999999999994e-12,2000,true,converged_projected,0,2,14,0,0.0022290000000000001,,alt
SDLP,srule=alt,srule,15,P15,10000,5.0,0.001,0.5,,0.59999999999999998,0.10000000000000001,0.55000000000000004,4.9000000000000004,1,1.8,,1,1,9.9999999999999994e-12,2000,true,converged_projected,0,1,15,0,0.0028251000000000001,,alt
SDLP,srule=alt,srule,15,P15,10000,1/k,0.001,0.5,,0.59999999999999998,0.10000000000000001,0.55000000000000004,4.9000000000000004,1,1.8,,1,1,9.9999999999999994e-12,2000,true,converged_trial,0,21,106,5.082616333511896e-12,0.015913400000000001,,alt
SDLP,srule=alt,srule,15,P15,10000,k/n,0.001,0.5,,0.59999999999999998,0.10000000000000001,0.55000000000000004,4.9000000000000004,1,1.8,,1,1,9.9999999999999994e-12,2000,true,converged_projected,0,24,122,7.9012759220290408e-12,0.019872500000000001,,alt
SDLP,srule=alt,srule,16,P16,10000,0.4,0.001,0.5,,0.59999999999999998,0.10000000000000001,0.55000000000000004,4.9000000000000004,1,1.8,,1,1,9.9999999999999994e-12,2000,true,converged_trial,0,89,364,7.581157451338613e-12,0.020466100000000001,,alt
SDLP,srule=alt,srule,16,P16,10000,0.5,0.001,0.5,,0.59999999999999998,0.10000000000000001,0.55000000000000004,4.9000000000000004,1,1.8,,1,1,9.9999999999999994e-12,2000,true,converged_trial,0,84,345,7.9551530995563059e-12,0.018370600000000001,,alt
SDLP,srule=alt,srule,16,P16,10000,0.6,0.001,0.5,,0.59999999999999998,0.10000000000000001,0.55000000000000004,4.9000000000000004,1,1.8,,1,1,9.9999999999999994e-12,2000,true,converged_trial,0,84,345,7.5622420548031029e-12,0.0193785,,alt
SDLP,srule=alt,srule,16,P16,10000,0.8,0.001,0.5,,0.59999999999999998,0.10000000000000001,0.55000000000000004,4.9000000000000004,1,1.8,,1,1,9.9999999999999994e-12,2000,true,converged_trial,0,85,350,9.1211859826150735e-12,0.018165799999999999,,alt
SDLP,srule=alt,srule,16,P16,10000,1.0,0.001,0.5,,0.59999999999999998,0.10000000000000001,0.55000000000000004,4.9000000000000004,1,1.8,,1,1,9.9999999999999994e-12,2000,true,converged_trial,0,74,301,8.2077494879876958e-12,0.0162899,,alt
SDLP,srule=alt,srule,16,P16,10000,1.1,0.001,0.5,,0.59999999999999998,0.10000000000000001,0.55000000000000004,4.9000000000000004,1,1.8,,1,1,9.9999999999999994e-12,2000,true,converged_trial,0,81,333,9.2199566570633024e-12,0.0173191,,alt
SDLP,srule=alt,srule,16,P16,10000,2.0,0.001,0.5,,0.59999999999999998,0.10000000000000001,0.55000000000000004,4.9000000000000004,1,1.8,,1,1,9.9999999999999994e-12,2000,true,converged_trial,0,79,326,8.9456356708284641e-12,0.018114100000000001,,alt
SDLP,srule=alt,srule,16,P16,10000,5.0,0.001,0.5,,0.59999999999999998,0.10000000000000001,0.55000000000000004,4.9000000000000004,1,1.8,,1,1,9.9999999999999994e-12,2000,true,converged_trial,0,101,406,8.5089072371595905e-12,0.021642100000000001,,alt
SDLP,srule=alt,srule,16,P16,10000,1/k,0.001,0.5,,0.59999999999999998,0.10000000000000001,0.55000000000000004,4.9000000000000004,1,1.8,,1,1,9.9999999999999994e-12,2000,true,converged_trial,0,85,347,9.6473775386918548e-12,0.0178538,,alt
SDLP,srule=alt,srule,16,P16,10000,k/n,0.001,0.5,,0.59999999999999998,0.10000000000000001,0.55000000000000004,4.9000000000000004,1,1.8,,1,1,9.9999999999999994e-12,2000,true,converged_trial,0,78,318,8.369437345981181e-12,0.016789700000000001,,alt
SDLP,srule=alt,srule,17,P17,10000,0.4,0.001,0.5,,0.59999999999999998,0.10000000000000001,0.55000000000000004,4.9000000000000004,1,1.8,,1,1,9.9999999999999994e-12,2000,true,converged_projected,0,1,3,0,0.00020359999999999999,,alt
SDLP,srule=alt,srule,17,P17,10000,0.5,0.001,0.5,,0.59999999999999998,0.10000000000000001,0.55000000000000004,4.9000000000000004,1,1.8,,1,1,9.9999999999999994e-12,2000,true,converged_projected,0,1,3,0,0.0001964,,alt
SDLP,srule=alt,srule,17,P17,10000,0.6,0.001,0.5,,0.59999999999999998,0.10000000000000001,0.55000000000000004,4.9000000000000004,1,1.8,,1,1,9.9999999999999994e-12,2000,true,converged_projected,0,1,3,0,0.00019919999999999999,,alt
SDLP,srule=alt,srule,17,P17,10000,0.8,0.001,0.5,,0.59999999999999998,0.10000000000000001,0.55000000000000004,4.9000000000000004,1,1.8,,1,1,9.9999999999999994e-12,2000,true,converged_projected,0,1,3,0,0.00020819999999999999,,alt
SDLP,srule=alt,srule,17,P17,10000,1.0,0.001,0.5,,0.59999999999999998,0.10000000000000001,0.55000000000000004,4.9000000000000004,1,1.8,,1,1,9.9999999999999994e-12,2000,true,converged_projected,0,1,3,0,0.00021110000000000001,,alt
SDLP,srule=alt,srule,17,P17,10000,1.1,0.001,0.5,,0.59999999999999998,0.10000000000000001,0.55000000000000004,4.9000000000000004,1,1.8,,1,1,9.9999999999999994e-12,2000,true,converged_projected,0,1,3,0,0.0002139,,alt
SDLP,srule=alt,srule,17,P17,10000,2.0,0.001,0.5,,0.59999999999999998,0.10000000000000001,0.55000000000000004,4.9000000000000004,1,1.8,,1,1,9.9999999999999994e-12,2000,true,converged_projected,0,2,7,0,0.0005555,,alt
SDLP,srule=alt,srule,17,P17,10000,5.0,0.001,0.5,,0.59999999999999998,0.10000000000000001,0.55000000000000004,4.9000000000000004,1,1.8,,1,1,9.9999999999999994e-12,2000,true,converged_projected,0,1,4,0,0.00029510000000000002,,alt
SDLP,srule=alt,srule,17,P17,10000,1/k,0.001,0.5,,0.59999999999999998,0.10000000000000001,0.55000000000000004,4.9000000000000004,1,1.8,,1,1,9.9999999999999994e-12,2000,true,converged_projected,0,1,3,0,0.00019909999999999999,,alt
SDLP,srule=alt,srule,17,P17,10000,k/n,0.001,0.5,,0.59999999999999998,0.10000000000000001,0.55000000000000004,4.9000000000000004,1,1.8,,1,1,9.9999999999999994e-12,2000,true,converged_projected,0,1,3,0,0.0002039,,alt
SDLP,srule=alt,srule,18,P18,10000,0.4,0.001,0.5,,0.59999999999999998,0.10000000000000001,0.55000000000000004,4.9000000000000004,1,1.8,,1,1,9.9999999999999994e-12,2000,true,converged_projected,0,2,7,5.595524044110789e-12,0.000959,,alt
SDLP,srule=alt,srule,18,P18,10000,0.5,0.001,0.5,,0.59999999999999998,0.10000000000000001,0.55000000000000004,4.9000000000000004,1,1.8,,1,1,9.9999999999999994e-12,2000,true,converged_projected,0,2,7,5.595524044110789e-12,0.00091969999999999997,,alt
SDLP,srule=alt,srule,18,P18,10000,0.6,0.001,0.5,,0.59999999999999998,0.10000000000000001,0.55000000000000004,4.9000000000000004,1,1.8,,1,1,9.9999999999999994e-12,2000,true,converged_projected,0,2,7,5.595524044110789e-12,0.0021557999999999998,,alt
SDLP,srule=alt,srule,18,P18,10000,0.8,0.001,0.5,,0.59999999999999998,0.10000000000000001,0.55000000000000004,4.9000000000000004,1,1.8,,1,1,9.9999999999999994e-12,2000,true,converged_projected,0,2,7,5.595524044110789e-12,0.00089459999999999995,,alt
SDLP,srule=alt,srule,18,P18,10000,1.0,0.001,0.5,,0.59999999999999998,0.10000000000000001,0.55000000000000004,4.9000000000000004,1,1.8,,1,1,9.9999999999999994e-12,2000,true,converged_projected,0,2,7,5.595524044110789e-12,0.00088210000000000003,,alt
SDLP,srule=alt,srule,18,P18,10000,1.1,0.001,0.5,,0.59999999999999998,0.10000000000000001,0.55000000000000004,4.9000000000000004,1,1.8,,1,1,9.9999999999999994e-12,2000,true,converged_trial,0,6,17,4.7073456244106637e-12,0.0023494000000000002,,alt
SDLP,srule=alt,srule,18,P18,10000,2.0,0.001,0.5,,0.59999999999999998,0.10000000000000001,0.55000000000000004,4.9000000000000004,1,1.8,,1,1,9.9999999999999994e-12,2000,true,converged_trial,0,5,14,7.0610184366159956e-12,0.0020116999999999999,,alt
SDLP,srule=alt,srule,18,P18,10000,5.0,0.001,0.5,,0.59999999999999998,0.10000000000000001,0.55000000000000004,4.9000000000000004,1,1.8,,1,1,9.9999999999999994e-12,2000,true,converged_projected,0,6,17,8.4376949871511897e-12,0.0036765999999999999,,alt
SDLP,srule=alt,srule,18,P18,10000,1/k,0.001,0.5,,0.59999999999999998,0.10000000000000001,0.55000000000000004,4.9000000000000004,1,1.8,,1,1,9.9999999999999994e-12,2000,true,converged_projected,0,2,7,5.595524044110789e-12,0.00089340000000000003,,alt
SDLP,srule=alt,srule,18,P18,10000,k/n,0.001,0.5,,0.59999999999999998,0.10000000000000001,0.55000000000000004,4.9000000000000004,1,1.8,,1,1,9.9999999999999994e-12,2000,true,converged_projected,0,2,7,5.595524044110789e-12,0.00091120000000000003,,alt
SDLP,srule=alt,srule,19,P19,10000,0.4,0.001,0.5,,0.59999999999999998,0.10000000000000001,0.55000000000000004,4.9000000000000004,1,1.8,,1,1,9.9999999999999994e-12,2000,true,converged_trial,0,34,116,4.0530079292722121e-12,0.0083129999999999992,,alt
SDLP,srule=alt,srule,19,P19,10000,0.5,0.001,0.5,,0.59999999999999998,0.10000000000000001,0.55000000000000004,4.9000000000000004,1,1.8,,1,1,9.9999999999999994e-12,2000,true,converged_trial,0,34,117,4.0530079292722121e-12,0.0081776000000000001,,alt
SDLP,srule=alt,srule,19,P19,10000,0.6,0.001,0.5,,0.59999999999999998,0.10000000000000001,0.55000000000000004,4.9000000000000004,1,1.8,,1,1,9.9999999999999994e-12,2000,true,converged_trial,0,22,98,9.8161062611623606e-12,0.0053688,,alt
SDLP,srule=alt,srule,19,P19,10000,0.8,0.001,0.5,,0.59999999999999998,0.10000000000000001,0.55000000000000004,4.9000000000000004,1,1.8,,1,1,9.9999999999999994e-12,2000,true,converged_trial,0,34,118,4.0530079292722121e-12,0.0084487999999999994,,alt
SDLP,srule=alt,srule,19,P19,10000,1.0,0.001,0.5,,0.59999999999999998,0.10000000000000001,0.55000000000000004,4.9000000000000004,1,1.8,,1,1,9.9999999999999994e-12,2000,true,converged_trial,0,34,119,4.0530079292722121e-12,0.0080508000000000003,,alt
SDLP,srule=alt,srule,19,P19,10000,1.1,0.001,0.5,,0.59999999999999998,0.10000000000000001,0.55000000000000004,4.9000000000000004,1,1.8,,1,1,9.9999999999999994e-12,2000,true,converged_trial,0,34,119,4.0530079292722121e-12,0.0086899000000000004,,alt
SDLP,srule=alt,srule,19,P19,10000,2.0,0.001,0.5,,0.59999999999999998,0.10000000000000001,0.55000000000000004,4.9000000000000004,1,1.8,,1,1,9.9999999999999994e-12,2000,true,converged_trial,0,34,121,4.0530079292722121e-12,0.0082541999999999997,,alt
SDLP,srule=alt,srule,19,P19,10000,5.0,0.001,0.5,,0.59999999999999998,0.10000000000000001,0.55000000000000004,4.9000000000000004,1,1.8,,1,1,9.9999999999999994e-12,2000,true,converged_trial,0,34,124,4.0530079292722121e-12,0.0076175000000000001,,alt
SDLP,srule=alt,srule,19,P19,10000,1/k,0.001,0.5,,0.59999999999999998,0.10000000000000001,0.55000000000000004,4.9000000000000004,1,1.8,,1,1,9.9999999999999994e-12,2000,false,maxiter,0,2000,5007,6.145461360187591e-06,0.67357659999999997,,alt
SDLP,srule=alt,srule,19,P19,10000,k/n,0.001,0.5,,0.59999999999999998,0.10000000000000001,0.55000000000000004,4.9000000000000004,1,1.8,,1,1,9.9999999999999994e-12,2000,false,maxiter,0,2000,5016,1.6917364102318003e-06,0.62951159999999995,,alt
SDLP,srule=alt,srule,20,P20,10000,0.4,0.001,0.5,,0.59999999999999998,0.10000000000000001,0.55000000000000004,4.9000000000000004,1,1.8,,1,1,9.9999999999999994e-12,2000,true,converged_trial,0,26,113,1.7384772570666944e-12,0.032836999999999998,,alt
SDLP,srule=alt,srule,20,P20,10000,0.5,0.001,0.5,,0.59999999999999998,0.10000000000000001,0.55000000000000004,4.9000000000000004,1,1.8,,1,1,9.9999999999999994e-12,2000,true,converged_trial,0,26,114,7.5243094686742905e-12,0.020334600000000001,,alt
SDLP,srule=alt,srule,20,P20,10000,0.6,0.001,0.5,,0.59999999999999998,0.10000000000000001,0.55000000000000004,4.9000000000000004,1,1.8,,1,1,9.9999999999999994e-12,2000,true,converged_projected,0,29,128,7.7592886287975763e-12,0.022748500000000001,,alt
SDLP,srule=alt,srule,20,P20,10000,0.8,0.001,0.5,,0.59999999999999998,0.10000000000000001,0.55000000000000004,4.9000000000000004,1,1.8,,1,1,9.9999999999999994e-12,2000,true,converged_projected,0,29,129,8.6194045390448527e-12,0.0230858,,alt
SDLP,srule=alt,srule,20,P20,10000,1.0,0.001,0.5,,0.59999999999999998,0.10000000000000001,0.55000000000000004,4.9000000000000004,1,1.8,,1,1,9.9999999999999994e-12,2000,true,converged_trial,0,27,120,2.7970814542941664e-12,0.025110899999999998,,alt
SDLP,srule=alt,srule,20,P20,10000,1.1,0.001,0.5,,0.59999999999999998,0.10000000000000001,0.55000000000000004,4.9000000000000004,1,1.8,,1,1,9.9999999999999994e-12,2000,true,converged_projected,0,2,5,0,0.0010697,,alt
SDLP,srule=alt,srule,20,P20,10000,2.0,0.001,0.5,,0.59999999999999998,0.10000000000000001,0.55000000000000004,4.9000000000000004,1,1.8,,1,1,9.9999999999999994e-12,2000,true,converged_trial,0,30,134,5.1789408980559764e-12,0.030576200000000001,,alt
SDLP,srule=alt,srule,20,P20,10000,5.0,0.001,0.5,,0.59999999999999998,0.10000000000000001,0.55000000000000004,4.9000000000000004,1,1.8,,1,1,9.9999999999999994e-12,2000,true,converged_projected,0,2,5,0,0.0012292,,alt
SDLP,srule=alt,srule,20,P20,10000,1/k,0.001,0.5,,0.59999999999999998,0.10000000000000001,0.55000000000000004,4.9000000000000004,1,1.8,,1,1,9.9999999999999994e-12,2000,true,converged_trial,0,34,133,5.1441629766425152e-12,0.038030399999999999,,alt
SDLP,srule=alt,srule,20,P20,10000,k/n,0.001,0.5,,0.59999999999999998,0.10000000000000001,0.55000000000000004,4.9000000000000004,1,1.8,,1,1,9.9999999999999994e-12,2000,true,converged_trial,0,33,135,5.4244216573615445e-12,0.023889899999999999,,alt
