method,problem,n,x0_label,converged,status,restarts,iterations,f_evals,residual,cpu_time
SOPP,P1,1000,0.4,true,converged_trial,0,48,96,9.2871163136e-12,0.724270700
SDLP,P1,1000,0.4,true,converged_projected,0,1,3,0.0000000000e+00,0.057750200
MOPCGM,P1,1000,0.4,true,converged_trial,0,265,530,9.3254263572e-12,0.227769600
CGPM,P1,1000,0.4,true,converged_trial,0,16,48,5.4834566088e-12,0.119041900
STTDFPM,P1,1000,0.4,true,converged_projected,0,7,22,3.4115105032e-12,0.109620800
SOPP,P1,1000,0.5,true,converged_projected,0,48,97,8.4042245512e-12,0.001915000
SDLP,P1,1000,0.5,true,converged_projected,0,1,3,0.0000000000e+00,0.000074000
MOPCGM,P1,1000,0.5,true,converged_trial,0,267,534,9.3630723203e-12,0.010260700
CGPM,P1,1000,0.5,true,converged_trial,0,16,48,6.6261651820e-12,0.000734800
STTDFPM,P1,1000,0.5,true,converged_projected,0,7,22,4.8223688226e-12,0.000333800
SOPP,P1,1000,0.6,true,converged_projected,0,48,97,9.9210699913e-12,0.001984200
SDLP,P1,1000,0.6,true,converged_projected,0,1,3,0.0000000000e+00,0.000080500
MOPCGM,P1,1000,0.6,true,converged_trial,0,269,538,9.0099269262e-12,0.027152200
CGPM,P1,1000,0.6,true,converged_trial,0,16,48,7.6355952363e-12,0.000747000
STTDFPM,P1,1000,0.6,true,converged_projected,0,7,22,5.6200364922e-12,0.000373000
SOPP,P1,1000,0.8,true,converged_trial,0,49,98,9.4860609548e-12,0.002256300
SDLP,P1,1000,0.8,true,converged_projected,0,1,3,0.0000000000e+00,0.000084700
MOPCGM,P1,1000,0.8,true,converged_trial,0,271,542,9.4944040098e-12,0.020157500
CGPM,P1,1000,0.8,true,converged_trial,0,16,48,9.2167986400e-12,0.000805100
STTDFPM,P1,1000,0.8,true,converged_projected,0,7,22,1.6858862851e-12,0.000337600
SOPP,P1,1000,1.0,true,converged_projected,0,49,99,8.1572946246e-12,0.002168100
SDLP,P1,1000,1.0,true,converged_projected,0,1,3,0.0000000000e+00,0.000037000
MOPCGM,P1,1000,1.0,true,converged_trial,0,273,546,9.3316935337e-12,0.011278700
CGPM,P1,1000,1.0,true,converged_trial,0,17,51,1.6315627733e-12,0.000810400
STTDFPM,P1,1000,1.0,true,converged_projected,0,1,4,0.0000000000e+00,0.000080700
SOPP,P1,1000,1.1,true,converged_projected,0,49,99,8.6176317783e-12,0.002356100
SDLP,P1,1000,1.1,true,converged_projected,0,1,3,0.0000000000e+00,0.000051900
MOPCGM,P1,1000,1.1,true,converged_trial,0,274,548,9.0877597079e-12,0.015434700
CGPM,P1,1000,1.1,true,converged_trial,0,17,51,1.6743844104e-12,0.000768700
STTDFPM,P1,1000,1.1,true,converged_projected,0,1,4,0.0000000000e+00,0.000087700
SOPP,P1,1000,2.0,true,converged_trial,0,49,98,9.7506008122e-12,0.002123300
SDLP,P1,1000,2.0,true,converged_projected,0,2,7,0.0000000000e+00,0.142918000
MOPCGM,P1,1000,2.0,true,converged_trial,0,278,556,9.1144225557e-12,0.018361300
CGPM,P1,1000,2.0,true,converged_trial,0,16,48,5.2068197036e-12,0.000733600
STTDFPM,P1,1000,2.0,true,converged_projected,0,1,4,0.0000000000e+00,0.000067600
SOPP,P1,1000,5.0,true,converged_projected,0,48,98,8.1158877552e-12,0.007564100
SDLP,P1,1000,5.0,true,converged_projected,0,1,4,0.0000000000e+00,0.000051800
MOPCGM,P1,1000,5.0,true,converged_trial,0,282,564,9.1823647053e-12,0.014033800
CGPM,P1,1000,5.0,true,converged_trial,0,16,49,3.0466952629e-12,0.000740500
STTDFPM,P1,1000,5.0,true,converged_projected,0,7,22,9.5630200778e-13,0.000376600
SOPP,P1,1000,1/k,true,converged_trial,0,44,88,9.7702969260e-12,0.001983800
SDLP,P1,1000,1/k,true,converged_projected,0,1,3,0.0000000000e+00,0.000042600
MOPCGM,P1,1000,1/k,true,converged_trial,0,243,486,9.1979531661e-12,0.011479300
CGPM,P1,1000,1/k,true,converged_trial,0,48,144,5.7662124443e-12,0.002178800
STTDFPM,P1,1000,1/k,true,converged_trial,0,28,84,7.7390908557e-12,0.002674900
SOPP,P1,1000,k/n,true,converged_projected,0,48,97,9.2815729030e-12,0.002168200
SDLP,P1,1000,k/n,true,converged_projected,0,1,3,0.0000000000e+00,0.000074700
MOPCGM,P1,1000,k/n,true,converged_trial,0,268,536,9.4448083214e-12,0.010007000
CGPM,P1,1000,k/n,true,converged_trial,0,50,150,4.3282639721e-12,0.001740600
STTDFPM,P1,1000,k/n,true,converged_trial,0,33,99,6.4280674651e-12,0.000730000
SOPP,P2,1000,0.4,true,converged_projected,0,48,97,8.0598265529e-12,0.082321600
SDLP,P2,1000,0.4,true,converged_projected,0,2,6,0.0000000000e+00,0.000068900
MOPCGM,P2,1000,0.4,true,converged_trial,0,267,534,9.7854324927e-12,0.010066200
CGPM,P2,1000,0.4,true,converged_trial,0,16,47,3.0303267212e-12,0.000711400
STTDFPM,P2,1000,0.4,true,converged_projected,0,1,3,0.0000000000e+00,0.000039000
SOPP,P2,1000,0.5,true,converged_trial,0,49,98,7.7301376423e-12,0.009261900
SDLP,P2,1000,0.5,true,converged_projected,0,2,6,0.0000000000e+00,0.000122400
MOPCGM,P2,1000,0.5,true,converged_trial,0,270,540,9.3855919106e-12,0.013941800
CGPM,P2,1000,0.5,true,converged_trial,0,16,47,4.8892079019e-12,0.000903300
STTDFPM,P2,1000,0.5,true,converged_projected,0,1,3,0.0000000000e+00,0.000046800
SOPP,P2,1000,0.6,true,converged_trial,0,49,98,9.4697706452e-12,0.002032000
SDLP,P2,1000,0.6,true,converged_projected,0,2,6,0.0000000000e+00,0.000086700
MOPCGM,P2,1000,0.6,true,converged_trial,0,272,544,9.6030479703e-12,0.013706900
CGPM,P2,1000,0.6,true,converged_trial,0,16,47,7.3443309398e-12,0.000495100
STTDFPM,P2,1000,0.6,true,converged_projected,0,1,3,0.0000000000e+00,0.000035400
SOPP,P2,1000,0.8,true,converged_projected,0,49,99,9.6170811538e-12,0.001446200
SDLP,P2,1000,0.8,true,converged_projected,0,2,6,0.0000000000e+00,0.000071900
MOPCGM,P2,1000,0.8,true,converged_trial,0,276,552,9.2873907187e-12,0.013155200
CGPM,P2,1000,0.8,true,converged_trial,0,17,50,2.3358801069e-12,0.000951500
STTDFPM,P2,1000,0.8,true,converged_projected,0,1,3,0.0000000000e+00,0.000051200
SOPP,P2,1000,1.0,true,converged_trial,0,50,100,9.3294813168e-12,0.002538400
SDLP,P2,1000,1.0,true,converged_projected,0,2,6,0.0000000000e+00,0.000080800
MOPCGM,P2,1000,1.0,true,converged_trial,0,279,558,9.3364954165e-12,0.010558900
CGPM,P2,1000,1.0,true,converged_trial,0,17,50,4.1175956262e-12,0.000849500
STTDFPM,P2,1000,1.0,true,converged_projected,0,1,3,0.0000000000e+00,0.000058300
SOPP,P2,1000,1.1,true,converged_projected,0,50,101,7.6459625472e-12,0.002720700
SDLP,P2,1000,1.1,true,converged_projected,0,2,6,0.0000000000e+00,0.000121500
MOPCGM,P2,1000,1.1,true,converged_trial,0,280,560,9.6942385022e-12,0.011023200
CGPM,P2,1000,1.1,true,converged_trial,0,17,50,5.3241167445e-12,0.000480000
STTDFPM,P2,1000,1.1,true,converged_projected,0,1,3,0.0000000000e+00,0.000032000
SOPP,P2,1000,2.0,true,converged_projected,0,51,103,8.7963656965e-12,0.001690000
SDLP,P2,1000,2.0,true,converged_projected,0,2,5,0.0000000000e+00,0.000064400
MOPCGM,P2,1000,2.0,true,converged_trial,0,290,580,9.3084367323e-12,0.010804500
CGPM,P2,1000,2.0,true,converged_trial,0,15,43,5.4854526202e-12,0.000445600
STTDFPM,P2,1000,2.0,true,converged_projected,0,2,6,0.0000000000e+00,0.000075000
SOPP,P2,1000,5.0,true,converged_trial,0,54,108,8.2071323213e-12,0.001897400
SDLP,P2,1000,5.0,true,converged_projected,0,3,7,0.0000000000e+00,0.000090500
MOPCGM,P2,1000,5.0,true,converged_trial,0,310,620,9.6942380175e-12,0.009578200
CGPM,P2,1000,5.0,true,converged_trial,0,18,51,5.1697906804e-12,0.000984700
STTDFPM,P2,1000,5.0,true,converged_projected,0,2,7,0.0000000000e+00,0.000233100
SOPP,P2,1000,1/k,true,converged_projected,0,44,89,9.6507269322e-12,0.000989600
SDLP,P2,1000,1/k,true,converged_projected,0,2,6,0.0000000000e+00,0.000069300
MOPCGM,P2,1000,1/k,true,converged_trial,0,247,494,9.7873876090e-12,0.009185200
CGPM,P2,1000,1/k,true,converged_trial,0,45,134,5.0586032721e-12,0.001342400
STTDFPM,P2,1000,1/k,true,converged_trial,0,45,134,7.4666547370e-12,0.002137300
SOPP,P2,1000,k/n,true,converged_trial,0,49,98,9.4130389010e-12,0.002001800
SDLP,P2,1000,k/n,true,converged_projected,0,2,6,0.0000000000e+00,0.000059700
MOPCGM,P2,1000,k/n,true,converged_trial,0,273,546,9.0223619642e-12,0.008632800
CGPM,P2,1000,k/n,true,converged_trial,0,67,200,5.9268557564e-12,0.001755000
STTDFPM,P2,1000,k/n,true,converged_trial,0,53,158,6.8885767794e-12,0.002038100
SOPP,P3,1000,0.4,true,converged_projected,0,47,95,9.6969220402e-12,0.044396700
SDLP,P3,1000,0.4,true,converged_projected,0,1,3,0.0000000000e+00,0.000036800
MOPCGM,P3,1000,0.4,true,converged_trial,0,263,526,9.4230770297e-12,0.010884300
CGPM,P3,1000,0.4,true,converged_trial,0,16,48,2.6261034345e-12,0.000757800
STTDFPM,P3,1000,0.4,true,converged_projected,0,1,4,0.0000000000e+00,0.000040900
SOPP,P3,1000,0.5,true,converged_trial,0,48,96,8.1591769810e-12,0.002050400
SDLP,P3,1000,0.5,true,converged_projected,0,1,3,0.0000000000e+00,0.000082600
MOPCGM,P3,1000,0.5,true,converged_trial,0,265,530,9.0579503489e-12,0.017741400
CGPM,P3,1000,0.5,true,converged_trial,0,16,48,2.7103634377e-12,0.000758400
STTDFPM,P3,1000,0.5,true,converged_projected,0,1,4,0.0000000000e+00,0.000041600
SOPP,P3,1000,0.6,true,converged_trial,0,48,96,8.5313253286e-12,0.002046700
SDLP,P3,1000,0.6,true,converged_projected,0,1,3,0.0000000000e+00,0.000096400
MOPCGM,P3,1000,0.6,true,converged_trial,0,266,532,9.2966870248e-12,0.014175200
CGPM,P3,1000,0.6,true,converged_trial,0,16,48,2.6612117692e-12,0.000761400
STTDFPM,P3,1000,0.6,true,converged_projected,0,1,4,0.0000000000e+00,0.000042500
SOPP,P3,1000,0.8,true,converged_projected,0,47,95,9.9005503814e-12,0.002172300
SDLP,P3,1000,0.8,true,converged_projected,0,2,7,0.0000000000e+00,0.000118600
MOPCGM,P3,1000,0.8,true,converged_trial,0,268,536,9.0790153497e-12,0.013062400
CGPM,P3,1000,0.8,true,converged_trial,0,16,48,1.8958500730e-12,0.000997900
STTDFPM,P3,1000,0.8,true,converged_projected,0,1,4,0.0000000000e+00,0.000105200
SOPP,P3,1000,1.0,true,converged_projected,0,46,93,7.9485269729e-12,0.002130600
SDLP,P3,1000,1.0,true,converged_projected,0,2,7,0.0000000000e+00,0.000061900
MOPCGM,P3,1000,1.0,true,converged_trial,0,269,538,9.2756220240e-12,0.007330100
CGPM,P3,1000,1.0,true,converged_trial,0,17,53,3.0474034507e-12,0.000830600
STTDFPM,P3,1000,1.0,true,converged_projected,0,1,4,0.0000000000e+00,0.000040600
SOPP,P3,1000,1.1,true,converged_projected,0,1,3,0.0000000000e+00,0.000076500
SDLP,P3,1000,1.1,true,converged_projected,0,2,7,0.0000000000e+00,0.000078900
MOPCGM,P3,1000,1.1,true,converged_trial,0,269,538,9.7250087080e-12,0.007934500
CGPM,P3,1000,1.1,true,converged_trial,0,17,53,3.0474034507e-12,0.000407500
STTDFPM,P3,1000,1.1,true,converged_projected,0,1,4,0.0000000000e+00,0.000052800
SOPP,P3,1000,2.0,true,converged_projected,0,48,100,9.9988537185e-12,0.001538400
SDLP,P3,1000,2.0,true,converged_projected,0,4,15,0.0000000000e+00,0.000106500
MOPCGM,P3,1000,2.0,true,converged_trial,0,271,542,9.5986187031e-12,0.008013700
CGPM,P3,1000,2.0,true,converged_trial,0,17,54,3.1035767862e-12,0.000418000
STTDFPM,P3,1000,2.0,true,converged_projected,0,1,5,0.0000000000e+00,0.000031800
SOPP,P3,1000,5.0,true,converged_projected,0,50,114,9.7671387096e-12,0.001109100
SDLP,P3,1000,5.0,true,converged_projected,0,4,18,0.0000000000e+00,0.001024400
MOPCGM,P3,1000,5.0,true,converged_trial,0,263,537,9.9216153822e-12,0.006419800
CGPM,P3,1000,5.0,true,converged_trial,0,17,58,3.1176201201e-12,0.000815700
STTDFPM,P3,1000,5.0,true,converged_projected,0,1,8,0.0000000000e+00,0.000047100
SOPP,P3,1000,1/k,true,converged_projected,0,45,91,9.0010740717e-12,0.000870000
SDLP,P3,1000,1/k,true,converged_projected,0,16,48,9.5178038568e-12,0.000368100
MOPCGM,P3,1000,1/k,true,converged_trial,0,240,480,9.3040908189e-12,0.007554100
CGPM,P3,1000,1/k,true,converged_trial,0,47,143,5.9244707878e-12,0.001529200
STTDFPM,P3,1000,1/k,true,converged_trial,0,51,152,7.9172551893e-12,0.001136600
SOPP,P3,1000,k/n,true,converged_trial,0,49,98,9.7148556696e-12,0.002016100
SDLP,P3,1000,k/n,true,converged_projected,0,19,58,4.5286612787e-12,0.000969400
MOPCGM,P3,1000,k/n,true,converged_trial,0,265,530,9.2793865851e-12,0.007526100
CGPM,P3,1000,k/n,true,converged_trial,0,59,180,6.6287784788e-12,0.002029400
STTDFPM,P3,1000,k/n,true,converged_trial,0,56,167,7.7706038474e-12,0.001357100
SOPP,P4,1000,0.4,true,converged_projected,0,31,65,7.8379872862e-12,0.014341900
SDLP,P4,1000,0.4,true,converged_projected,0,1,4,0.0000000000e+00,0.003899900
MOPCGM,P4,1000,0.4,true,converged_trial,0,82,164,8.0274922515e-12,0.002529300
CGPM,P4,1000,0.4,true,converged_trial,0,52,260,5.2223400826e-12,0.002971300
STTDFPM,P4,1000,0.4,true,converged_projected,0,1,5,0.0000000000e+00,0.000088200
SOPP,P4,1000,0.5,true,converged_trial,0,56,125,9.0897915515e-12,0.002549000
SDLP,P4,1000,0.5,true,converged_projected,0,1,4,0.0000000000e+00,0.000036700
MOPCGM,P4,1000,0.5,true,converged_trial,0,83,166,7.1416766508e-12,0.003324700
CGPM,P4,1000,0.5,true,converged_trial,0,41,204,7.9164387701e-12,0.002363300
STTDFPM,P4,1000,0.5,true,converged_projected,0,1,5,0.0000000000e+00,0.000041300
SOPP,P4,1000,0.6,true,converged_trial,0,105,233,9.3751159921e-12,0.004905700
SDLP,P4,1000,0.6,true,converged_projected,0,1,4,0.0000000000e+00,0.000039600
MOPCGM,P4,1000,0.6,true,converged_trial,0,83,166,8.7157559666e-12,0.003134600
CGPM,P4,1000,0.6,true,converged_trial,0,48,240,9.9258941852e-12,0.003098600
STTDFPM,P4,1000,0.6,true,converged_projected,0,1,5,0.0000000000e+00,0.000090000
SOPP,P4,1000,0.8,true,converged_trial,0,146,303,7.0483803464e-12,0.014979400
SDLP,P4,1000,0.8,true,converged_projected,0,1,4,0.0000000000e+00,0.000073100
MOPCGM,P4,1000,0.8,true,converged_trial,0,84,168,8.4223081002e-12,0.002914800
CGPM,P4,1000,0.8,true,converged_trial,0,59,293,9.3250771630e-12,0.003755200
STTDFPM,P4,1000,0.8,true,converged_projected,0,1,5,0.0000000000e+00,0.000077500
SOPP,P4,1000,1.0,true,converged_trial,0,213,567,8.0674023117e-12,0.015870800
SDLP,P4,1000,1.0,true,converged_projected,0,10,40,5.0131394438e-12,0.000515400
MOPCGM,P4,1000,1.0,true,converged_trial,0,85,170,7.6437215336e-12,0.003074600
CGPM,P4,1000,1.0,true,converged_trial,0,59,294,6.4036896165e-12,0.004143500
STTDFPM,P4,1000,1.0,true,converged_projected,0,1,5,0.0000000000e+00,0.000076000
SOPP,P4,1000,1.1,true,converged_trial,0,212,562,9.8122750321e-12,0.012814400
SDLP,P4,1000,1.1,true,converged_trial,0,11,43,4.3009022423e-12,0.000561900
MOPCGM,P4,1000,1.1,true,converged_trial,0,85,170,8.5663942939e-12,0.004972800
CGPM,P4,1000,1.1,true,converged_trial,0,65,324,6.0299428312e-12,0.006545000
STTDFPM,P4,1000,1.1,true,converged_projected,0,1,5,0.0000000000e+00,0.000067500
SOPP,P4,1000,2.0,true,converged_trial,0,97,233,9.2468092518e-12,0.004325900
SDLP,P4,1000,2.0,true,converged_projected,0,5,20,0.0000000000e+00,0.000274700
MOPCGM,P4,1000,2.0,true,converged_trial,0,88,176,8.4462501813e-12,0.004593400
CGPM,P4,1000,2.0,true,converged_trial,0,50,249,7.9717439756e-12,0.001366800
STTDFPM,P4,1000,2.0,true,converged_projected,0,14,45,0.0000000000e+00,0.000289900
SOPP,P4,1000,5.0,true,converged_trial,0,200,503,9.4184292339e-12,0.006753800
SDLP,P4,1000,5.0,false,line_search_failed,0,6,62,4.7408764266e+96,0.000609300
MOPCGM,P4,1000,5.0,true,converged_trial,0,100,200,8.2816361804e-12,0.005402800
CGPM,P4,1000,5.0,true,converged_trial,0,88,441,9.4170702879e-12,0.002331300
STTDFPM,P4,1000,5.0,true,converged_projected,0,37,111,0.0000000000e+00,0.001392400
SOPP,P4,1000,1/k,true,converged_trial,0,107,259,7.1656098738e-12,0.002649700
SDLP,P4,1000,1/k,true,converged_trial,0,48,192,5.7881159350e-12,0.001118100
MOPCGM,P4,1000,1/k,true,converged_trial,0,90,180,7.8152361715e-12,0.001988700
CGPM,P4,1000,1/k,true,converged_trial,0,71,354,6.7897375329e-12,0.004388700
STTDFPM,P4,1000,1/k,true,converged_projected,0,22,68,0.0000000000e+00,0.001363900
SOPP,P4,1000,k/n,true,converged_trial,0,519,1527,8.2928437693e-12,0.018233300
SDLP,P4,1000,k/n,true,converged_trial,0,36,143,3.1181128283e-12,0.001046700
MOPCGM,P4,1000,k/n,true,converged_trial,0,100,200,8.2374424300e-12,0.003283800
CGPM,P4,1000,k/n,true,converged_trial,0,58,295,5.4119864503e-12,0.003334400
STTDFPM,P4,1000,k/n,true,converged_trial,0,7,22,5.7289370519e-12,0.000155300
SOPP,P5,1000,0.4,true,converged_trial,0,51,102,9.1281389532e-12,0.020211400
SDLP,P5,1000,0.4,true,converged_trial,0,19,57,7.9047236918e-12,0.001528700
MOPCGM,P5,1000,0.4,true,converged_trial,0,282,564,9.1702694709e-12,0.015946300
CGPM,P5,1000,0.4,true,converged_trial,0,44,132,7.7306346064e-12,0.003881700
STTDFPM,P5,1000,0.4,true,converged_projected,0,7,22,7.2748447582e-12,0.000509600
SOPP,P5,1000,0.5,true,converged_trial,0,51,102,8.7490532670e-12,0.003213700
SDLP,P5,1000,0.5,true,converged_trial,0,19,57,9.4796475023e-12,0.001425700
MOPCGM,P5,1000,0.5,true,converged_trial,0,281,562,9.7180156350e-12,0.017248100
CGPM,P5,1000,0.5,true,converged_trial,0,44,132,7.8013414782e-12,0.003194000
STTDFPM,P5,1000,0.5,true,converged_projected,0,7,22,6.9799061496e-12,0.000504500
SOPP,P5,1000,0.6,true,converged_trial,0,51,102,8.3417684316e-12,0.003347800
SDLP,P5,1000,0.6,true,converged_projected,0,19,58,2.9643700885e-12,0.001946100
MOPCGM,P5,1000,0.6,true,converged_trial,0,281,562,9.2826161353e-12,0.029355100
CGPM,P5,1000,0.6,true,converged_trial,0,44,132,7.8374489062e-12,0.003026500
STTDFPM,P5,1000,0.6,true,converged_projected,0,7,22,6.6569666090e-12,0.000520800
SOPP,P5,1000,0.8,true,converged_trial,0,51,102,7.5693008368e-12,0.003293400
SDLP,P5,1000,0.8,true,converged_trial,0,19,57,7.9125646278e-12,0.001339800
MOPCGM,P5,1000,0.8,true,converged_trial,0,280,560,9.3388737486e-12,0.016738500
CGPM,P5,1000,0.8,true,converged_trial,0,44,132,7.8463176123e-12,0.003107600
STTDFPM,P5,1000,0.8,true,converged_projected,0,7,22,6.0389185409e-12,0.000516500
SOPP,P5,1000,1.0,true,converged_projected,0,50,101,9.0299199417e-12,0.008419400
SDLP,P5,1000,1.0,true,converged_projected,0,18,55,7.3565170434e-12,0.001323100
MOPCGM,P5,1000,1.0,true,converged_trial,0,279,558,9.2826161353e-12,0.015975800
CGPM,P5,1000,1.0,true,converged_trial,0,44,132,7.7257656754e-12,0.003058000
STTDFPM,P5,1000,1.0,true,converged_projected,0,7,22,5.4210394944e-12,0.000491300
SOPP,P5,1000,1.1,true,converged_projected,0,50,101,8.4962169940e-12,0.002928900
SDLP,P5,1000,1.1,true,converged_projected,0,18,55,9.8189384451e-12,0.004809000
MOPCGM,P5,1000,1.1,true,converged_trial,0,278,556,9.7180156350e-12,0.016452000
CGPM,P5,1000,1.1,true,converged_trial,0,44,132,7.6309256546e-12,0.006153500
STTDFPM,P5,1000,1.1,true,converged_projected,0,7,22,5.0978446309e-12,0.000331600
SOPP,P5,1000,2.0,true,converged_trial,0,49,98,9.3669599094e-12,0.002737300
SDLP,P5,1000,2.0,true,converged_projected,0,17,52,9.3103408016e-12,0.001148700
MOPCGM,P5,1000,2.0,true,converged_trial,0,271,542,9.0157928075e-12,0.018024000
CGPM,P5,1000,2.0,true,converged_trial,0,44,132,4.2732277403e-12,0.003916000
STTDFPM,P5,1000,2.0,true,converged_projected,0,7,22,2.2751051262e-12,0.000567800
SOPP,P5,1000,5.0,true,converged_trial,0,51,102,9.0018051220e-12,0.004491700
SDLP,P5,1000,5.0,true,converged_projected,0,18,55,5.4467800655e-12,0.002266100
MOPCGM,P5,1000,5.0,true,converged_trial,0,281,562,9.9848107402e-12,0.015703500
CGPM,P5,1000,5.0,true,converged_trial,0,45,135,9.5520814422e-12,0.002934900
STTDFPM,P5,1000,5.0,true,converged_projected,0,7,22,7.2040908557e-12,0.000485300
SOPP,P5,1000,1/k,true,converged_projected,0,51,103,7.8386354999e-12,0.003663000
SDLP,P5,1000,1/k,true,converged_projected,0,18,55,8.8351464147e-12,0.001064900
MOPCGM,P5,1000,1/k,true,converged_trial,0,283,566,9.6137065416e-12,0.011499100
CGPM,P5,1000,1/k,true,converged_trial,0,43,129,5.3289901745e-12,0.004316100
STTDFPM,P5,1000,1/k,true,converged_projected,0,7,22,8.5122091271e-12,0.000492100
SOPP,P5,1000,k/n,true,converged_trial,0,51,102,8.8183336399e-12,0.003377900
SDLP,P5,1000,k/n,true,converged_trial,0,18,54,6.2308441391e-12,0.001341200
MOPCGM,P5,1000,k/n,true,converged_trial,0,281,562,9.7931184493e-12,0.013731200
CGPM,P5,1000,k/n,true,converged_trial,0,41,123,6.0502616325e-12,0.003259500
STTDFPM,P5,1000,k/n,true,converged_projected,0,7,22,7.0325180661e-12,0.002651400
SOPP,P6,1000,0.4,true,converged_projected,0,30,61,6.4248252475e-12,0.014662700
SDLP,P6,1000,0.4,true,converged_trial,0,15,59,4.5219535075e-12,0.000883000
MOPCGM,P6,1000,0.4,true,converged_trial,0,132,264,8.4330219915e-12,0.007505000
CGPM,P6,1000,0.4,true,converged_trial,0,11,44,6.2141752394e-13,0.000344800
STTDFPM,P6,1000,0.4,true,converged_projected,0,11,34,9.4722286982e-12,0.000293500
SOPP,P6,1000,0.5,true,converged_projected,0,27,55,6.3967385797e-12,0.000590800
SDLP,P6,1000,0.5,true,converged_projected,0,13,52,3.6582884743e-12,0.000411300
MOPCGM,P6,1000,0.5,true,converged_trial,0,121,242,8.2855669858e-12,0.004087400
CGPM,P6,1000,0.5,true,converged_trial,0,10,40,1.2077267132e-12,0.000906300
STTDFPM,P6,1000,0.5,true,converged_trial,0,11,33,5.9719277300e-12,0.000636000
SOPP,P6,1000,0.6,true,converged_trial,0,29,58,7.8923536374e-12,0.001293500
SDLP,P6,1000,0.6,true,converged_trial,0,13,51,8.7595295041e-12,0.000763400
MOPCGM,P6,1000,0.6,true,converged_trial,0,131,262,8.6015419980e-12,0.005713100
CGPM,P6,1000,0.6,true,converged_trial,0,11,44,6.1790669047e-13,0.000782700
STTDFPM,P6,1000,0.6,true,converged_projected,0,11,34,8.4962169940e-12,0.000855500
SOPP,P6,1000,0.8,true,converged_trial,0,30,60,9.4300986966e-12,0.001375900
SDLP,P6,1000,0.8,true,converged_projected,0,15,60,5.1398601980e-12,0.000889500
MOPCGM,P6,1000,0.8,true,converged_trial,0,137,274,8.3487619883e-12,0.005718900
CGPM,P6,1000,0.8,true,converged_trial,0,11,44,2.4856700958e-12,0.001021400
STTDFPM,P6,1000,0.8,true,converged_projected,0,12,37,1.9379800747e-12,0.000766200
SOPP,P6,1000,1.0,true,converged_trial,0,32,64,9.2124270215e-12,0.001412400
SDLP,P6,1000,1.0,true,converged_trial,0,16,63,7.0146452702e-12,0.000911700
MOPCGM,P6,1000,1.0,true,converged_trial,0,139,278,9.7390520418e-12,0.005686500
CGPM,P6,1000,1.0,true,converged_trial,0,11,44,5.3715752069e-12,0.000916500
STTDFPM,P6,1000,1.0,true,converged_projected,0,12,37,3.2440101250e-12,0.000658100
SOPP,P6,1000,1.1,true,converged_projected,0,32,65,9.3247736925e-12,0.001610800
SDLP,P6,1000,1.1,true,converged_projected,0,16,64,3.7004184759e-12,0.001024000
MOPCGM,P6,1000,1.1,true,converged_trial,0,140,280,9.7530953757e-12,0.020747300
CGPM,P6,1000,1.1,true,converged_trial,0,11,44,7.3657286171e-12,0.000888300
STTDFPM,P6,1000,1.1,true,converged_projected,0,12,37,3.8900034832e-12,0.000604100
SOPP,P6,1000,2.0,true,converged_trial,0,35,70,8.4260003246e-12,0.001455200
SDLP,P6,1000,2.0,true,converged_projected,0,18,71,5.2170985343e-12,0.001051000
MOPCGM,P6,1000,2.0,true,converged_trial,0,146,292,9.3809470280e-12,0.006448500
CGPM,P6,1000,2.0,true,converged_trial,0,12,47,7.7238336309e-13,0.000942700
STTDFPM,P6,1000,2.0,true,converged_projected,0,12,37,9.6758570394e-12,0.000764300
SOPP,P6,1000,5.0,true,converged_trial,0,36,72,7.9063969712e-12,0.001755800
SDLP,P6,1000,5.0,true,converged_trial,0,18,69,9.5003153660e-12,0.001141100
MOPCGM,P6,1000,5.0,true,converged_trial,0,159,318,9.6618137055e-12,0.007036100
CGPM,P6,1000,5.0,true,converged_trial,0,13,50,1.4956150576e-12,0.000743700
STTDFPM,P6,1000,5.0,true,converged_projected,0,12,37,4.9432535238e-12,0.000622900
SOPP,P6,1000,1/k,true,converged_trial,0,109,218,9.1710838840e-12,0.013454600
SDLP,P6,1000,1/k,true,converged_trial,0,32,139,3.0925865704e-12,0.002990900
MOPCGM,P6,1000,1/k,true,converged_trial,0,139,278,8.5485149116e-12,0.008447100
CGPM,P6,1000,1/k,true,converged_trial,0,36,208,7.1748144997e-12,0.003650100
STTDFPM,P6,1000,1/k,true,converged_trial,0,45,137,9.9386057589e-12,0.002844900
SOPP,P6,1000,k/n,true,converged_trial,0,85,170,8.6726374413e-12,0.004266900
SDLP,P6,1000,k/n,true,converged_trial,0,23,100,2.4827854673e-12,0.006021100
MOPCGM,P6,1000,k/n,true,converged_trial,0,136,272,9.7844227733e-12,0.005474800
CGPM,P6,1000,k/n,true,converged_trial,0,44,242,8.5231524528e-12,0.003698000
STTDFPM,P6,1000,k/n,true,converged_trial,0,66,203,5.7494550191e-12,0.003659800
SOPP,P8,1000,0.4,true,converged_trial,0,433,1301,9.7983794484e-12,0.044297000
SDLP,P8,1000,0.4,true,converged_projected,0,27,128,4.2100486357e-12,0.001164900
MOPCGM,P8,1000,0.4,true,converged_trial,0,137,274,8.4207411114e-12,0.004654200
CGPM,P8,1000,0.4,true,converged_trial,0,49,293,6.7880472990e-12,0.012804000
STTDFPM,P8,1000,0.4,true,converged_trial,0,79,251,8.1135932617e-12,0.003641500
SOPP,P8,1000,0.5,true,converged_trial,0,719,1475,9.0872839546e-12,0.035749800
SDLP,P8,1000,0.5,true,converged_trial,0,24,109,5.5102921282e-12,0.001168800
MOPCGM,P8,1000,0.5,true,converged_trial,0,136,272,9.2812652751e-12,0.004492000
CGPM,P8,1000,0.5,true,converged_trial,0,43,257,6.7158260762e-12,0.007298800
STTDFPM,P8,1000,0.5,true,converged_trial,0,56,184,6.8730859627e-12,0.001942200
SOPP,P8,1000,0.6,true,converged_trial,0,615,1624,9.7226430247e-12,0.032780300
SDLP,P8,1000,0.6,true,converged_projected,0,22,105,8.4027482688e-12,0.001152400
MOPCGM,P8,1000,0.6,true,converged_trial,0,137,274,9.6255702253e-12,0.004440600
CGPM,P8,1000,0.6,true,converged_trial,0,44,263,6.0109455973e-12,0.000956400
STTDFPM,P8,1000,0.6,true,converged_trial,0,65,204,5.6685272494e-12,0.001043000
SOPP,P8,1000,0.8,true,converged_trial,0,692,1965,9.3315488371e-12,0.020126800
SDLP,P8,1000,0.8,true,converged_projected,0,24,114,7.2709761073e-12,0.000461100
MOPCGM,P8,1000,0.8,true,converged_trial,0,129,258,9.9766581424e-12,0.004010900
CGPM,P8,1000,0.8,true,converged_trial,0,50,300,3.5054823543e-12,0.001335700
STTDFPM,P8,1000,0.8,true,converged_trial,0,63,202,9.3660199034e-12,0.003376100
SOPP,P8,1000,1.0,true,converged_trial,0,776,2049,9.9774394639e-12,0.023817300
SDLP,P8,1000,1.0,true,converged_projected,0,24,116,9.7669964453e-12,0.001524000
MOPCGM,P8,1000,1.0,true,converged_trial,0,93,186,9.2146754955e-12,0.003479300
CGPM,P8,1000,1.0,true,converged_trial,0,47,284,7.2401713818e-12,0.002090600
STTDFPM,P8,1000,1.0,true,converged_trial,0,61,199,7.2116774444e-12,0.001074400
SOPP,P8,1000,1.1,true,converged_trial,0,666,1628,9.4251466493e-12,0.013880400
SDLP,P8,1000,1.1,true,converged_projected,0,26,129,2.5729939856e-12,0.000494300
MOPCGM,P8,1000,1.1,true,converged_trial,0,136,272,8.5081969547e-12,0.002238700
CGPM,P8,1000,1.1,true,converged_trial,0,50,302,6.8181674913e-12,0.001511300
STTDFPM,P8,1000,1.1,true,converged_trial,0,74,236,8.1184230198e-12,0.001043500
SOPP,P8,1000,2.0,true,converged_trial,0,521,1304,9.5806740984e-12,0.015335500
SDLP,P8,1000,2.0,true,converged_projected,0,26,125,6.7734973970e-12,0.000513000
MOPCGM,P8,1000,2.0,true,converged_trial,0,133,274,9.5426457316e-12,0.002917600
CGPM,P8,1000,2.0,true,converged_trial,0,52,318,3.4102720412e-12,0.001459800
STTDFPM,P8,1000,2.0,true,converged_trial,0,56,180,6.2047679256e-12,0.001731400
SOPP,P8,1000,5.0,true,converged_trial,0,655,1662,9.8131319293e-12,0.022032400
SDLP,P8,1000,5.0,true,converged_trial,0,21,110,7.0476214644e-12,0.000398900
MOPCGM,P8,1000,5.0,true,converged_trial,0,146,541,9.2954235434e-12,0.002836400
CGPM,P8,1000,5.0,true,converged_trial,0,54,335,4.0799180378e-12,0.001083500
STTDFPM,P8,1000,5.0,true,converged_trial,0,73,246,5.9878602439e-12,0.003737000
SOPP,P8,1000,1/k,true,converged_trial,0,662,1912,9.7707423369e-12,0.016382300
SDLP,P8,1000,1/k,true,converged_projected,0,23,113,7.7486704054e-12,0.000414300
MOPCGM,P8,1000,1/k,true,converged_trial,0,137,274,9.9508039670e-12,0.005956900
CGPM,P8,1000,1/k,true,converged_trial,0,59,351,6.4255804736e-12,0.002740500
STTDFPM,P8,1000,1/k,true,converged_trial,0,75,235,9.6168406273e-12,0.001179000
SOPP,P8,1000,k/n,true,converged_trial,0,608,1761,9.9668075835e-12,0.022058200
SDLP,P8,1000,k/n,true,converged_projected,0,28,133,3.3904504861e-12,0.000516800
MOPCGM,P8,1000,k/n,true,converged_trial,0,137,274,9.5161850978e-12,0.002361000
CGPM,P8,1000,k/n,true,converged_trial,0,58,351,7.2931429644e-12,0.001125100
STTDFPM,P8,1000,k/n,true,converged_trial,0,73,231,9.8612166421e-12,0.002082500
SOPP,P10,1000,0.4,true,converged_projected,0,33,67,6.6495185895e-12,0.061645800
SDLP,P10,1000,0.4,true,converged_trial,0,22,85,4.2691734978e-12,0.000384100
MOPCGM,P10,1000,0.4,true,converged_trial,0,143,286,8.5734553303e-12,0.009644800
CGPM,P10,1000,0.4,true,converged_trial,0,29,139,7.8080936341e-12,0.001424500
STTDFPM,P10,1000,0.4,true,converged_projected,0,14,41,3.3493351290e-12,0.000589200
SOPP,P10,1000,0.5,true,converged_trial,0,31,62,8.4189786576e-12,0.001144900
SDLP,P10,1000,0.5,true,converged_trial,0,23,89,6.9935802694e-12,0.000983000
MOPCGM,P10,1000,0.5,true,converged_trial,0,141,282,9.6196837039e-12,0.004759700
CGPM,P10,1000,0.5,true,converged_trial,0,26,124,8.9385820110e-12,0.001498600
STTDFPM,P10,1000,0.5,true,converged_projected,0,13,41,2.5348217643e-12,0.000790700
SOPP,P10,1000,0.6,true,converged_projected,0,32,65,7.1901869436e-12,0.001372700
SDLP,P10,1000,0.6,true,converged_trial,0,24,93,6.5371719185e-12,0.001092300
MOPCGM,P10,1000,0.6,true,converged_trial,0,140,280,8.9947553465e-12,0.005096900
CGPM,P10,1000,0.6,true,converged_trial,0,30,145,6.2001319055e-12,0.001455100
STTDFPM,P10,1000,0.6,true,converged_trial,0,13,39,5.5541385473e-12,0.000469900
SOPP,P10,1000,0.8,true,converged_projected,0,33,67,6.4529119152e-12,0.001227900
SDLP,P10,1000,0.8,true,converged_trial,0,23,90,8.0257653092e-12,0.001083200
MOPCGM,P10,1000,0.8,true,converged_trial,0,138,276,8.4891953270e-12,0.005730700
CGPM,P10,1000,0.8,true,converged_trial,0,30,146,6.7337785927e-12,0.001490200
STTDFPM,P10,1000,0.8,true,converged_projected,0,13,39,9.9848103846e-12,0.000533400
SOPP,P10,1000,1.0,true,converged_projected,0,33,67,7.3306202824e-12,0.001309000
SDLP,P10,1000,1.0,true,converged_trial,0,20,79,3.7706351453e-12,0.001150800
MOPCGM,P10,1000,1.0,true,converged_trial,0,136,272,8.4330219915e-12,0.005183300
CGPM,P10,1000,1.0,true,converged_trial,0,28,136,8.1451336471e-12,0.015280800
STTDFPM,P10,1000,1.0,true,converged_projected,0,12,38,3.7636134783e-12,0.000377300
SOPP,P10,1000,1.1,true,converged_projected,0,33,67,6.7688869274e-12,0.001276600
SDLP,P10,1000,1.1,true,converged_trial,0,22,87,4.5079101737e-12,0.001004400
MOPCGM,P10,1000,1.1,true,converged_trial,0,135,270,8.4611086593e-12,0.005112100
CGPM,P10,1000,1.1,true,converged_trial,0,27,131,4.1146968252e-12,0.001485600
STTDFPM,P10,1000,1.1,true,converged_projected,0,11,35,4.3534335010e-12,0.000441200
SOPP,P10,1000,2.0,true,converged_trial,0,27,55,8.2925886528e-12,0.001032300
SDLP,P10,1000,2.0,true,converged_trial,0,16,64,9.1843403538e-12,0.000690600
MOPCGM,P10,1000,2.0,true,converged_trial,0,108,216,9.4722286982e-12,0.003609200
CGPM,P10,1000,2.0,true,converged_trial,0,26,129,6.0596985668e-12,0.001880500
STTDFPM,P10,1000,2.0,true,converged_projected,0,10,32,4.7255818487e-12,0.000387800
SOPP,P10,1000,5.0,true,converged_trial,8,40,80,8.7138886690e-12,0.001396500
SDLP,P10,1000,5.0,true,converged_trial,0,27,97,6.3686519120e-12,0.001134400
MOPCGM,P10,1000,5.0,true,converged_trial,0,132,264,8.0538519769e-12,0.005270000
CGPM,P10,1000,5.0,true,converged_trial,0,29,126,5.7788318893e-12,0.001297700
STTDFPM,P10,1000,5.0,false,maxiter,0,2000,4001,8.0761972765e-01,0.075237700
SOPP,P10,1000,1/k,true,converged_trial,6,45,100,8.0230730712e-12,0.000637600
SDLP,P10,1000,1/k,true,converged_trial,0,27,98,5.7869590692e-12,0.000429700
MOPCGM,P10,1000,1/k,true,converged_trial,0,164,328,9.9144574905e-12,0.003009000
CGPM,P10,1000,1/k,true,converged_trial,0,42,189,6.8612610410e-12,0.000722500
STTDFPM,P10,1000,1/k,false,maxiter,0,2000,4006,4.9646594554e+00,0.043867300
SOPP,P10,1000,k/n,true,converged_projected,0,35,71,6.4903355165e-12,0.000433300
SDLP,P10,1000,k/n,true,converged_trial,0,24,89,4.3741753523e-12,0.000834200
MOPCGM,P10,1000,k/n,true,converged_trial,0,150,300,9.6097860238e-12,0.002106000
CGPM,P10,1000,k/n,true,converged_trial,0,38,180,4.4859624438e-12,0.000759600
STTDFPM,P10,1000,k/n,true,converged_trial,0,69,206,8.8799828884e-12,0.001508800
SOPP,P11,1000,0.4,true,converged_projected,0,52,105,9.9086662265e-12,0.030690800
SDLP,P11,1000,0.4,true,converged_projected,0,18,53,9.7198161285e-12,0.001341900
MOPCGM,P11,1000,0.4,true,converged_trial,0,306,612,9.4591795335e-12,0.013267300
CGPM,P11,1000,0.4,true,converged_trial,0,53,158,6.3324270640e-12,0.002884100
STTDFPM,P11,1000,0.4,true,converged_trial,0,57,171,9.2013601523e-12,0.003452300
SOPP,P11,1000,0.5,true,converged_projected,0,52,105,9.5236555215e-12,0.002307100
SDLP,P11,1000,0.5,true,converged_trial,0,19,55,8.2841402976e-12,0.000889500
MOPCGM,P11,1000,0.5,true,converged_trial,0,305,610,9.4359286993e-12,0.013799400
CGPM,P11,1000,0.5,true,converged_trial,0,57,173,5.9873116023e-12,0.003132600
STTDFPM,P11,1000,0.5,true,converged_trial,0,59,177,6.5386664972e-12,0.003243500
SOPP,P11,1000,0.6,true,converged_projected,0,52,105,9.2685679523e-12,0.002720100
SDLP,P11,1000,0.6,true,converged_trial,0,21,60,6.9068542862e-12,0.001241600
MOPCGM,P11,1000,0.6,true,converged_trial,0,304,608,9.3700223209e-12,0.017986000
CGPM,P11,1000,0.6,true,converged_trial,0,58,176,5.7368371316e-12,0.001573000
STTDFPM,P11,1000,0.6,true,converged_trial,0,59,178,8.0100141713e-12,0.001693700
SOPP,P11,1000,0.8,true,converged_projected,0,52,105,8.8373463941e-12,0.002246200
SDLP,P11,1000,0.8,true,converged_projected,0,18,54,2.5706356557e-12,0.000881400
MOPCGM,P11,1000,0.8,true,converged_trial,0,302,604,9.1277955747e-12,0.013195000
CGPM,P11,1000,0.8,true,converged_trial,0,64,195,5.4964178789e-12,0.004225100
STTDFPM,P11,1000,0.8,true,converged_trial,0,59,174,6.2623395332e-12,0.003176700
SOPP,P11,1000,1.0,true,converged_projected,0,52,105,8.4940263591e-12,0.012014200
SDLP,P11,1000,1.0,true,converged_projected,0,19,57,9.0308464365e-12,0.000910400
MOPCGM,P11,1000,1.0,true,converged_trial,0,299,598,9.7818852535e-12,0.012450700
CGPM,P11,1000,1.0,true,converged_trial,0,59,180,5.8366377917e-12,0.003305000
STTDFPM,P11,1000,1.0,true,converged_trial,0,57,170,7.1930885489e-12,0.003272500
SOPP,P11,1000,1.1,true,converged_projected,0,52,105,8.7374379304e-12,0.002337400
SDLP,P11,1000,1.1,true,converged_trial,0,19,56,7.7527364370e-12,0.000928700
MOPCGM,P11,1000,1.1,true,converged_trial,0,298,596,9.5920976728e-12,0.010129300
CGPM,P11,1000,1.1,true,converged_trial,0,57,175,4.3580859697e-12,0.001450300
STTDFPM,P11,1000,1.1,true,converged_trial,0,58,173,8.2801755021e-12,0.001483500
SOPP,P11,1000,2.0,true,converged_trial,0,57,119,8.2311224427e-12,0.001359000
SDLP,P11,1000,2.0,true,converged_trial,0,20,61,6.9788682169e-12,0.000837800
MOPCGM,P11,1000,2.0,true,converged_trial,0,287,574,9.9717326161e-12,0.007522800
CGPM,P11,1000,2.0,true,converged_trial,0,60,189,7.4352605446e-12,0.001546700
STTDFPM,P11,1000,2.0,true,converged_trial,0,57,171,9.3797336636e-12,0.005770900
SOPP,P11,1000,5.0,true,converged_projected,0,87,479,9.1470579985e-12,0.007061900
SDLP,P11,1000,5.0,true,converged_projected,0,25,127,6.6696922964e-12,0.002172500
MOPCGM,P11,1000,5.0,false,line_search_failed,0,544,14159,1.0321189224e+04,0.103788400
CGPM,P11,1000,5.0,true,converged_trial,0,72,488,3.9528400947e-12,0.003370300
STTDFPM,P11,1000,5.0,true,converged_trial,0,62,189,7.8978076505e-12,0.002282200
SOPP,P11,1000,1/k,true,converged_projected,0,52,105,8.9608434376e-12,0.001117800
SDLP,P11,1000,1/k,true,converged_projected,0,19,55,9.9196266200e-12,0.000476000
MOPCGM,P11,1000,1/k,true,converged_trial,0,304,608,9.6018147868e-12,0.007276600
CGPM,P11,1000,1/k,true,converged_trial,0,57,167,4.5029036314e-12,0.001375900
STTDFPM,P11,1000,1/k,true,converged_trial,0,59,177,9.5843071339e-12,0.001492500
SOPP,P11,1000,k/n,true,converged_projected,0,53,107,9.6342560281e-12,0.001821400
SDLP,P11,1000,k/n,true,converged_projected,0,21,62,4.8535328678e-12,0.000526000
MOPCGM,P11,1000,k/n,true,converged_trial,0,309,618,9.9709353122e-12,0.007255300
CGPM,P11,1000,k/n,true,converged_trial,0,61,188,4.9130582560e-12,0.001523900
STTDFPM,P11,1000,k/n,true,converged_trial,0,59,174,7.9742623004e-12,0.001496700
SOPP,P12,1000,0.4,true,converged_trial,0,29,58,7.8941090541e-12,0.072045600
SDLP,P12,1000,0.4,true,converged_trial,0,13,51,8.7525078372e-12,0.000408300
MOPCGM,P12,1000,0.4,true,converged_trial,0,131,262,8.5945203311e-12,0.002613400
CGPM,P12,1000,0.4,true,converged_trial,0,11,44,6.1264044027e-13,0.000409200
STTDFPM,P12,1000,0.4,true,converged_projected,0,11,34,8.4962169940e-12,0.000510800
SOPP,P12,1000,0.5,true,converged_projected,0,27,55,6.3967385797e-12,0.001096000
SDLP,P12,1000,0.5,true,converged_projected,0,13,52,3.6530222241e-12,0.000738300
MOPCGM,P12,1000,0.5,true,converged_trial,0,121,242,8.2838115691e-12,0.004800000
CGPM,P12,1000,0.5,true,converged_trial,0,10,40,1.2024604630e-12,0.000766600
STTDFPM,P12,1000,0.5,true,converged_trial,0,11,33,5.9736831468e-12,0.000674500
SOPP,P12,1000,0.6,true,converged_projected,0,30,61,6.4230698308e-12,0.001148700
SDLP,P12,1000,0.6,true,converged_trial,0,15,59,4.5201980908e-12,0.000771100
MOPCGM,P12,1000,0.6,true,converged_trial,0,132,264,8.4365328250e-12,0.004860200
CGPM,P12,1000,0.6,true,converged_trial,0,11,44,6.1966210720e-13,0.000838500
STTDFPM,P12,1000,0.6,true,converged_projected,0,11,34,9.4687178648e-12,0.000921000
SOPP,P12,1000,0.8,true,converged_trial,0,32,64,7.3464190330e-12,0.001500900
SDLP,P12,1000,0.8,true,converged_projected,0,15,60,8.3698269891e-12,0.000851200
MOPCGM,P12,1000,0.8,true,converged_trial,0,137,274,8.1609323977e-12,0.005126700
CGPM,P12,1000,0.8,true,converged_trial,0,11,44,1.4482188058e-12,0.000729000
STTDFPM,P12,1000,0.8,true,converged_trial,0,12,36,7.5553136244e-12,0.000646600
SOPP,P12,1000,1.0,true,converged_projected,0,32,65,8.9333157608e-12,0.001309400
SDLP,P12,1000,1.0,true,converged_trial,0,16,63,7.4517440371e-12,0.000832600
MOPCGM,P12,1000,1.0,true,converged_trial,0,139,278,8.6682478339e-12,0.005665400
CGPM,P12,1000,1.0,true,converged_trial,0,11,44,2.0011750771e-12,0.000644700
STTDFPM,P12,1000,1.0,true,converged_projected,0,11,34,4.7010060144e-12,0.000560700
SOPP,P12,1000,1.1,true,converged_trial,0,33,66,8.5822324139e-12,0.011180200
SDLP,P12,1000,1.1,true,converged_projected,0,16,64,4.5166872573e-12,0.000505800
MOPCGM,P12,1000,1.1,true,converged_trial,0,140,280,8.6664924172e-12,0.003910100
CGPM,P12,1000,1.1,true,converged_trial,0,10,39,3.6126476392e-12,0.000374000
STTDFPM,P12,1000,1.1,true,converged_projected,0,12,37,6.8917660988e-12,0.000378100
SOPP,P12,1000,2.0,true,converged_projected,0,33,67,6.8513915139e-12,0.000824800
SDLP,P12,1000,2.0,true,converged_projected,0,16,63,6.9514502678e-12,0.000514200
MOPCGM,P12,1000,2.0,true,converged_trial,0,148,296,9.7688941263e-12,0.002928900
CGPM,P12,1000,2.0,true,converged_trial,0,11,42,2.6454130186e-12,0.000340600
STTDFPM,P12,1000,2.0,true,converged_projected,0,13,39,3.5740284710e-12,0.000664800
SOPP,P12,1000,5.0,true,converged_trial,0,36,72,8.2013069826e-12,0.001615900
SDLP,P12,1000,5.0,true,converged_projected,0,17,67,7.0708186057e-12,0.000987500
MOPCGM,P12,1000,5.0,true,converged_trial,0,160,320,8.6945790849e-12,0.007195800
CGPM,P12,1000,5.0,true,converged_trial,0,12,46,2.3031067554e-12,0.000717700
STTDFPM,P12,1000,5.0,true,converged_projected,0,13,40,2.3961438423e-12,0.000634600
SOPP,P12,1000,1/k,true,converged_projected,0,37,75,6.6035988596e-12,0.001667800
SDLP,P12,1000,1/k,true,converged_projected,0,23,87,8.8776389121e-12,0.001296400
MOPCGM,P12,1000,1/k,true,converged_trial,0,139,278,9.6063569664e-12,0.005998800
CGPM,P12,1000,1/k,true,converged_trial,0,55,240,4.3208608364e-12,0.011434000
STTDFPM,P12,1000,1/k,true,converged_trial,0,64,191,7.2259589095e-12,0.003137900
SOPP,P12,1000,k/n,true,converged_projected,0,40,81,8.4571007796e-12,0.001811800
SDLP,P12,1000,k/n,true,converged_projected,0,19,73,4.9646325077e-12,0.001085800
MOPCGM,P12,1000,k/n,true,converged_trial,0,136,272,9.7986909236e-12,0.006057200
CGPM,P12,1000,k/n,true,converged_trial,0,55,241,9.2806743335e-12,0.003448100
STTDFPM,P12,1000,k/n,true,converged_trial,0,66,199,8.0503605196e-12,0.003654000
SOPP,P13,1000,0.4,true,converged_projected,0,24,51,6.6460077560e-12,0.063447100
SDLP,P13,1000,0.4,true,converged_projected,0,18,81,1.6184942290e-12,0.001151900
MOPCGM,P13,1000,0.4,true,converged_trial,0,85,170,7.2990227812e-12,0.013664700
CGPM,P13,1000,0.4,true,converged_trial,0,16,80,3.5459418033e-12,0.001094600
STTDFPM,P13,1000,0.4,true,converged_projected,0,15,47,5.2135877008e-12,0.000754100
SOPP,P13,1000,0.5,true,converged_trial,0,24,50,8.3312078209e-12,0.001581900
SDLP,P13,1000,0.5,true,converged_projected,0,18,81,3.5880718049e-12,0.001344000
MOPCGM,P13,1000,0.5,true,converged_trial,0,87,174,8.2223719834e-12,0.003709900
CGPM,P13,1000,0.5,true,converged_trial,0,16,80,7.4499886203e-12,0.001159600
STTDFPM,P13,1000,0.5,true,converged_trial,0,16,49,4.0901209909e-12,0.001011300
SOPP,P13,1000,0.6,true,converged_projected,0,24,51,7.2674252800e-12,0.001164300
SDLP,P13,1000,0.6,true,converged_projected,0,18,81,5.5471168804e-12,0.001162300
MOPCGM,P13,1000,0.6,true,converged_trial,0,88,176,9.0474178485e-12,0.003590000
CGPM,P13,1000,0.6,true,converged_trial,0,17,85,1.7799925686e-12,0.001345000
STTDFPM,P13,1000,0.6,true,converged_trial,0,16,49,6.2282185733e-12,0.000843000
SOPP,P13,1000,0.8,true,converged_projected,0,26,55,6.0070360647e-12,0.001529300
SDLP,P13,1000,0.8,true,converged_projected,0,18,81,9.2194486885e-12,0.001270800
MOPCGM,P13,1000,0.8,true,converged_trial,0,90,180,7.8537344692e-12,0.003645900
CGPM,P13,1000,0.8,true,converged_trial,0,17,85,2.8191992753e-12,0.001193700
STTDFPM,P13,1000,0.8,true,converged_projected,0,16,50,4.2200218292e-12,0.000814000
SOPP,P13,1000,1.0,true,converged_trial,0,27,56,8.2539694846e-12,0.001407600
SDLP,P13,1000,1.0,true,converged_projected,0,18,81,9.0228420142e-12,0.001609600
MOPCGM,P13,1000,1.0,true,converged_trial,0,91,182,7.8537344692e-12,0.009618700
CGPM,P13,1000,1.0,true,converged_trial,0,17,85,3.7495701444e-12,0.000637700
STTDFPM,P13,1000,1.0,true,converged_projected,0,16,50,5.6068010493e-12,0.000426000
SOPP,P13,1000,1.1,true,converged_projected,0,27,57,9.4195661962e-12,0.000603900
SDLP,P13,1000,1.1,true,converged_projected,0,18,81,8.7489970037e-12,0.000625200
MOPCGM,P13,1000,1.1,true,converged_trial,0,91,182,9.2194486885e-12,0.001773600
CGPM,P13,1000,1.1,true,converged_trial,0,16,79,3.0017626156e-12,0.000647400
STTDFPM,P13,1000,1.1,true,converged_projected,0,16,50,6.9830477690e-12,0.000477000
SOPP,P13,1000,2.0,true,converged_projected,0,27,55,8.2925886528e-12,0.000607500
SDLP,P13,1000,2.0,true,converged_projected,0,16,72,9.9251262157e-12,0.000572400
MOPCGM,P13,1000,2.0,true,converged_trial,0,95,190,7.3200877820e-12,0.002215000
CGPM,P13,1000,2.0,true,converged_trial,0,17,84,6.9303852670e-12,0.000771900
STTDFPM,P13,1000,2.0,true,converged_projected,0,17,52,6.0245902321e-12,0.000507400
SOPP,P13,1000,5.0,true,converged_projected,0,27,56,9.1176345179e-12,0.001035700
SDLP,P13,1000,5.0,true,converged_projected,0,18,81,4.1989568284e-12,0.001171000
MOPCGM,P13,1000,5.0,true,converged_trial,0,99,198,8.7173995025e-12,0.003988300
CGPM,P13,1000,5.0,true,converged_trial,0,18,89,2.6366359349e-12,0.001212900
STTDFPM,P13,1000,5.0,true,converged_trial,0,17,52,4.7185601818e-12,0.000850900
SOPP,P13,1000,1/k,true,converged_trial,0,280,840,9.9665364123e-12,0.014630500
SDLP,P13,1000,1/k,true,converged_trial,0,33,135,7.0556767845e-12,0.001096100
MOPCGM,P13,1000,1/k,true,converged_trial,0,89,178,7.8593743002e-12,0.001796400
CGPM,P13,1000,1/k,true,converged_trial,0,54,268,6.5695310566e-12,0.002078100
STTDFPM,P13,1000,1/k,true,converged_trial,0,54,163,6.6826117957e-12,0.001858300
SOPP,P13,1000,k/n,true,converged_trial,0,292,875,9.1629542319e-12,0.010510800
SDLP,P13,1000,k/n,true,converged_trial,0,54,216,6.6715320189e-12,0.001763900
MOPCGM,P13,1000,k/n,true,converged_trial,0,89,178,7.7477600737e-12,0.003210200
CGPM,P13,1000,k/n,true,converged_trial,0,49,245,9.6558985854e-12,0.001946600
STTDFPM,P13,1000,k/n,true,converged_trial,0,57,172,9.8461526682e-12,0.001562300
SOPP,P14,1000,0.4,true,converged_projected,0,25,53,6.8742119315e-12,0.072077000
SDLP,P14,1000,0.4,true,converged_projected,0,24,108,3.7741459787e-12,0.000974800
MOPCGM,P14,1000,0.4,true,converged_trial,0,84,168,9.3879686950e-12,0.013086400
CGPM,P14,1000,0.4,true,converged_trial,0,15,75,2.9806976148e-12,0.001007000
STTDFPM,P14,1000,0.4,true,converged_projected,0,16,50,8.0082111418e-12,0.000817200
SOPP,P14,1000,0.5,true,converged_projected,0,23,49,9.9953428850e-12,0.001078900
SDLP,P14,1000,0.5,true,converged_trial,0,23,102,6.6600510899e-12,0.001606800
MOPCGM,P14,1000,0.5,true,converged_trial,0,83,166,8.0082111418e-12,0.003554700
CGPM,P14,1000,0.5,true,converged_trial,0,15,75,1.7238192331e-12,0.001532900
STTDFPM,P14,1000,0.5,true,converged_projected,0,16,50,5.0310243605e-12,0.000870200
SOPP,P14,1000,0.6,true,converged_projected,0,23,49,5.9789493970e-12,0.001117000
SDLP,P14,1000,0.6,true,converged_trial,0,23,102,2.6787659365e-12,0.001447000
MOPCGM,P14,1000,0.6,true,converged_trial,0,80,160,8.3944028234e-12,0.003401400
CGPM,P14,1000,0.6,true,converged_trial,0,14,70,4.9292101899e-12,0.001169300
STTDFPM,P14,1000,0.6,true,converged_trial,0,16,49,4.3148143329e-12,0.000783600
SOPP,P14,1000,0.8,true,converged_trial,0,25,52,9.8443770459e-12,0.001558000
SDLP,P14,1000,0.8,true,converged_trial,0,23,102,6.0912960680e-12,0.001540200
MOPCGM,P14,1000,0.8,true,converged_trial,0,82,164,9.0790153497e-12,0.003762200
CGPM,P14,1000,0.8,true,converged_trial,0,14,70,9.8198012116e-12,0.001004000
STTDFPM,P14,1000,0.8,true,converged_trial,0,16,49,9.4195661962e-12,0.000820700
SOPP,P14,1000,1.0,true,converged_projected,0,26,55,6.0035252313e-12,0.001221900
SDLP,P14,1000,1.0,true,converged_projected,0,24,108,5.3294452053e-12,0.001600000
MOPCGM,P14,1000,1.0,true,converged_trial,0,85,170,7.8221369680e-12,0.004518900
CGPM,P14,1000,1.0,true,converged_trial,0,15,75,2.8262209422e-12,0.001346700
STTDFPM,P14,1000,1.0,true,converged_trial,0,17,52,3.6056259722e-12,0.000910100
SOPP,P14,1000,1.1,true,converged_trial,0,27,55,7.6114869599e-12,0.001277200
SDLP,P14,1000,1.1,true,converged_projected,0,22,99,9.8619312132e-12,0.001439800
MOPCGM,P14,1000,1.1,true,converged_trial,0,86,172,8.1767311483e-12,0.010145400
CGPM,P14,1000,1.1,true,converged_trial,0,15,74,2.6541901022e-12,0.000584400
STTDFPM,P14,1000,1.1,true,converged_trial,0,17,52,4.2200218292e-12,0.000493400
SOPP,P14,1000,2.0,true,converged_trial,0,30,65,8.6542045000e-12,0.000715900
SDLP,P14,1000,2.0,true,converged_trial,0,23,97,4.2481084970e-12,0.000795500
MOPCGM,P14,1000,2.0,true,converged_trial,0,105,210,8.3487619883e-12,0.002139200
CGPM,P14,1000,2.0,true,converged_trial,0,17,79,3.5670068041e-12,0.000644200
STTDFPM,P14,1000,2.0,false,maxiter,0,2000,4001,1.8873579031e+01,0.062362400
SOPP,P14,1000,5.0,true,converged_trial,0,27,55,7.0462427714e-12,0.001097100
SDLP,P14,1000,5.0,true,converged_projected,0,24,107,6.8496360972e-12,0.001429200
MOPCGM,P14,1000,5.0,true,converged_trial,0,130,260,9.9321478826e-12,0.004800400
CGPM,P14,1000,5.0,true,converged_trial,0,16,78,3.5143443020e-12,0.000641600
STTDFPM,P14,1000,5.0,true,converged_trial,0,18,54,7.9695919737e-12,0.000512000
SOPP,P14,1000,1/k,true,converged_trial,0,376,1125,9.5269105204e-12,0.012175400
SDLP,P14,1000,1/k,true,converged_trial,0,38,155,3.1716295940e-12,0.001399200
MOPCGM,P14,1000,1/k,true,converged_trial,0,87,174,9.3504256659e-12,0.002630200
CGPM,P14,1000,1/k,true,converged_trial,0,75,374,6.1897680313e-12,0.002897700
STTDFPM,P14,1000,1/k,true,converged_trial,0,55,166,6.3732725442e-12,0.002199700
SOPP,P14,1000,k/n,true,converged_trial,0,399,1198,9.3324429207e-12,0.012920700
SDLP,P14,1000,k/n,true,converged_trial,0,41,167,5.8853501813e-12,0.001359400
MOPCGM,P14,1000,k/n,true,converged_trial,0,85,170,8.7747964593e-12,0.002550800
CGPM,P14,1000,k/n,true,converged_trial,0,77,384,7.4469071804e-12,0.002965900
STTDFPM,P14,1000,k/n,true,converged_trial,0,58,175,6.0880574891e-12,0.002112900
SOPP,P15,1000,0.4,true,converged_projected,0,1,8,0.0000000000e+00,0.118021000
SDLP,P15,1000,0.4,true,converged_projected,0,1,5,0.0000000000e+00,0.011972300
MOPCGM,P15,1000,0.4,true,converged_trial,0,43,86,5.3715752069e-12,0.001903000
CGPM,P15,1000,0.4,true,converged_trial,0,13,78,3.9321334848e-12,0.001662200
STTDFPM,P15,1000,0.4,true,converged_projected,0,1,6,0.0000000000e+00,0.000159100
SOPP,P15,1000,0.5,true,converged_projected,0,1,8,0.0000000000e+00,0.000137900
SDLP,P15,1000,0.5,true,converged_projected,0,1,5,0.0000000000e+00,0.000132300
MOPCGM,P15,1000,0.5,true,converged_trial,0,43,86,6.2422619071e-12,0.002433600
CGPM,P15,1000,0.5,true,converged_projected,0,1,3,0.0000000000e+00,0.000068700
STTDFPM,P15,1000,0.5,true,converged_projected,0,1,3,0.0000000000e+00,0.000107700
SOPP,P15,1000,0.6,true,converged_projected,0,23,53,5.4839218779e-12,0.001378000
SDLP,P15,1000,0.6,true,converged_projected,0,1,5,0.0000000000e+00,0.000076600
MOPCGM,P15,1000,0.6,true,converged_trial,0,43,86,6.9163419331e-12,0.002484100
CGPM,P15,1000,0.6,true,converged_trial,0,13,78,4.1006534913e-12,0.001636200
STTDFPM,P15,1000,0.6,true,converged_projected,0,1,6,0.0000000000e+00,0.000145300
SOPP,P15,1000,0.8,true,converged_projected,0,22,51,4.8168635189e-12,0.001753700
SDLP,P15,1000,0.8,true,converged_projected,0,1,3,0.0000000000e+00,0.000064100
MOPCGM,P15,1000,0.8,true,converged_trial,0,43,86,7.5763786252e-12,0.002597100
CGPM,P15,1000,0.8,true,converged_projected,0,1,4,0.0000000000e+00,0.000081700
STTDFPM,P15,1000,0.8,true,converged_projected,0,1,6,0.0000000000e+00,0.000114100
SOPP,P15,1000,1.0,true,converged_projected,0,1,4,0.0000000000e+00,0.000123000
SDLP,P15,1000,1.0,true,converged_projected,0,1,6,0.0000000000e+00,0.000110100
MOPCGM,P15,1000,1.0,true,converged_trial,0,43,86,6.8180385960e-12,0.002480900
CGPM,P15,1000,1.0,true,converged_trial,0,14,86,4.1357618260e-12,0.001949200
STTDFPM,P15,1000,1.0,true,converged_projected,0,1,6,0.0000000000e+00,0.000168800
SOPP,P15,1000,1.1,true,converged_projected,0,1,4,0.0000000000e+00,0.000089800
SDLP,P15,1000,1.1,true,converged_projected,0,1,6,0.0000000000e+00,0.000156200
MOPCGM,P15,1000,1.1,true,converged_trial,0,43,86,5.5400952134e-12,0.003120700
CGPM,P15,1000,1.1,true,converged_projected,0,1,5,0.0000000000e+00,0.000116200
STTDFPM,P15,1000,1.1,true,converged_projected,0,3,13,0.0000000000e+00,0.000366200
SOPP,P15,1000,2.0,true,converged_projected,0,1,3,0.0000000000e+00,0.000182400
SDLP,P15,1000,2.0,true,converged_projected,0,2,14,0.0000000000e+00,0.000317400
MOPCGM,P15,1000,2.0,true,converged_projected,0,1,4,0.0000000000e+00,0.000087400
CGPM,P15,1000,2.0,true,converged_projected,0,1,8,0.0000000000e+00,0.000218600
STTDFPM,P15,1000,2.0,true,converged_projected,0,1,4,0.0000000000e+00,0.000091300
SOPP,P15,1000,5.0,true,converged_projected,0,1,13,0.0000000000e+00,0.000317000
SDLP,P15,1000,5.0,true,converged_projected,0,1,15,0.0000000000e+00,0.000358600
MOPCGM,P15,1000,5.0,true,converged_projected,0,1,10,0.0000000000e+00,0.000250100
CGPM,P15,1000,5.0,true,converged_projected,0,1,18,0.0000000000e+00,0.000466100
STTDFPM,P15,1000,5.0,true,converged_projected,0,1,14,0.0000000000e+00,0.000364900
SOPP,P15,1000,1/k,true,converged_trial,0,719,4386,9.8907335834e-12,0.097987400
SDLP,P15,1000,1/k,true,converged_trial,0,22,111,5.3989340901e-12,0.004941000
MOPCGM,P15,1000,1/k,true,converged_trial,0,39,78,7.0819436794e-12,0.001328300
CGPM,P15,1000,1/k,true,converged_trial,0,48,298,9.5072942727e-12,0.004383600
STTDFPM,P15,1000,1/k,true,converged_projected,0,21,72,0.0000000000e+00,0.001432500
SOPP,P15,1000,k/n,true,converged_trial,0,757,4597,9.9756547131e-12,0.071393800
SDLP,P15,1000,k/n,true,converged_trial,0,25,126,7.4841254886e-12,0.001839600
MOPCGM,P15,1000,k/n,true,converged_trial,0,43,86,5.8989962257e-12,0.002312100
CGPM,P15,1000,k/n,true,converged_trial,0,55,341,4.7151457711e-12,0.005118300
STTDFPM,P15,1000,k/n,true,converged_projected,0,29,96,0.0000000000e+00,0.001624400
SOPP,P16,1000,0.4,true,converged_trial,0,214,602,8.7218772951e-12,0.026711800
SDLP,P16,1000,0.4,true,converged_trial,0,90,365,7.9953248684e-12,0.001533500
MOPCGM,P16,1000,0.4,true,converged_trial,0,382,764,9.5741975174e-12,0.008394500
CGPM,P16,1000,0.4,true,converged_trial,0,157,856,9.6200228765e-12,0.015050700
STTDFPM,P16,1000,0.4,true,converged_trial,0,170,516,9.1749769388e-12,0.002614000
SOPP,P16,1000,0.5,true,converged_trial,0,239,766,8.7895855393e-12,0.004228900
SDLP,P16,1000,0.5,true,converged_trial,0,91,370,7.9280392927e-12,0.002552800
MOPCGM,P16,1000,0.5,true,converged_trial,0,380,760,9.5299086520e-12,0.010732700
CGPM,P16,1000,0.5,true,converged_trial,0,271,1447,9.5366916858e-12,0.006905300
STTDFPM,P16,1000,0.5,true,converged_trial,0,172,518,9.8947289935e-12,0.003980000
SOPP,P16,1000,0.6,true,converged_trial,0,269,811,9.3871811324e-12,0.005807100
SDLP,P16,1000,0.6,true,converged_trial,0,91,370,7.4190950236e-12,0.001577300
MOPCGM,P16,1000,0.6,true,converged_trial,0,378,756,9.5447965684e-12,0.005578300
CGPM,P16,1000,0.6,true,converged_trial,0,313,1662,9.8276131744e-12,0.007985000
STTDFPM,P16,1000,0.6,true,converged_trial,0,172,518,9.5547305686e-12,0.002838500
SOPP,P16,1000,0.8,true,converged_trial,0,224,684,9.5810555573e-12,0.004553400
SDLP,P16,1000,0.8,true,converged_trial,0,90,367,7.0898886076e-12,0.001322000
MOPCGM,P16,1000,0.8,true,converged_trial,0,374,748,9.5380082151e-12,0.010781400
CGPM,P16,1000,0.8,true,converged_trial,0,244,1305,9.8280355433e-12,0.006977500
STTDFPM,P16,1000,0.8,true,converged_trial,0,169,509,9.1166750149e-12,0.003284500
SOPP,P16,1000,1.0,true,converged_trial,0,254,801,9.0734441097e-12,0.004954000
SDLP,P16,1000,1.0,true,converged_trial,0,78,319,9.6445712861e-12,0.001241300
MOPCGM,P16,1000,1.0,true,converged_trial,0,369,738,9.8174767811e-12,0.005811200
CGPM,P16,1000,1.0,true,converged_trial,0,183,988,9.8090764868e-12,0.004242700
STTDFPM,P16,1000,1.0,true,converged_trial,0,163,491,9.4304327296e-12,0.003248700
SOPP,P16,1000,1.1,true,converged_trial,0,226,676,9.6945726991e-12,0.004326400
SDLP,P16,1000,1.1,true,converged_trial,0,89,363,9.5116322228e-12,0.002180200
MOPCGM,P16,1000,1.1,true,converged_trial,0,367,734,9.5555353904e-12,0.004871700
CGPM,P16,1000,1.1,true,converged_trial,0,183,987,9.1813649686e-12,0.004249100
STTDFPM,P16,1000,1.1,true,converged_trial,0,161,485,9.8938837838e-12,0.002637600
SOPP,P16,1000,2.0,true,converged_trial,0,248,759,9.6216648272e-12,0.005185300
SDLP,P16,1000,2.0,true,converged_trial,0,99,398,8.4587091327e-12,0.002119000
MOPCGM,P16,1000,2.0,true,converged_trial,0,326,652,9.7080723229e-12,0.004419800
CGPM,P16,1000,2.0,true,converged_trial,0,140,763,9.7844280750e-12,0.004126800
STTDFPM,P16,1000,2.0,true,converged_trial,0,141,426,9.3927127541e-12,0.002161000
SOPP,P16,1000,5.0,true,converged_trial,0,228,743,9.7987552606e-12,0.004552600
SDLP,P16,1000,5.0,true,converged_trial,0,93,373,8.9215102656e-12,0.001886300
MOPCGM,P16,1000,5.0,true,converged_trial,0,391,782,9.8245145273e-12,0.005339000
CGPM,P16,1000,5.0,true,converged_trial,0,53,317,7.9505061472e-12,0.001023300
STTDFPM,P16,1000,5.0,true,converged_trial,0,166,500,9.0296877672e-12,0.003064500
SOPP,P16,1000,1/k,true,converged_trial,0,215,601,7.8588978898e-12,0.004397400
SDLP,P16,1000,1/k,true,converged_trial,0,96,387,7.6342642794e-12,0.001496200
MOPCGM,P16,1000,1/k,true,converged_trial,0,379,758,9.8860436085e-12,0.006144800
CGPM,P16,1000,1/k,true,converged_trial,0,87,501,9.9059189896e-12,0.003315200
STTDFPM,P16,1000,1/k,true,converged_trial,0,179,540,9.2272933694e-12,0.003295300
SOPP,P16,1000,k/n,true,converged_trial,0,308,620,9.8707665024e-12,0.005118000
SDLP,P16,1000,k/n,true,converged_trial,0,92,374,9.3863674549e-12,0.001372700
MOPCGM,P16,1000,k/n,true,converged_trial,0,380,760,9.8815569450e-12,0.011582300
CGPM,P16,1000,k/n,true,converged_trial,0,281,1503,9.2254475494e-12,0.007547800
STTDFPM,P16,1000,k/n,true,converged_trial,0,175,526,9.2736559681e-12,0.003343400
SOPP,P17,1000,0.4,true,converged_trial,0,48,96,9.2871163136e-12,0.061739000
SDLP,P17,1000,0.4,true,converged_projected,0,1,3,0.0000000000e+00,0.000038100
MOPCGM,P17,1000,0.4,true,converged_trial,0,265,530,9.3254263572e-12,0.011572200
CGPM,P17,1000,0.4,true,converged_trial,0,16,48,5.4834566088e-12,0.000766200
STTDFPM,P17,1000,0.4,true,converged_projected,0,7,22,3.4115105032e-12,0.000600600
SOPP,P17,1000,0.5,true,converged_projected,0,48,97,8.4042245512e-12,0.002125000
SDLP,P17,1000,0.5,true,converged_projected,0,1,3,0.0000000000e+00,0.000073300
MOPCGM,P17,1000,0.5,true,converged_trial,0,267,534,9.3630723203e-12,0.011324700
CGPM,P17,1000,0.5,true,converged_trial,0,16,48,6.6261651820e-12,0.000815100
STTDFPM,P17,1000,0.5,true,converged_projected,0,7,22,4.8223688226e-12,0.000380700
SOPP,P17,1000,0.6,true,converged_projected,0,48,97,9.9210699913e-12,0.002316300
SDLP,P17,1000,0.6,true,converged_projected,0,1,3,0.0000000000e+00,0.000075900
MOPCGM,P17,1000,0.6,true,converged_trial,0,269,538,9.0099269262e-12,0.011180100
CGPM,P17,1000,0.6,true,converged_trial,0,16,48,7.6355952363e-12,0.000784400
STTDFPM,P17,1000,0.6,true,converged_projected,0,7,22,5.6200364922e-12,0.000373700
SOPP,P17,1000,0.8,true,converged_trial,0,49,98,9.4860609548e-12,0.002312400
SDLP,P17,1000,0.8,true,converged_projected,0,1,3,0.0000000000e+00,0.000081700
MOPCGM,P17,1000,0.8,true,converged_trial,0,271,542,9.4944040098e-12,0.015061700
CGPM,P17,1000,0.8,true,converged_trial,0,16,48,9.2167986400e-12,0.000395000
STTDFPM,P17,1000,0.8,true,converged_projected,0,7,22,1.6858862851e-12,0.000190400
SOPP,P17,1000,1.0,true,converged_projected,0,49,99,8.1572946246e-12,0.001046100
SDLP,P17,1000,1.0,true,converged_projected,0,1,3,0.0000000000e+00,0.000034600
MOPCGM,P17,1000,1.0,true,converged_trial,0,273,546,9.3316935337e-12,0.005156000
CGPM,P17,1000,1.0,true,converged_trial,0,17,51,1.6315627733e-12,0.000417700
STTDFPM,P17,1000,1.0,true,converged_projected,0,1,4,0.0000000000e+00,0.000030700
SOPP,P17,1000,1.1,true,converged_projected,0,49,99,8.6176317783e-12,0.001149700
SDLP,P17,1000,1.1,true,converged_projected,0,1,3,0.0000000000e+00,0.000035400
MOPCGM,P17,1000,1.1,true,converged_trial,0,274,548,9.0877597079e-12,0.011282900
CGPM,P17,1000,1.1,true,converged_trial,0,17,51,1.6743844104e-12,0.000768200
STTDFPM,P17,1000,1.1,true,converged_projected,0,1,4,0.0000000000e+00,0.000085500
SOPP,P17,1000,2.0,true,converged_trial,0,49,98,9.7506008122e-12,0.007198500
SDLP,P17,1000,2.0,true,converged_projected,0,2,7,0.0000000000e+00,0.000081000
MOPCGM,P17,1000,2.0,true,converged_trial,0,278,556,9.1144225557e-12,0.005348900
CGPM,P17,1000,2.0,true,converged_trial,0,16,48,5.2068197036e-12,0.000393300
STTDFPM,P17,1000,2.0,true,converged_projected,0,1,4,0.0000000000e+00,0.000033100
SOPP,P17,1000,5.0,true,converged_projected,0,48,98,8.1158877552e-12,0.001008200
SDLP,P17,1000,5.0,true,converged_projected,0,1,4,0.0000000000e+00,0.000034100
MOPCGM,P17,1000,5.0,true,converged_trial,0,282,564,9.1823647053e-12,0.005571500
CGPM,P17,1000,5.0,true,converged_trial,0,16,49,3.0466952629e-12,0.002155000
STTDFPM,P17,1000,5.0,true,converged_projected,0,7,22,9.5630200778e-13,0.000185400
SOPP,P17,1000,1/k,true,converged_trial,0,44,88,9.7702969260e-12,0.000873200
SDLP,P17,1000,1/k,true,converged_projected,0,1,3,0.0000000000e+00,0.000024500
MOPCGM,P17,1000,1/k,true,converged_trial,0,243,486,9.1979531661e-12,0.004777400
CGPM,P17,1000,1/k,true,converged_trial,0,55,166,8.3881866378e-12,0.001330800
STTDFPM,P17,1000,1/k,true,converged_trial,0,26,81,9.8153810253e-12,0.000661900
SOPP,P17,1000,k/n,true,converged_projected,0,48,97,9.2815729030e-12,0.001066200
SDLP,P17,1000,k/n,true,converged_projected,0,1,3,0.0000000000e+00,0.000026100
MOPCGM,P17,1000,k/n,true,converged_trial,0,268,536,9.4448083214e-12,0.006588700
CGPM,P17,1000,k/n,true,converged_trial,0,68,206,7.4124007794e-12,0.001734900
STTDFPM,P17,1000,k/n,true,converged_trial,0,26,79,9.7208070197e-12,0.000641600
SOPP,P18,1000,0.4,true,converged_trial,0,7,14,9.6337270378e-12,0.242933800
SDLP,P18,1000,0.4,true,converged_projected,0,2,7,1.7694600682e-12,0.000098900
MOPCGM,P18,1000,0.4,true,converged_trial,0,33,66,9.9848103846e-12,0.001031200
CGPM,P18,1000,0.4,true,converged_trial,0,3,9,7.4429669534e-12,0.000145800
STTDFPM,P18,1000,0.4,true,converged_projected,0,4,12,2.5278000974e-13,0.000189000
SOPP,P18,1000,0.5,true,converged_trial,0,7,14,9.6337270378e-12,0.000244500
SDLP,P18,1000,0.5,true,converged_projected,0,2,7,1.7694600682e-12,0.000100900
MOPCGM,P18,1000,0.5,true,converged_trial,0,33,66,9.9848103846e-12,0.001064900
CGPM,P18,1000,0.5,true,converged_trial,0,3,9,7.4429669534e-12,0.000141600
STTDFPM,P18,1000,0.5,true,converged_trial,0,4,11,5.8279835578e-12,0.000170200
SOPP,P18,1000,0.6,true,converged_trial,0,7,14,9.6337270378e-12,0.000229100
SDLP,P18,1000,0.6,true,converged_projected,0,2,7,1.7694600682e-12,0.000098500
MOPCGM,P18,1000,0.6,true,converged_trial,0,33,66,9.9848103846e-12,0.001012700
CGPM,P18,1000,0.6,true,converged_trial,0,3,9,7.4429669534e-12,0.000129200
STTDFPM,P18,1000,0.6,true,converged_projected,0,3,9,4.8309068528e-12,0.000156100
SOPP,P18,1000,0.8,true,converged_trial,0,7,14,9.6337270378e-12,0.000230800
SDLP,P18,1000,0.8,true,converged_projected,0,2,7,1.7694600682e-12,0.000095700
MOPCGM,P18,1000,0.8,true,converged_trial,0,33,66,9.9848103846e-12,0.001007700
CGPM,P18,1000,0.8,true,converged_trial,0,3,9,7.4429669534e-12,0.000137900
STTDFPM,P18,1000,0.8,true,converged_projected,0,3,9,2.7946234410e-12,0.000135300
SOPP,P18,1000,1.0,true,converged_trial,0,7,14,9.6337270378e-12,0.000227600
SDLP,P18,1000,1.0,true,converged_projected,0,2,7,1.7694600682e-12,0.000095300
MOPCGM,P18,1000,1.0,true,converged_trial,0,32,64,9.9848103846e-12,0.000968000
CGPM,P18,1000,1.0,true,converged_trial,0,1,2,0.0000000000e+00,0.000027900
STTDFPM,P18,1000,1.0,true,converged_projected,0,2,7,3.0895334523e-13,0.000096800
SOPP,P18,1000,1.1,true,converged_trial,0,46,92,8.1732203148e-12,0.001488100
SDLP,P18,1000,1.1,true,converged_trial,0,5,14,5.5541385473e-12,0.000200000
MOPCGM,P18,1000,1.1,true,converged_trial,0,252,504,9.8303337120e-12,0.009590900
CGPM,P18,1000,1.1,true,converged_trial,0,14,41,6.7688869274e-12,0.001306800
STTDFPM,P18,1000,1.1,true,converged_projected,0,2,6,9.9707670508e-12,0.000191200
SOPP,P18,1000,2.0,true,converged_trial,0,50,100,9.1492320191e-12,0.002966500
SDLP,P18,1000,2.0,true,converged_trial,0,4,11,8.3136536536e-12,0.000267000
MOPCGM,P18,1000,2.0,true,converged_trial,0,279,558,9.0579503489e-12,0.019525200
CGPM,P18,1000,2.0,true,converged_trial,0,17,50,3.7776568122e-12,0.000729700
STTDFPM,P18,1000,2.0,true,converged_projected,0,3,9,1.1375100438e-12,0.000146500
SOPP,P18,1000,5.0,true,converged_trial,0,53,106,9.8162903781e-12,0.001812000
SDLP,P18,1000,5.0,true,converged_projected,0,5,14,9.9426803830e-12,0.000218100
MOPCGM,P18,1000,5.0,true,converged_trial,0,304,608,9.5143586998e-12,0.021555100
CGPM,P18,1000,5.0,true,converged_trial,0,19,55,2.6612117692e-12,0.001419000
STTDFPM,P18,1000,5.0,true,converged_projected,0,4,13,1.2428350479e-12,0.000483300
SOPP,P18,1000,1/k,true,converged_trial,0,7,14,9.6337270378e-12,0.000441300
SDLP,P18,1000,1/k,true,converged_projected,0,2,7,1.7694600682e-12,0.000171000
MOPCGM,P18,1000,1/k,true,converged_trial,0,240,480,9.0236293546e-12,0.016363500
CGPM,P18,1000,1/k,true,converged_trial,0,46,140,8.9660835189e-12,0.004528600
STTDFPM,P18,1000,1/k,true,converged_trial,0,56,170,9.9355475647e-12,0.002407600
SOPP,P18,1000,k/n,true,converged_trial,0,7,14,9.6337270378e-12,0.000240900
SDLP,P18,1000,k/n,true,converged_projected,0,2,7,1.7694600682e-12,0.000101200
MOPCGM,P18,1000,k/n,true,converged_trial,0,33,66,9.9762690955e-12,0.001034900
CGPM,P18,1000,k/n,true,converged_trial,0,5,16,4.7728120749e-12,0.000364300
STTDFPM,P18,1000,k/n,true,converged_projected,0,3,10,4.0705518330e-13,0.000284400
SOPP,P19,1000,0.4,true,converged_trial,0,29,85,9.9983051508e-12,0.175200700
SDLP,P19,1000,0.4,true,converged_projected,0,23,85,8.5162945729e-12,0.000438700
MOPCGM,P19,1000,0.4,true,converged_trial,0,108,256,8.7602974989e-12,0.009690600
CGPM,P19,1000,0.4,true,converged_trial,0,31,143,8.4620960812e-12,0.000667800
STTDFPM,P19,1000,0.4,false,stalled_direction,0,3,15,7.4807677397e-04,0.000072800
SOPP,P19,1000,0.5,true,converged_trial,0,34,96,9.3731573663e-12,0.000663000
SDLP,P19,1000,0.5,true,converged_projected,0,23,86,8.5160751458e-12,0.000450400
MOPCGM,P19,1000,0.5,true,converged_trial,0,183,414,8.4833805091e-12,0.002726700
CGPM,P19,1000,0.5,true,converged_trial,0,31,146,8.4620960812e-12,0.000759000
STTDFPM,P19,1000,0.5,false,stalled_direction,0,4,19,8.2832795265e-04,0.000243600
SOPP,P19,1000,0.6,true,converged_trial,0,29,88,6.8716885199e-12,0.001560600
SDLP,P19,1000,0.6,true,converged_projected,0,23,86,8.5160751458e-12,0.005640700
MOPCGM,P19,1000,0.6,true,converged_trial,0,182,411,8.4833805091e-12,0.002905600
CGPM,P19,1000,0.6,true,converged_trial,0,33,160,8.4620960812e-12,0.000817300
STTDFPM,P19,1000,0.6,false,stalled_direction,0,3,16,7.4708634790e-04,0.000079900
SOPP,P19,1000,0.8,true,converged_trial,0,34,100,9.3731573663e-12,0.000720600
SDLP,P19,1000,0.8,true,converged_projected,0,23,87,8.5160751458e-12,0.000597400
MOPCGM,P19,1000,0.8,false,line_search_failed,0,1,52,6.4738148132e+04,0.000217800
CGPM,P19,1000,0.8,true,converged_trial,0,31,151,8.4620960812e-12,0.000973400
STTDFPM,P19,1000,0.8,false,stalled_direction,0,3,17,7.4674010516e-04,0.000104100
SOPP,P19,1000,1.0,true,converged_trial,0,34,102,9.3731573663e-12,0.000732400
SDLP,P19,1000,1.0,true,converged_projected,0,23,88,8.5162945729e-12,0.000508400
MOPCGM,P19,1000,1.0,false,line_search_failed,0,1,52,1.2645948363e+05,0.000177600
CGPM,P19,1000,1.0,true,converged_trial,0,33,169,8.4620960812e-12,0.001299700
STTDFPM,P19,1000,1.0,false,stalled_direction,0,3,17,7.4657991548e-04,0.000205200
SOPP,P19,1000,1.1,true,converged_trial,0,34,103,9.3731573663e-12,0.003697500
SDLP,P19,1000,1.1,true,converged_projected,0,23,88,8.5160751458e-12,0.000416400
MOPCGM,P19,1000,1.1,false,line_search_failed,0,1,52,1.6832487764e+05,0.000140600
CGPM,P19,1000,1.1,true,converged_trial,0,27,159,8.0107345534e-12,0.000683500
STTDFPM,P19,1000,1.1,false,stalled_direction,0,3,18,7.4653049966e-04,0.000081800
SOPP,P19,1000,2.0,true,converged_trial,0,32,110,8.4408116533e-12,0.000635700
SDLP,P19,1000,2.0,true,converged_projected,0,23,90,8.5162945729e-12,0.000454300
MOPCGM,P19,1000,2.0,false,line_search_failed,0,1,52,1.0118656063e+06,0.000152300
CGPM,P19,1000,2.0,true,converged_trial,0,27,154,5.2591188224e-12,0.001023600
STTDFPM,P19,1000,2.0,false,stalled_direction,0,3,19,7.4636639932e-04,0.000107900
SOPP,P19,1000,5.0,true,converged_trial,0,32,115,8.4408116533e-12,0.000739700
SDLP,P19,1000,5.0,true,converged_projected,0,23,92,8.5162945729e-12,0.000519000
MOPCGM,P19,1000,5.0,false,line_search_failed,0,1,52,1.5811230189e+07,0.000171900
CGPM,P19,1000,5.0,true,converged_trial,0,35,206,8.4620960812e-12,0.001022700
STTDFPM,P19,1000,5.0,false,stalled_direction,0,3,22,7.4630662914e-04,0.000096100
SOPP,P19,1000,1/k,false,maxiter,0,2000,4005,4.5682808132e-06,0.041694600
SDLP,P19,1000,1/k,false,maxiter,0,2000,5004,2.2260430604e-06,0.037830100
MOPCGM,P19,1000,1/k,false,maxiter,0,2000,4001,5.7460663146e-04,0.042431300
CGPM,P19,1000,1/k,false,maxiter,0,2000,7990,2.8148160755e-04,0.051665000
STTDFPM,P19,1000,1/k,false,maxiter,0,2000,4214,2.2095978815e-04,0.211339000
SOPP,P19,1000,k/n,false,maxiter,0,2000,4031,3.5343412201e-05,0.068322400
SDLP,P19,1000,k/n,false,maxiter,0,2000,5014,1.2873071119e-05,0.064144400
MOPCGM,P19,1000,k/n,false,maxiter,0,2000,4048,2.5111978317e-04,0.053565900
CGPM,P19,1000,k/n,false,maxiter,0,2000,8038,2.2887498880e-03,0.051003600
STTDFPM,P19,1000,k/n,false,stalled_direction,0,4,18,7.4714840264e-04,0.000109600
SOPP,P20,1000,0.4,true,converged_trial,0,27,54,8.5766921864e-12,0.036407900
SDLP,P20,1000,0.4,true,converged_trial,0,24,104,7.3193454926e-12,0.006018800
MOPCGM,P20,1000,0.4,true,converged_trial,0,98,196,9.9597735497e-12,0.003716100
CGPM,P20,1000,0.4,true,converged_trial,0,15,70,5.0770772219e-12,0.001192800
STTDFPM,P20,1000,0.4,true,converged_projected,0,4,14,0.0000000000e+00,0.000266600
SOPP,P20,1000,0.5,true,converged_projected,0,27,55,7.2774339361e-12,0.001100800
SDLP,P20,1000,0.5,true,converged_trial,0,26,114,2.5717818325e-12,0.001987300
MOPCGM,P20,1000,0.5,true,converged_trial,0,97,194,7.1726550450e-12,0.003726700
CGPM,P20,1000,0.5,true,converged_trial,0,16,76,1.4307718097e-12,0.001314300
STTDFPM,P20,1000,0.5,true,converged_trial,0,18,55,4.0921556450e-12,0.001047200
SOPP,P20,1000,0.6,true,converged_projected,0,27,55,8.9538961946e-12,0.001128200
SDLP,P20,1000,0.6,true,converged_trial,0,28,122,4.0921556450e-12,0.002141000
MOPCGM,P20,1000,0.6,true,converged_trial,0,95,190,7.8013283919e-12,0.005260900
CGPM,P20,1000,0.6,true,converged_trial,0,15,71,2.0384893784e-12,0.001599500
STTDFPM,P20,1000,0.6,true,converged_projected,0,14,44,7.1820530433e-12,0.001176700
SOPP,P20,1000,0.8,true,converged_projected,0,26,53,8.5347806300e-12,0.001708800
SDLP,P20,1000,0.8,true,converged_trial,0,28,123,4.7208289919e-12,0.003155600
MOPCGM,P20,1000,0.8,true,converged_trial,0,92,184,7.0259645973e-12,0.007549400
CGPM,P20,1000,0.8,true,converged_trial,0,14,67,5.9572199076e-12,0.001777100
STTDFPM,P20,1000,0.8,true,converged_trial,0,19,56,5.2028118912e-12,0.001490100
SOPP,P20,1000,1.0,true,converged_trial,0,27,54,7.0469203756e-12,0.003145700
SDLP,P20,1000,1.0,true,converged_trial,0,25,111,9.3101444245e-12,0.005366000
MOPCGM,P20,1000,1.0,true,converged_trial,0,88,176,9.3939675374e-12,0.006381300
CGPM,P20,1000,1.0,true,converged_trial,0,15,73,1.3050371403e-12,0.001692700
STTDFPM,P20,1000,1.0,true,converged_trial,0,16,49,8.6605152994e-12,0.001337400
SOPP,P20,1000,1.1,true,converged_trial,0,27,54,6.6487605892e-12,0.001691800
SDLP,P20,1000,1.1,true,converged_projected,0,2,5,0.0000000000e+00,0.000138400
MOPCGM,P20,1000,1.1,true,converged_trial,0,87,174,7.5708148313e-12,0.005207700
CGPM,P20,1000,1.1,true,converged_trial,0,14,68,2.8767205076e-12,0.001857300
STTDFPM,P20,1000,1.1,true,converged_trial,0,16,49,8.8585153018e-12,0.001425900
SOPP,P20,1000,2.0,true,converged_trial,0,27,59,7.4660359402e-12,0.008920300
SDLP,P20,1000,2.0,true,converged_trial,0,30,134,2.1013567131e-12,0.002279200
MOPCGM,P20,1000,2.0,true,converged_trial,0,80,160,7.4335223821e-12,0.003144300
CGPM,P20,1000,2.0,true,converged_projected,0,1,3,0.0000000000e+00,0.000041700
STTDFPM,P20,1000,2.0,true,converged_projected,0,1,3,0.0000000000e+00,0.000047700
SOPP,P20,1000,5.0,true,converged_projected,2,3,9,0.0000000000e+00,0.000232800
SDLP,P20,1000,5.0,true,converged_projected,0,2,5,0.0000000000e+00,0.000093500
MOPCGM,P20,1000,5.0,false,maxiter,0,2000,4007,1.3210974945e+59,0.234157800
CGPM,P20,1000,5.0,false,line_search_failed,0,10,199,9.8605993660e+07,0.004505500
STTDFPM,P20,1000,5.0,true,converged_projected,0,4,14,0.0000000000e+00,0.000481400
SOPP,P20,1000,1/k,true,converged_trial,0,516,1534,9.6348074002e-12,0.040248000
SDLP,P20,1000,1/k,true,converged_trial,0,37,147,5.6921908986e-12,0.003405400
MOPCGM,P20,1000,1/k,true,converged_trial,0,127,254,8.5857403432e-12,0.004802000
CGPM,P20,1000,1/k,true,converged_trial,0,119,580,8.3782104273e-12,0.010700000
STTDFPM,P20,1000,1/k,false,line_search_failed,0,3,24,2.6798081396e+00,0.000307400
SOPP,P20,1000,k/n,true,converged_trial,0,30,60,8.1627388611e-12,0.002178600
SDLP,P20,1000,k/n,true,converged_projected,0,42,171,6.9379535905e-12,0.003012300
MOPCGM,P20,1000,k/n,true,converged_trial,0,102,204,8.0450858740e-12,0.004551700
CGPM,P20,1000,k/n,true,converged_trial,0,111,550,9.2859554769e-12,0.010534000
STTDFPM,P20,1000,k/n,true,converged_trial,0,60,177,9.9648203929e-12,0.003242600
SOPP,P1,5000,0.4,true,converged_projected,0,49,99,8.3758714348e-12,0.007339100
SDLP,P1,5000,0.4,true,converged_projected,0,1,3,0.0000000000e+00,0.000109000
MOPCGM,P1,5000,0.4,true,converged_trial,0,272,544,9.9735843514e-12,0.038369000
CGPM,P1,5000,0.4,true,converged_trial,0,17,51,1.9618210766e-12,0.005122200
STTDFPM,P1,5000,0.4,true,converged_projected,0,7,22,7.6283693910e-12,0.001453600
SOPP,P1,5000,0.5,true,converged_trial,0,50,100,7.7518721753e-12,0.008058100
SDLP,P1,5000,0.5,true,converged_projected,0,1,3,0.0000000000e+00,0.000101800
MOPCGM,P1,5000,0.5,true,converged_trial,0,275,550,9.0124621865e-12,0.033316800
CGPM,P1,5000,0.5,true,converged_trial,0,17,51,2.3706489244e-12,0.004880600
STTDFPM,P1,5000,0.5,true,converged_trial,0,8,24,4.8524150250e-12,0.001852800
SOPP,P1,5000,0.6,true,converged_trial,0,50,100,9.1509771004e-12,0.008267600
SDLP,P1,5000,0.6,true,converged_projected,0,1,3,0.0000000000e+00,0.000126600
MOPCGM,P1,5000,0.6,true,converged_trial,0,276,552,9.6361563275e-12,0.038127600
CGPM,P1,5000,0.6,true,converged_trial,0,17,51,2.7317935995e-12,0.001816200
STTDFPM,P1,5000,0.6,true,converged_trial,0,8,24,5.6550526346e-12,0.000919300
SOPP,P1,5000,0.8,true,converged_projected,0,50,101,8.5552957772e-12,0.008538100
SDLP,P1,5000,0.8,true,converged_projected,0,1,3,0.0000000000e+00,0.000228800
MOPCGM,P1,5000,0.8,true,converged_trial,0,279,558,9.1388760222e-12,0.036149700
CGPM,P1,5000,0.8,true,converged_trial,0,17,51,3.2975021270e-12,0.003625800
STTDFPM,P1,5000,0.8,true,converged_projected,0,7,22,3.7697563357e-12,0.000785600
SOPP,P1,5000,1.0,true,converged_trial,0,51,102,7.5241094334e-12,0.006222500
SDLP,P1,5000,1.0,true,converged_projected,0,1,3,0.0000000000e+00,0.000114300
MOPCGM,P1,5000,1.0,true,converged_trial,0,280,560,9.9802871242e-12,0.033405500
CGPM,P1,5000,1.0,true,converged_trial,0,17,51,3.6482852706e-12,0.002387500
STTDFPM,P1,5000,1.0,true,converged_projected,0,1,4,0.0000000000e+00,0.000146500
SOPP,P1,5000,1.1,true,converged_trial,0,51,102,7.9487143153e-12,0.005543800
SDLP,P1,5000,1.1,true,converged_projected,0,1,3,0.0000000000e+00,0.000110800
MOPCGM,P1,5000,1.1,true,converged_trial,0,281,562,9.7193988286e-12,0.038701800
CGPM,P1,5000,1.1,true,converged_trial,0,17,51,3.7440373622e-12,0.001942000
STTDFPM,P1,5000,1.1,true,converged_projected,0,1,4,0.0000000000e+00,0.000768300
SOPP,P1,5000,2.0,true,converged_projected,0,50,101,8.7938791825e-12,0.005617000
SDLP,P1,5000,2.0,true,converged_projected,0,2,7,0.0000000000e+00,0.000266200
MOPCGM,P1,5000,2.0,true,converged_trial,0,285,570,9.7479148611e-12,0.032745000
CGPM,P1,5000,2.0,true,converged_trial,0,17,51,1.8628484486e-12,0.001835900
STTDFPM,P1,5000,2.0,true,converged_projected,0,1,4,0.0000000000e+00,0.000143300
SOPP,P1,5000,5.0,true,converged_projected,0,49,100,9.9812221951e-12,0.011595300
SDLP,P1,5000,5.0,true,converged_projected,0,1,4,0.0000000000e+00,0.000286600
MOPCGM,P1,5000,5.0,true,converged_trial,0,289,578,9.8205792879e-12,0.037127900
CGPM,P1,5000,5.0,true,converged_trial,0,16,49,6.8126177145e-12,0.002609200
STTDFPM,P1,5000,5.0,true,converged_projected,0,7,22,2.1383562964e-12,0.000823100
SOPP,P1,5000,1/k,true,converged_trial,0,44,88,9.7733016609e-12,0.004823400
SDLP,P1,5000,1/k,true,converged_projected,0,1,3,0.0000000000e+00,0.000102700
MOPCGM,P1,5000,1/k,true,converged_trial,0,243,486,9.2004524440e-12,0.030767000
CGPM,P1,5000,1/k,true,converged_trial,0,48,144,5.7656886265e-12,0.006071100
STTDFPM,P1,5000,1/k,true,converged_trial,0,28,84,7.8192290599e-12,0.003852000
SOPP,P1,5000,k/n,true,converged_trial,0,50,100,8.5565050719e-12,0.005535700
SDLP,P1,5000,k/n,true,converged_projected,0,1,3,0.0000000000e+00,0.000117700
MOPCGM,P1,5000,k/n,true,converged_trial,0,276,552,9.0860529896e-12,0.033252200
CGPM,P1,5000,k/n,true,converged_trial,0,50,150,9.5003124559e-12,0.009337200
STTDFPM,P1,5000,k/n,true,converged_trial,0,34,102,8.9847350728e-12,0.003621100
SOPP,P2,5000,0.4,true,converged_projected,0,49,99,9.7640206018e-12,0.007748900
SDLP,P2,5000,0.4,true,converged_projected,0,2,6,0.0000000000e+00,0.000289600
MOPCGM,P2,5000,0.4,true,converged_trial,0,275,550,9.1989010193e-12,0.039379700
CGPM,P2,5000,0.4,true,converged_trial,0,16,47,6.3419052898e-12,0.002183800
STTDFPM,P2,5000,0.4,true,converged_projected,0,1,3,0.0000000000e+00,0.000140300
SOPP,P2,5000,0.5,true,converged_trial,0,50,100,9.3715778965e-12,0.007350800
SDLP,P2,5000,0.5,true,converged_projected,0,2,6,0.0000000000e+00,0.000277100
MOPCGM,P2,5000,0.5,true,converged_trial,0,277,554,9.8111152779e-12,0.197461900
CGPM,P2,5000,0.5,true,converged_trial,0,17,50,1.6482689032e-12,0.004015500
STTDFPM,P2,5000,0.5,true,converged_projected,0,1,3,0.0000000000e+00,0.000247600
SOPP,P2,5000,0.6,true,converged_projected,0,50,101,8.4140136773e-12,0.021822600
SDLP,P2,5000,0.6,true,converged_projected,0,2,6,0.0000000000e+00,0.000706900
MOPCGM,P2,5000,0.6,true,converged_trial,0,280,560,9.0262251432e-12,0.068846700
CGPM,P2,5000,0.6,true,converged_trial,0,17,50,2.4645533965e-12,0.003970800
STTDFPM,P2,5000,0.6,true,converged_projected,0,1,3,0.0000000000e+00,0.000260800
SOPP,P2,5000,0.8,true,converged_trial,0,51,102,8.7279678172e-12,0.011872400
SDLP,P2,5000,0.8,true,converged_projected,0,2,6,0.0000000000e+00,0.000551000
MOPCGM,P2,5000,0.8,true,converged_trial,0,283,566,9.7012311204e-12,0.055137600
CGPM,P2,5000,0.8,true,converged_trial,0,17,50,4.8663126723e-12,0.004066700
STTDFPM,P2,5000,0.8,true,converged_projected,0,1,3,0.0000000000e+00,0.000237900
SOPP,P2,5000,1.0,true,converged_projected,0,51,103,8.2727327219e-12,0.018295300
SDLP,P2,5000,1.0,true,converged_projected,0,2,6,0.0000000000e+00,0.000310000
MOPCGM,P2,5000,1.0,true,converged_trial,0,286,572,9.7483252766e-12,0.044146200
CGPM,P2,5000,1.0,true,converged_trial,0,17,50,8.6023850814e-12,0.002496500
STTDFPM,P2,5000,1.0,true,converged_projected,0,1,3,0.0000000000e+00,0.000149700
SOPP,P2,5000,1.1,true,converged_projected,0,51,103,9.2616915352e-12,0.016383900
SDLP,P2,5000,1.1,true,converged_projected,0,2,6,0.0000000000e+00,0.000481400
MOPCGM,P2,5000,1.1,true,converged_trial,0,288,576,9.1047144538e-12,0.041446600
CGPM,P2,5000,1.1,true,converged_trial,0,18,53,1.7738485789e-12,0.002334100
STTDFPM,P2,5000,1.1,true,converged_projected,0,1,3,0.0000000000e+00,0.000141400
SOPP,P2,5000,2.0,true,converged_trial,0,53,106,7.9901735037e-12,0.014298500
SDLP,P2,5000,2.0,true,converged_projected,0,2,5,0.0000000000e+00,0.000412500
MOPCGM,P2,5000,2.0,true,converged_trial,0,297,594,9.7012311585e-12,0.036679000
CGPM,P2,5000,2.0,true,converged_trial,0,15,43,6.9070240962e-12,0.002049800
STTDFPM,P2,5000,2.0,true,converged_projected,0,2,6,0.0000000000e+00,0.000279500
SOPP,P2,5000,5.0,true,converged_trial,0,55,110,9.9210009312e-12,0.007288600
SDLP,P2,5000,5.0,true,converged_projected,0,3,7,0.0000000000e+00,0.000373900
MOPCGM,P2,5000,5.0,true,converged_trial,0,318,636,9.0576214101e-12,0.038225800
CGPM,P2,5000,5.0,true,converged_trial,0,19,54,1.6639649557e-12,0.003329500
STTDFPM,P2,5000,5.0,true,converged_projected,0,2,7,0.0000000000e+00,0.001128600
SOPP,P2,5000,1/k,true,converged_projected,0,44,89,9.5205403065e-12,0.005544600
SDLP,P2,5000,1/k,true,converged_projected,0,2,6,0.0000000000e+00,0.000255500
MOPCGM,P2,5000,1/k,true,converged_trial,0,247,494,9.5798710717e-12,0.029820400
CGPM,P2,5000,1/k,true,converged_trial,0,45,134,9.2430539467e-12,0.006522500
STTDFPM,P2,5000,1/k,true,converged_trial,0,45,134,6.8245768888e-12,0.007205400
SOPP,P2,5000,k/n,true,converged_projected,0,50,101,8.3569669086e-12,0.009431100
SDLP,P2,5000,k/n,true,converged_projected,0,2,6,0.0000000000e+00,0.000522000
MOPCGM,P2,5000,k/n,true,converged_trial,0,280,560,9.4166235719e-12,0.034981100
CGPM,P2,5000,k/n,true,converged_trial,0,54,161,4.6821382055e-12,0.007914400
STTDFPM,P2,5000,k/n,true,converged_trial,0,54,161,9.7846815522e-12,0.008015000
SOPP,P3,5000,0.4,true,converged_trial,0,49,98,8.9338260899e-12,0.005160900
SDLP,P3,5000,0.4,true,converged_projected,0,1,3,0.0000000000e+00,0.000104100
MOPCGM,P3,5000,0.4,true,converged_trial,0,271,542,9.0751344112e-12,0.028752400
CGPM,P3,5000,0.4,true,converged_trial,0,16,48,5.8721457955e-12,0.001616200
STTDFPM,P3,5000,0.4,true,converged_projected,0,1,4,0.0000000000e+00,0.000120400
SOPP,P3,5000,0.5,true,converged_projected,0,49,99,7.3637336312e-12,0.006322100
SDLP,P3,5000,0.5,true,converged_projected,0,1,3,0.0000000000e+00,0.000115800
MOPCGM,P3,5000,0.5,true,converged_trial,0,272,544,9.6874704701e-12,0.032785400
CGPM,P3,5000,0.5,true,converged_trial,0,16,48,6.0605568905e-12,0.001924000
STTDFPM,P3,5000,0.5,true,converged_projected,0,1,4,0.0000000000e+00,0.000132600
SOPP,P3,5000,0.6,true,converged_projected,0,49,99,7.6934530476e-12,0.006356300
SDLP,P3,5000,0.6,true,converged_projected,0,1,3,0.0000000000e+00,0.000107700
MOPCGM,P3,5000,0.6,true,converged_trial,0,273,546,9.9386852635e-12,0.028123500
CGPM,P3,5000,0.6,true,converged_trial,0,16,48,5.9506504184e-12,0.001748200
STTDFPM,P3,5000,0.6,true,converged_projected,0,1,4,0.0000000000e+00,0.000123400
SOPP,P3,5000,0.8,true,converged_trial,0,49,98,9.1379381095e-12,0.005588200
SDLP,P3,5000,0.8,true,converged_projected,0,2,7,0.0000000000e+00,0.000968300
MOPCGM,P3,5000,0.8,true,converged_trial,0,275,550,9.7188723193e-12,0.032979500
CGPM,P3,5000,0.8,true,converged_trial,0,16,48,4.2392496384e-12,0.001727800
STTDFPM,P3,5000,0.8,true,converged_projected,0,1,4,0.0000000000e+00,0.000125500
SOPP,P3,5000,1.0,true,converged_projected,0,47,95,9.7816760176e-12,0.006609500
SDLP,P3,5000,1.0,true,converged_projected,0,2,7,0.0000000000e+00,0.000236900
MOPCGM,P3,5000,1.0,true,converged_trial,0,276,552,9.9229843389e-12,0.028406000
CGPM,P3,5000,1.0,true,converged_trial,0,17,53,6.8142012707e-12,0.002115900
STTDFPM,P3,5000,1.0,true,converged_projected,0,1,4,0.0000000000e+00,0.000124700
SOPP,P3,5000,1.1,true,converged_projected,0,1,3,0.0000000000e+00,0.000101600
SDLP,P3,5000,1.1,true,converged_projected,0,2,7,0.0000000000e+00,0.000238800
MOPCGM,P3,5000,1.1,true,converged_trial,0,277,554,9.3577510538e-12,0.028906000
CGPM,P3,5000,1.1,true,converged_trial,0,17,53,6.8142012707e-12,0.002094600
STTDFPM,P3,5000,1.1,true,converged_projected,0,1,4,0.0000000000e+00,0.000126900
SOPP,P3,5000,2.0,true,converged_trial,0,50,103,9.2321436571e-12,0.012107600
SDLP,P3,5000,2.0,true,converged_projected,0,4,15,0.0000000000e+00,0.000497100
MOPCGM,P3,5000,2.0,true,converged_trial,0,279,558,9.2478445816e-12,0.028427300
CGPM,P3,5000,2.0,true,converged_trial,0,17,54,6.9555095920e-12,0.002452100
STTDFPM,P3,5000,2.0,true,converged_projected,0,1,5,0.0000000000e+00,0.000147600
SOPP,P3,5000,5.0,true,converged_trial,0,52,117,8.9966297883e-12,0.006271300
SDLP,P3,5000,5.0,true,converged_projected,0,4,18,0.0000000000e+00,0.000588400
MOPCGM,P3,5000,5.0,true,converged_trial,0,271,553,9.5461621488e-12,0.178929100
CGPM,P3,5000,5.0,true,converged_trial,0,17,58,6.9869114411e-12,0.003349500
STTDFPM,P3,5000,5.0,true,converged_projected,0,1,8,0.0000000000e+00,0.000421500
SOPP,P3,5000,1/k,true,converged_projected,0,45,91,9.0057552478e-12,0.009921900
SDLP,P3,5000,1/k,true,converged_projected,0,16,48,9.2188110959e-12,0.003752100
MOPCGM,P3,5000,1/k,true,converged_trial,0,240,480,9.3082800993e-12,0.054813800
CGPM,P3,5000,1/k,true,converged_trial,0,40,122,4.6267914444e-12,0.009175100
STTDFPM,P3,5000,1/k,true,converged_trial,0,51,152,7.6814718177e-12,0.016528400
SOPP,P3,5000,k/n,true,converged_projected,0,50,101,8.7474683051e-12,0.005578800
SDLP,P3,5000,k/n,true,converged_trial,0,20,60,4.8450142818e-12,0.002964900
MOPCGM,P3,5000,k/n,true,converged_trial,0,272,544,9.9199842262e-12,0.043511400
CGPM,P3,5000,k/n,true,converged_trial,0,56,171,5.2937375528e-12,0.011831800
STTDFPM,P3,5000,k/n,true,converged_trial,0,58,173,6.7239496485e-12,0.013087500
SOPP,P4,5000,0.4,true,converged_trial,0,30,62,7.7193202952e-12,0.008405700
SDLP,P4,5000,0.4,true,converged_projected,0,1,4,0.0000000000e+00,0.000095400
MOPCGM,P4,5000,0.4,true,converged_trial,0,84,168,8.8084452585e-12,0.006221300
CGPM,P4,5000,0.4,true,converged_trial,0,49,245,9.8482730852e-12,0.012451900
STTDFPM,P4,5000,0.4,true,converged_projected,0,1,5,0.0000000000e+00,0.000261600
SOPP,P4,5000,0.5,true,converged_trial,0,62,132,9.6539169147e-12,0.012955600
SDLP,P4,5000,0.5,true,converged_projected,0,1,4,0.0000000000e+00,0.000108000
MOPCGM,P4,5000,0.5,true,converged_trial,0,85,170,7.8367855934e-12,0.006322300
CGPM,P4,5000,0.5,true,converged_trial,0,50,250,7.8279908587e-12,0.011365900
STTDFPM,P4,5000,0.5,true,converged_projected,0,1,5,0.0000000000e+00,0.000114300
SOPP,P4,5000,0.6,true,converged_trial,0,124,269,7.8365913141e-12,0.011933500
SDLP,P4,5000,0.6,true,converged_projected,0,1,4,0.0000000000e+00,0.000131500
MOPCGM,P4,5000,0.6,true,converged_trial,0,85,170,9.5639843242e-12,0.007285600
CGPM,P4,5000,0.6,true,converged_trial,0,63,315,9.9617296607e-12,0.010063700
STTDFPM,P4,5000,0.6,true,converged_projected,0,1,5,0.0000000000e+00,0.000131300
SOPP,P4,5000,0.8,true,converged_trial,0,210,561,9.6840766987e-12,0.026009700
SDLP,P4,5000,0.8,true,converged_projected,0,1,4,0.0000000000e+00,0.000092800
MOPCGM,P4,5000,0.8,true,converged_trial,0,86,172,9.2389731712e-12,0.008127000
CGPM,P4,5000,0.8,true,converged_trial,0,44,218,5.5898325303e-12,0.005825500
STTDFPM,P4,5000,0.8,true,converged_projected,0,1,5,0.0000000000e+00,0.000119300
SOPP,P4,5000,1.0,true,converged_trial,0,213,565,8.2982931678e-12,0.025530500
SDLP,P4,5000,1.0,true,converged_projected,0,8,32,1.0593805193e-12,0.000833300
MOPCGM,P4,5000,1.0,true,converged_trial,0,87,174,8.3762073085e-12,0.006752300
CGPM,P4,5000,1.0,true,converged_trial,0,42,209,2.5537824919e-12,0.006750700
STTDFPM,P4,5000,1.0,true,converged_projected,0,1,5,0.0000000000e+00,0.000128600
SOPP,P4,5000,1.1,true,converged_trial,0,211,557,9.8776274802e-12,0.022660600
SDLP,P4,5000,1.1,true,converged_projected,0,8,32,3.3230092738e-12,0.000809900
MOPCGM,P4,5000,1.1,true,converged_trial,0,87,174,9.3817555158e-12,0.008024900
CGPM,P4,5000,1.1,true,converged_trial,0,49,244,5.4018588606e-12,0.006877700
STTDFPM,P4,5000,1.1,true,converged_projected,0,1,5,0.0000000000e+00,0.000104600
SOPP,P4,5000,2.0,true,converged_trial,0,98,234,8.0278326150e-12,0.010149800
SDLP,P4,5000,2.0,true,converged_projected,0,5,20,0.0000000000e+00,0.001389600
MOPCGM,P4,5000,2.0,true,converged_trial,0,90,180,7.6596412622e-12,0.007324300
CGPM,P4,5000,2.0,true,converged_trial,0,46,229,7.0904221982e-12,0.006442800
STTDFPM,P4,5000,2.0,true,converged_projected,0,14,44,0.0000000000e+00,0.001342000
SOPP,P4,5000,5.0,false,maxiter,5,2000,49701,8.6144942630e+06,1.642875500
SDLP,P4,5000,5.0,false,maxiter,1,2000,4001,1.7945035940e+103,0.181402100
MOPCGM,P4,5000,5.0,true,converged_trial,0,102,204,9.8238267703e-12,0.008590400
CGPM,P4,5000,5.0,false,line_search_failed,0,57,985,9.0948218305e+07,0.028502700
STTDFPM,P4,5000,5.0,true,converged_projected,0,28,83,4.9143459701e-12,0.002421700
SOPP,P4,5000,1/k,true,converged_trial,0,107,259,7.1234408648e-12,0.012499600
SDLP,P4,5000,1/k,true,converged_trial,0,47,188,7.9781138561e-12,0.006456400
MOPCGM,P4,5000,1/k,true,converged_trial,0,90,180,7.8115163100e-12,0.007993800
CGPM,P4,5000,1/k,true,converged_trial,0,62,309,5.2965897971e-12,0.007964700
STTDFPM,P4,5000,1/k,true,converged_projected,0,14,44,0.0000000000e+00,0.001908700
SOPP,P4,5000,k/n,true,converged_trial,0,602,1807,9.9061540320e-12,0.073224300
SDLP,P4,5000,k/n,true,converged_trial,0,34,135,4.3012757027e-12,0.004348500
MOPCGM,P4,5000,k/n,true,converged_trial,0,96,192,8.4690179216e-12,0.009317600
CGPM,P4,5000,k/n,true,converged_trial,0,86,430,7.6888526718e-12,0.012106500
STTDFPM,P4,5000,k/n,true,converged_projected,0,4,14,8.7163606586e-13,0.000429000
SOPP,P5,5000,0.4,true,converged_projected,0,52,105,8.2272594099e-12,0.015566400
SDLP,P5,5000,0.4,true,converged_trial,0,21,63,5.8399245707e-12,0.006156500
MOPCGM,P5,5000,0.4,true,converged_trial,0,289,578,9.7660256589e-12,0.213024300
CGPM,P5,5000,0.4,true,converged_trial,0,40,120,5.2264360830e-12,0.012926100
STTDFPM,P5,5000,0.4,true,converged_trial,0,8,24,7.3794471433e-12,0.006685700
SOPP,P5,5000,0.5,true,converged_projected,0,52,105,7.9446678409e-12,0.008811000
SDLP,P5,5000,0.5,true,converged_trial,0,21,63,5.9284525338e-12,0.004896100
MOPCGM,P5,5000,0.5,true,converged_trial,0,289,578,9.3891782344e-12,0.061615700
CGPM,P5,5000,0.5,true,converged_trial,0,40,120,4.9555160579e-12,0.011613300
STTDFPM,P5,5000,0.5,true,converged_trial,0,8,24,7.0340393924e-12,0.002585900
SOPP,P5,5000,0.6,true,converged_projected,0,52,105,7.5678456509e-12,0.014781200
SDLP,P5,5000,0.6,true,converged_projected,0,20,61,7.8580930777e-12,0.010249700
MOPCGM,P5,5000,0.6,true,converged_trial,0,288,576,9.9544240485e-12,0.063404300
CGPM,P5,5000,0.6,true,converged_trial,0,40,120,4.7107960223e-12,0.009135000
STTDFPM,P5,5000,0.6,true,converged_trial,0,8,24,6.7200209033e-12,0.001788800
SOPP,P5,5000,0.8,true,converged_trial,0,52,104,9.3263492046e-12,0.012273300
SDLP,P5,5000,0.8,true,converged_projected,0,20,61,3.2657488343e-12,0.007224900
MOPCGM,P5,5000,0.8,true,converged_trial,0,288,576,9.0123687670e-12,0.054225200
CGPM,P5,5000,0.8,true,converged_trial,0,40,120,4.2013608850e-12,0.008727900
STTDFPM,P5,5000,0.8,true,converged_trial,0,8,24,6.0919839259e-12,0.001765100
SOPP,P5,5000,1.0,true,converged_trial,0,52,104,8.3528918802e-12,0.019095300
SDLP,P5,5000,1.0,true,converged_projected,0,20,61,2.8003858524e-12,0.006843400
MOPCGM,P5,5000,1.0,true,converged_trial,0,286,572,9.9544115076e-12,0.051115300
CGPM,P5,5000,1.0,true,converged_trial,0,38,114,9.8252235594e-12,0.009002600
STTDFPM,P5,5000,1.0,true,converged_trial,0,8,24,5.4325199070e-12,0.001834100
SOPP,P5,5000,1.1,true,converged_trial,0,52,104,7.8504874651e-12,0.010180500
SDLP,P5,5000,1.1,true,converged_projected,0,20,61,2.7046090214e-12,0.005170700
MOPCGM,P5,5000,1.1,true,converged_trial,0,286,572,9.3891782344e-12,0.050496400
CGPM,P5,5000,1.1,true,converged_trial,0,38,114,9.1356872370e-12,0.009869000
STTDFPM,P5,5000,1.1,true,converged_trial,0,8,24,5.1185140146e-12,0.001727500
SOPP,P5,5000,2.0,true,converged_projected,0,50,101,8.4470723529e-12,0.009405700
SDLP,P5,5000,2.0,true,converged_projected,0,19,58,4.2836257724e-12,0.004877800
MOPCGM,P5,5000,2.0,true,converged_trial,0,278,556,9.7031967194e-12,0.048225200
CGPM,P5,5000,2.0,true,converged_trial,0,36,108,9.7446539336e-12,0.009114100
STTDFPM,P5,5000,2.0,true,converged_projected,0,7,22,5.0556726734e-12,0.001601200
SOPP,P5,5000,5.0,true,converged_projected,0,52,105,8.1330789360e-12,0.009280400
SDLP,P5,5000,5.0,true,converged_trial,0,20,60,6.7048930985e-12,0.005161900
MOPCGM,P5,5000,5.0,true,converged_trial,0,289,578,9.6089789210e-12,0.051720200
CGPM,P5,5000,5.0,true,converged_trial,0,36,108,9.0208251880e-12,0.012426000
STTDFPM,P5,5000,5.0,true,converged_trial,0,8,24,7.2538271591e-12,0.002616600
SOPP,P5,5000,1/k,true,converged_projected,0,52,105,9.6682854231e-12,0.011771200
SDLP,P5,5000,1/k,true,converged_trial,0,20,60,9.1417703603e-12,0.004599300
MOPCGM,P5,5000,1/k,true,converged_trial,0,291,582,9.2877277064e-12,0.052927800
CGPM,P5,5000,1/k,true,converged_trial,0,36,108,7.8691443245e-12,0.008520300
STTDFPM,P5,5000,1/k,true,converged_trial,0,8,24,8.6257939493e-12,0.002376600
SOPP,P5,5000,k/n,true,converged_projected,0,52,105,7.9629707298e-12,0.009989100
SDLP,P5,5000,k/n,true,converged_projected,0,19,58,3.5821144645e-12,0.004850500
MOPCGM,P5,5000,k/n,true,converged_trial,0,289,578,9.4444102596e-12,0.055951000
CGPM,P5,5000,k/n,true,converged_trial,0,40,120,6.8864428499e-12,0.009719600
STTDFPM,P5,5000,k/n,true,converged_trial,0,8,24,7.1041123433e-12,0.001816300
SOPP,P6,5000,0.4,true,converged_trial,0,31,62,9.6717695455e-12,0.004584700
SDLP,P6,5000,0.4,true,converged_projected,0,15,60,3.6112126550e-12,0.002347000
MOPCGM,P6,5000,0.4,true,converged_trial,0,136,272,8.2272844835e-12,0.016387300
CGPM,P6,5000,0.4,true,converged_trial,0,11,44,1.3895318259e-12,0.001697000
STTDFPM,P6,5000,0.4,true,converged_trial,0,12,36,8.6198075982e-12,0.002715400
SOPP,P6,5000,0.5,true,converged_trial,0,28,56,9.6403676963e-12,0.003309400
SDLP,P6,5000,0.5,true,converged_projected,0,13,52,8.1801817097e-12,0.003265500
MOPCGM,P6,5000,0.5,true,converged_trial,0,124,248,9.9465357258e-12,0.014471100
CGPM,P6,5000,0.5,true,converged_trial,0,10,40,2.7005590289e-12,0.001492300
STTDFPM,P6,5000,0.5,true,converged_projected,0,11,34,2.2609331405e-12,0.001429300
SOPP,P6,5000,0.6,true,converged_trial,0,30,60,7.2852290083e-12,0.003861700
SDLP,P6,5000,0.6,true,converged_projected,0,13,52,6.9869114411e-12,0.002163800
MOPCGM,P6,5000,0.6,true,converged_trial,0,135,270,8.3842937294e-12,0.014207400
CGPM,P6,5000,0.6,true,converged_trial,0,11,44,1.3816813636e-12,0.001925500
STTDFPM,P6,5000,0.6,true,converged_trial,0,12,36,7.7248548967e-12,0.002179400
SOPP,P6,5000,0.8,true,converged_trial,0,31,62,8.7297140703e-12,0.003984600
SDLP,P6,5000,0.8,true,converged_trial,0,16,63,4.7416792252e-12,0.002447700
MOPCGM,P6,5000,0.8,true,converged_trial,0,141,282,8.1487798606e-12,0.021104200
CGPM,P6,5000,0.8,true,converged_trial,0,11,44,5.5581273037e-12,0.001658900
STTDFPM,P6,5000,0.8,true,converged_projected,0,12,37,4.3334551860e-12,0.001565700
SOPP,P6,5000,1.0,true,converged_trial,0,33,66,8.5099011261e-12,0.004123200
SDLP,P6,5000,1.0,true,converged_projected,0,16,64,5.5895291529e-12,0.002902600
MOPCGM,P6,5000,1.0,true,converged_trial,0,143,286,9.4990593750e-12,0.014605600
CGPM,P6,5000,1.0,true,converged_trial,0,12,48,6.9084068182e-13,0.002205800
STTDFPM,P6,5000,1.0,true,converged_projected,0,12,37,7.2538271591e-12,0.001373400
SOPP,P6,5000,1.1,true,converged_projected,0,33,67,8.6041066736e-12,0.004779100
SDLP,P6,5000,1.1,true,converged_projected,0,16,64,8.2586863327e-12,0.003168500
MOPCGM,P6,5000,1.1,true,converged_trial,0,144,288,9.5147602996e-12,0.015035900
CGPM,P6,5000,1.1,true,converged_trial,0,12,48,9.4205547521e-13,0.002513600
STTDFPM,P6,5000,1.1,true,converged_projected,0,12,37,8.6983122211e-12,0.001428200
SOPP,P6,5000,2.0,true,converged_trial,0,36,72,7.8190604442e-12,0.004237700
SDLP,P6,5000,2.0,true,converged_trial,0,19,74,4.8044829236e-12,0.005200100
MOPCGM,P6,5000,2.0,true,converged_trial,0,150,300,9.1536390341e-12,0.016500600
CGPM,P6,5000,2.0,true,converged_trial,0,12,47,1.7271017046e-12,0.001731800
STTDFPM,P6,5000,2.0,true,converged_trial,0,13,39,8.7925177686e-12,0.002182100
SOPP,P6,5000,5.0,true,converged_trial,0,37,74,7.3166308575e-12,0.004271400
SDLP,P6,5000,5.0,true,converged_projected,0,18,70,7.5835465754e-12,0.002850900
MOPCGM,P6,5000,5.0,true,converged_trial,0,163,326,9.4205547521e-12,0.017797000
CGPM,P6,5000,5.0,true,converged_trial,0,13,50,3.3442969370e-12,0.002015100
STTDFPM,P6,5000,5.0,true,converged_trial,0,13,39,4.4904644318e-12,0.024740200
SOPP,P6,5000,1/k,true,converged_trial,0,112,224,8.4527148012e-12,0.146857400
SDLP,P6,5000,1/k,true,converged_projected,0,33,145,6.7433013057e-12,0.009138400
MOPCGM,P6,5000,1/k,true,converged_trial,0,143,286,8.4328106782e-12,0.024860500
CGPM,P6,5000,1/k,true,converged_trial,0,38,220,9.1420145079e-12,0.007597100
STTDFPM,P6,5000,1/k,true,converged_trial,0,63,190,7.9966321874e-12,0.012450200
SOPP,P6,5000,k/n,true,converged_trial,0,82,164,8.2578710809e-12,0.019148800
SDLP,P6,5000,k/n,true,converged_projected,0,26,111,5.4928461667e-12,0.004310400
MOPCGM,P6,5000,k/n,true,converged_trial,0,140,280,9.5591255631e-12,0.021645600
CGPM,P6,5000,k/n,true,converged_trial,0,39,214,4.7152147389e-12,0.024053600
STTDFPM,P6,5000,k/n,true,converged_trial,0,65,197,8.7086184904e-12,0.015607600
SOPP,P8,5000,0.4,true,converged_trial,0,588,1629,9.3908505662e-12,0.084677300
SDLP,P8,5000,0.4,true,converged_trial,0,27,132,7.0007424255e-12,0.002600100
MOPCGM,P8,5000,0.4,true,converged_trial,0,135,270,8.9866122028e-12,0.009081400
CGPM,P8,5000,0.4,true,converged_trial,0,45,269,9.4827279353e-12,0.005498800
STTDFPM,P8,5000,0.4,true,converged_trial,0,71,231,6.2365730916e-12,0.006028800
SOPP,P8,5000,0.5,true,converged_trial,0,636,1711,9.9572419209e-12,0.058156400
SDLP,P8,5000,0.5,true,converged_projected,0,25,116,8.0627627754e-12,0.002736600
MOPCGM,P8,5000,0.5,true,converged_trial,0,134,268,9.9081581200e-12,0.009090200
CGPM,P8,5000,0.5,true,converged_trial,0,47,281,7.2830861370e-12,0.004724100
STTDFPM,P8,5000,0.5,true,converged_trial,0,64,211,6.7368714502e-12,0.005066900
SOPP,P8,5000,0.6,true,converged_trial,0,524,1331,9.6853151066e-12,0.049057200
SDLP,P8,5000,0.6,true,converged_projected,0,21,106,6.7958090430e-12,0.002040100
MOPCGM,P8,5000,0.6,true,converged_trial,0,136,272,8.6810006276e-12,0.009417700
CGPM,P8,5000,0.6,true,converged_trial,0,56,335,5.2890719115e-12,0.012132100
STTDFPM,P8,5000,0.6,true,converged_trial,0,61,197,5.5880405666e-12,0.006874200
SOPP,P8,5000,0.8,true,converged_trial,0,613,1601,9.6790543066e-12,0.061041900
SDLP,P8,5000,0.8,true,converged_projected,0,22,106,9.1591149681e-12,0.002508300
MOPCGM,P8,5000,0.8,true,converged_trial,0,128,256,8.9426345116e-12,0.008800800
CGPM,P8,5000,0.8,true,converged_trial,0,49,294,5.8595903126e-12,0.005654900
STTDFPM,P8,5000,0.8,true,converged_trial,0,60,192,6.3648764369e-12,0.005455000
SOPP,P8,5000,1.0,true,converged_trial,0,647,1657,9.8953310132e-12,0.062072200
SDLP,P8,5000,1.0,true,converged_trial,0,25,124,3.3173777144e-12,0.002405700
MOPCGM,P8,5000,1.0,true,converged_trial,0,90,180,9.4535400862e-12,0.006352300
CGPM,P8,5000,1.0,true,converged_trial,0,52,314,7.1154307676e-12,0.165862000
STTDFPM,P8,5000,1.0,true,converged_trial,0,56,179,5.3702136812e-12,0.006161700
SOPP,P8,5000,1.1,true,converged_trial,0,533,1335,9.9161743482e-12,0.090505100
SDLP,P8,5000,1.1,true,converged_projected,0,28,134,9.4672673446e-12,0.002750000
MOPCGM,P8,5000,1.1,true,converged_trial,0,134,268,9.6011151467e-12,0.014089300
CGPM,P8,5000,1.1,true,converged_trial,0,53,320,5.0391365553e-12,0.015131400
STTDFPM,P8,5000,1.1,true,converged_trial,0,77,246,7.3402993370e-12,0.006193100
SOPP,P8,5000,2.0,true,converged_trial,0,737,1705,9.8741744587e-12,0.105099800
SDLP,P8,5000,2.0,true,converged_trial,0,27,130,5.7138378040e-12,0.002820300
MOPCGM,P8,5000,2.0,true,converged_trial,0,137,282,8.5832106441e-12,0.009907600
CGPM,P8,5000,2.0,true,converged_trial,0,51,312,8.6607462802e-12,0.007402200
STTDFPM,P8,5000,2.0,true,converged_trial,0,83,268,6.5321199888e-12,0.006988400
SOPP,P8,5000,5.0,true,converged_trial,0,646,1674,9.6733273787e-12,0.062313100
SDLP,P8,5000,5.0,true,converged_projected,0,27,137,2.7723940389e-12,0.003583300
MOPCGM,P8,5000,5.0,true,converged_trial,0,224,1987,8.4472387779e-12,0.034315600
CGPM,P8,5000,5.0,true,converged_trial,0,55,341,5.1943410314e-12,0.006105500
STTDFPM,P8,5000,5.0,true,converged_trial,0,67,225,3.8442486613e-12,0.006074200
SOPP,P8,5000,1/k,true,converged_trial,0,579,1964,9.6548372427e-12,0.068543200
SDLP,P8,5000,1/k,true,converged_projected,0,29,147,9.8455539230e-12,0.003294800
MOPCGM,P8,5000,1/k,true,converged_trial,0,136,272,8.9219276666e-12,0.011248600
CGPM,P8,5000,1/k,true,converged_trial,0,48,292,5.8440951798e-12,0.006468700
STTDFPM,P8,5000,1/k,true,converged_trial,0,70,220,7.5369185443e-12,0.005507800
SOPP,P8,5000,k/n,true,converged_trial,0,506,1608,9.9576709148e-12,0.049398700
SDLP,P8,5000,k/n,true,converged_trial,0,28,129,3.5696879367e-12,0.002928800
MOPCGM,P8,5000,k/n,true,converged_trial,0,136,272,8.5170529199e-12,0.010181800
CGPM,P8,5000,k/n,true,converged_trial,0,60,364,8.1057652151e-12,0.007480300
STTDFPM,P8,5000,k/n,true,converged_trial,0,75,237,7.5888574292e-12,0.006786300
SOPP,P10,5000,0.4,true,converged_trial,0,34,68,9.8915824897e-12,0.002883900
SDLP,P10,5000,0.4,true,converged_trial,0,22,85,9.5461621488e-12,0.001780700
MOPCGM,P10,5000,0.4,true,converged_trial,0,146,292,9.7659750930e-12,0.010837900
CGPM,P10,5000,0.4,true,converged_trial,0,30,144,6.8613040444e-12,0.002933700
STTDFPM,P10,5000,0.4,true,converged_projected,0,14,41,7.5521447263e-12,0.001466800
SOPP,P10,5000,0.5,true,converged_trial,0,32,64,7.5364438017e-12,0.001978000
SDLP,P10,5000,0.5,true,converged_trial,0,24,93,4.3805579597e-12,0.002705700
MOPCGM,P10,5000,0.5,true,converged_trial,0,145,290,8.6826112965e-12,0.011087200
CGPM,P10,5000,0.5,true,converged_trial,0,27,129,7.8661632180e-12,0.002123600
STTDFPM,P10,5000,0.5,true,converged_projected,0,13,41,5.6680337758e-12,0.023075400
SOPP,P10,5000,0.6,true,converged_projected,0,33,67,6.4844818544e-12,0.136427800
SDLP,P10,5000,0.6,true,converged_trial,0,25,97,4.0665394680e-12,0.001834400
MOPCGM,P10,5000,0.6,true,converged_trial,0,144,288,8.1801817097e-12,0.018744700
CGPM,P10,5000,0.6,true,converged_trial,0,31,150,5.4011180579e-12,0.010650600
STTDFPM,P10,5000,0.6,true,converged_projected,0,13,40,2.6063534814e-12,0.000767600
SOPP,P10,5000,0.8,true,converged_trial,0,34,68,9.6403676963e-12,0.002178500
SDLP,P10,5000,0.8,true,converged_trial,0,24,94,4.9614921694e-12,0.001872500
MOPCGM,P10,5000,0.8,true,converged_trial,0,141,282,9.7031713947e-12,0.015705800
CGPM,P10,5000,0.8,true,converged_trial,0,31,151,5.9192485692e-12,0.009185300
STTDFPM,P10,5000,0.8,true,converged_trial,0,14,41,8.9495270145e-12,0.001019500
SOPP,P10,5000,1.0,true,converged_projected,0,34,69,6.4844818544e-12,0.002333600
SDLP,P10,5000,1.0,true,converged_trial,0,20,79,8.4313965031e-12,0.001583800
MOPCGM,P10,5000,1.0,true,converged_trial,0,139,278,9.6403676963e-12,0.024429100
CGPM,P10,5000,1.0,true,converged_trial,0,29,141,7.1753225362e-12,0.002299400
STTDFPM,P10,5000,1.0,true,converged_projected,0,12,38,8.4156955785e-12,0.000787500
SOPP,P10,5000,1.1,true,converged_projected,0,34,69,6.0448559659e-12,0.002635300
SDLP,P10,5000,1.1,true,converged_projected,0,22,88,8.2272844835e-12,0.001880200
MOPCGM,P10,5000,1.1,true,converged_trial,0,138,276,9.6403676963e-12,0.024332200
CGPM,P10,5000,1.1,true,converged_trial,0,27,131,9.2007418079e-12,0.002178300
STTDFPM,P10,5000,1.1,true,converged_projected,0,11,35,9.6717695455e-12,0.000739800
SOPP,P10,5000,2.0,true,converged_trial,0,28,57,7.3637336312e-12,0.002111400
SDLP,P10,5000,2.0,true,converged_trial,0,17,68,5.7308374742e-12,0.001741700
MOPCGM,P10,5000,2.0,true,converged_trial,0,112,224,8.6826112965e-12,0.017085500
CGPM,P10,5000,2.0,true,converged_trial,0,27,134,5.3383143595e-12,0.015394300
STTDFPM,P10,5000,2.0,true,converged_trial,0,11,34,4.1921468647e-12,0.002085800
SOPP,P10,5000,5.0,true,converged_trial,8,41,82,7.7405558213e-12,0.007335400
SDLP,P10,5000,5.0,true,converged_trial,0,28,101,4.0037357696e-12,0.005960300
MOPCGM,P10,5000,5.0,true,converged_trial,0,135,270,9.1693399587e-12,0.018553700
CGPM,P10,5000,5.0,true,converged_trial,0,30,132,5.0870995661e-12,0.002581900
STTDFPM,P10,5000,5.0,false,maxiter,0,2000,4001,1.8058926110e+00,0.134689700
SOPP,P10,5000,1/k,true,converged_projected,8,49,104,7.9156723502e-12,0.003724100
SDLP,P10,5000,1/k,true,converged_trial,0,28,99,9.8243769519e-12,0.001880800
MOPCGM,P10,5000,1/k,true,converged_trial,0,170,340,8.9064137963e-12,0.011600600
CGPM,P10,5000,1/k,true,converged_trial,0,42,189,7.2470792397e-12,0.004082900
STTDFPM,P10,5000,1/k,false,maxiter,0,2000,4006,6.0138572743e+00,0.132408400
SOPP,P10,5000,k/n,true,converged_trial,0,36,72,9.7899936462e-12,0.003403900
SDLP,P10,5000,k/n,true,converged_projected,0,24,91,9.9838469008e-12,0.002573700
MOPCGM,P10,5000,k/n,true,converged_trial,0,154,308,9.0739851122e-12,0.010799100
CGPM,P10,5000,k/n,true,converged_trial,0,37,177,9.2047484679e-12,0.004172600
STTDFPM,P10,5000,k/n,true,converged_trial,0,71,212,8.5973467814e-12,0.005467700
SOPP,P11,5000,0.4,true,converged_trial,0,55,110,8.5261578648e-12,0.006673700
SDLP,P11,5000,0.4,true,converged_trial,0,20,58,9.0316106173e-12,0.003089500
MOPCGM,P11,5000,0.4,true,converged_trial,0,321,642,9.7914293924e-12,0.036652500
CGPM,P11,5000,0.4,true,converged_trial,0,57,170,8.6984745371e-12,0.007556300
STTDFPM,P11,5000,0.4,true,converged_trial,0,60,180,9.4322905979e-12,0.008373000
SOPP,P11,5000,0.5,true,converged_trial,0,55,110,8.1957317055e-12,0.006663400
SDLP,P11,5000,0.5,true,converged_projected,0,21,61,3.3148113877e-12,0.003133300
MOPCGM,P11,5000,0.5,true,converged_trial,0,320,640,9.7698715364e-12,0.033816200
CGPM,P11,5000,0.5,true,converged_trial,0,59,179,9.4027271524e-12,0.008503400
STTDFPM,P11,5000,0.5,true,converged_trial,0,61,183,6.7332181238e-12,0.007836800
SOPP,P11,5000,0.6,true,converged_trial,0,55,110,7.9768971331e-12,0.006784100
SDLP,P11,5000,0.6,true,converged_trial,0,21,60,7.6646806392e-12,0.002698600
MOPCGM,P11,5000,0.6,true,converged_trial,0,319,638,9.7065127478e-12,0.033392900
CGPM,P11,5000,0.6,true,converged_trial,0,56,172,6.7662402531e-12,0.007557100
STTDFPM,P11,5000,0.6,true,converged_trial,0,55,168,6.9226005659e-12,0.029890700
SOPP,P11,5000,0.8,true,converged_trial,0,55,110,7.6104916180e-12,0.135400900
SDLP,P11,5000,0.8,true,converged_trial,0,21,61,6.8703307381e-12,0.002455800
MOPCGM,P11,5000,0.8,true,converged_trial,0,317,634,9.4693983940e-12,0.042315300
CGPM,P11,5000,0.8,true,converged_trial,0,64,195,5.7937062597e-12,0.013338200
STTDFPM,P11,5000,0.8,true,converged_trial,0,61,180,7.6536774909e-12,0.022130300
SOPP,P11,5000,1.0,true,converged_projected,0,54,109,9.7454631271e-12,0.011987600
SDLP,P11,5000,1.0,true,converged_trial,0,19,56,7.7673664155e-12,0.004372000
MOPCGM,P11,5000,1.0,true,converged_trial,0,315,630,9.1478984701e-12,0.050297900
CGPM,P11,5000,1.0,true,converged_trial,0,64,197,4.4690504297e-12,0.016486200
STTDFPM,P11,5000,1.0,true,converged_trial,0,59,176,6.9148653542e-12,0.006899200
SOPP,P11,5000,1.1,true,converged_trial,0,55,110,7.5009544521e-12,0.006387400
SDLP,P11,5000,1.1,true,converged_trial,0,20,59,7.5993688422e-12,0.004393200
MOPCGM,P11,5000,1.1,true,converged_trial,0,313,626,9.9749900606e-12,0.045102500
CGPM,P11,5000,1.1,true,converged_trial,0,60,187,6.4171916264e-12,0.008437900
STTDFPM,P11,5000,1.1,true,converged_trial,0,60,179,8.0416078190e-12,0.008624500
SOPP,P11,5000,2.0,true,converged_trial,0,59,123,8.1049975102e-12,0.006491400
SDLP,P11,5000,2.0,true,converged_projected,0,20,62,9.1105800818e-12,0.003655300
MOPCGM,P11,5000,2.0,true,converged_trial,0,303,606,9.3452738574e-12,0.032364800
CGPM,P11,5000,2.0,true,converged_trial,0,62,197,3.8374777149e-12,0.008174900
STTDFPM,P11,5000,2.0,true,converged_trial,0,59,177,7.9361110440e-12,0.008513600
SOPP,P11,5000,5.0,true,converged_trial,0,79,386,7.5384406089e-12,0.016503500
SDLP,P11,5000,5.0,true,converged_trial,0,31,166,6.2202000826e-12,0.006545800
MOPCGM,P11,5000,5.0,false,line_search_failed,0,1071,34584,1.6416443409e+04,1.325866900
CGPM,P11,5000,5.0,true,converged_trial,0,67,338,5.4077632807e-12,0.013545100
STTDFPM,P11,5000,5.0,true,converged_trial,0,61,186,7.6491210366e-12,0.008427600
SOPP,P11,5000,1/k,true,converged_trial,0,55,110,7.7150322046e-12,0.006149700
SDLP,P11,5000,1/k,true,converged_projected,0,21,60,9.5726795152e-12,0.002928100
MOPCGM,P11,5000,1/k,true,converged_trial,0,319,638,9.9986277899e-12,0.043204700
CGPM,P11,5000,1/k,true,converged_trial,0,54,158,9.4666433865e-12,0.006526600
STTDFPM,P11,5000,1/k,true,converged_trial,0,57,171,8.0253850973e-12,0.008058600
SOPP,P11,5000,k/n,true,converged_trial,0,56,112,8.3109256828e-12,0.006090100
SDLP,P11,5000,k/n,true,converged_projected,0,22,65,9.5805913514e-12,0.003139500
MOPCGM,P11,5000,k/n,true,converged_trial,0,325,650,9.3027670617e-12,0.033858600
CGPM,P11,5000,k/n,true,converged_trial,0,67,206,4.1949049010e-12,0.008709600
STTDFPM,P11,5000,k/n,true,converged_trial,0,61,180,8.1067625158e-12,0.009521100
SOPP,P12,5000,0.4,true,converged_trial,0,30,60,7.2970047017e-12,0.003961600
SDLP,P12,5000,0.4,true,converged_projected,0,13,52,6.9869114411e-12,0.001977400
MOPCGM,P12,5000,0.4,true,converged_trial,0,135,270,8.3842937294e-12,0.015031900
CGPM,P12,5000,0.4,true,converged_trial,0,11,44,1.3699056702e-12,0.002290000
STTDFPM,P12,5000,0.4,true,converged_trial,0,12,36,7.7130792033e-12,0.001659000
SOPP,P12,5000,0.5,true,converged_trial,0,28,56,9.6364424652e-12,0.003630000
SDLP,P12,5000,0.5,true,converged_projected,0,13,52,8.1684060163e-12,0.001923400
MOPCGM,P12,5000,0.5,true,converged_trial,0,124,248,9.9426104946e-12,0.013479800
CGPM,P12,5000,0.5,true,converged_trial,0,10,40,2.6887833355e-12,0.001508500
STTDFPM,P12,5000,0.5,true,converged_projected,0,11,34,2.2570079094e-12,0.001948300
SOPP,P12,5000,0.6,true,converged_trial,0,31,62,9.6756947766e-12,0.003084400
SDLP,P12,5000,0.6,true,converged_projected,0,15,60,3.6112126550e-12,0.024301200
MOPCGM,P12,5000,0.6,true,converged_trial,0,136,272,8.2351349458e-12,0.151475500
CGPM,P12,5000,0.6,true,converged_trial,0,11,44,1.3856065948e-12,0.002977100
STTDFPM,P12,5000,0.6,true,converged_trial,0,12,36,8.6041066736e-12,0.002808800
SOPP,P12,5000,0.8,true,converged_trial,0,33,66,6.7867246527e-12,0.007878400
SDLP,P12,5000,0.8,true,converged_trial,0,16,63,7.6973782787e-12,0.004887100
MOPCGM,P12,5000,0.8,true,converged_trial,0,140,280,9.7973769422e-12,0.020565100
CGPM,P12,5000,0.8,true,converged_trial,0,11,44,3.2383156960e-12,0.001753500
STTDFPM,P12,5000,0.8,true,converged_projected,0,12,37,2.8457925814e-12,0.001501500
SOPP,P12,5000,1.0,true,converged_projected,0,33,67,8.2508358704e-12,0.007232200
SDLP,P12,5000,1.0,true,converged_projected,0,16,64,5.9467251873e-12,0.004855300
MOPCGM,P12,5000,1.0,true,converged_trial,0,143,286,8.4588731212e-12,0.025265300
CGPM,P12,5000,1.0,true,converged_trial,0,11,44,4.4747635072e-12,0.001623800
STTDFPM,P12,5000,1.0,true,converged_trial,0,12,36,4.2706514876e-12,0.001463200
SOPP,P12,5000,1.1,true,converged_trial,0,34,68,7.9289669164e-12,0.005348700
SDLP,P12,5000,1.1,true,converged_trial,0,17,67,4.1607450155e-12,0.005202200
MOPCGM,P12,5000,1.1,true,converged_trial,0,144,288,8.4588731212e-12,0.024250800
CGPM,P12,5000,1.1,true,converged_trial,0,10,39,8.0781256999e-12,0.001459900
STTDFPM,P12,5000,1.1,true,converged_trial,0,13,39,6.2646689101e-12,0.001851200
SOPP,P12,5000,2.0,true,converged_projected,0,34,69,6.3392483019e-12,0.004489400
SDLP,P12,5000,2.0,true,converged_trial,0,17,66,6.3942015380e-12,0.004685300
MOPCGM,P12,5000,2.0,true,converged_trial,0,152,304,9.5304612242e-12,0.025522800
CGPM,P12,5000,2.0,true,converged_trial,0,11,42,5.9153233381e-12,0.001738100
STTDFPM,P12,5000,2.0,true,converged_projected,0,13,39,7.9917706147e-12,0.001595900
SOPP,P12,5000,5.0,true,converged_trial,0,37,74,7.5756961131e-12,0.003989100
SDLP,P12,5000,5.0,true,converged_trial,0,18,70,6.5158837035e-12,0.005057300
MOPCGM,P12,5000,5.0,true,converged_trial,0,164,328,8.4902749703e-12,0.025618000
CGPM,P12,5000,5.0,true,converged_trial,0,12,46,5.1499032645e-12,0.001760800
STTDFPM,P12,5000,5.0,true,converged_projected,0,13,40,5.3579405153e-12,0.001719800
SOPP,P12,5000,1/k,true,converged_trial,0,35,70,7.2895826657e-12,0.007272700
SDLP,P12,5000,1/k,true,converged_trial,0,20,76,3.7326985967e-12,0.002987200
MOPCGM,P12,5000,1/k,true,converged_trial,0,143,286,9.4689615785e-12,0.014884000
CGPM,P12,5000,1/k,true,converged_trial,0,52,223,4.8707781527e-12,0.009390700
STTDFPM,P12,5000,1/k,true,converged_trial,0,58,174,8.3806541060e-12,0.008177200
SOPP,P12,5000,k/n,true,converged_projected,0,41,83,7.8047246347e-12,0.004710800
SDLP,P12,5000,k/n,true,converged_trial,0,22,82,4.4536678235e-12,0.003989400
MOPCGM,P12,5000,k/n,true,converged_trial,0,140,280,9.5627699139e-12,0.020613100
CGPM,P12,5000,k/n,true,converged_trial,0,59,255,3.5785056739e-12,0.013118500
STTDFPM,P12,5000,k/n,true,converged_trial,0,68,205,7.7406422131e-12,0.009899100
SOPP,P13,5000,0.4,true,converged_trial,0,25,52,9.3970033652e-12,0.002705800
SDLP,P13,5000,0.4,true,converged_projected,0,18,81,3.6190631173e-12,0.003719800
MOPCGM,P13,5000,0.4,true,converged_trial,0,87,174,8.5177515884e-12,0.010005600
CGPM,P13,5000,0.4,true,converged_trial,0,16,80,7.9289669164e-12,0.003641700
STTDFPM,P13,5000,0.4,true,converged_trial,0,16,49,4.2078477893e-12,0.001990500
SOPP,P13,5000,0.5,true,converged_projected,0,24,51,9.9779375749e-12,0.003281200
SDLP,P13,5000,0.5,true,converged_projected,0,18,81,8.0231724639e-12,0.003301400
MOPCGM,P13,5000,0.5,true,converged_trial,0,89,178,9.6011153849e-12,0.010280000
CGPM,P13,5000,0.5,true,converged_trial,0,17,85,2.6848581043e-12,0.004850500
STTDFPM,P13,5000,0.5,true,converged_trial,0,16,49,9.1457885718e-12,0.003537400
SOPP,P13,5000,0.6,true,converged_projected,0,25,53,5.5110245300e-12,0.002726500
SDLP,P13,5000,0.6,true,converged_trial,0,19,84,3.0695307567e-12,0.003734600
MOPCGM,P13,5000,0.6,true,converged_trial,0,91,182,7.6384998115e-12,0.009561100
CGPM,P13,5000,0.6,true,converged_trial,0,17,85,3.9801843828e-12,0.003528200
STTDFPM,P13,5000,0.6,true,converged_projected,0,16,50,5.7779402480e-12,0.001862600
SOPP,P13,5000,0.8,true,converged_trial,0,27,56,8.4942002015e-12,0.003419400
SDLP,P13,5000,0.8,true,converged_trial,0,19,84,5.0792491038e-12,0.003594500
MOPCGM,P13,5000,0.8,true,converged_trial,0,92,184,9.1771904210e-12,0.010473300
CGPM,P13,5000,0.8,true,converged_trial,0,17,85,6.3039212216e-12,0.003071300
STTDFPM,P13,5000,0.8,true,converged_projected,0,16,50,9.4362556767e-12,0.002532100
SOPP,P13,5000,1.0,true,converged_projected,0,27,57,9.8758815651e-12,0.003555800
SDLP,P13,5000,1.0,true,converged_trial,0,19,84,4.9693426317e-12,0.003047800
MOPCGM,P13,5000,1.0,true,converged_trial,0,93,186,9.1771904210e-12,0.010345900
CGPM,P13,5000,1.0,true,converged_trial,0,17,85,8.3842937294e-12,0.003889600
STTDFPM,P13,5000,1.0,true,converged_trial,0,17,52,4.5375672056e-12,0.002053200
SOPP,P13,5000,1.1,true,converged_projected,0,28,59,7.1203693001e-12,0.003722200
SDLP,P13,5000,1.1,true,converged_trial,0,19,84,4.8201838482e-12,0.003707800
MOPCGM,P13,5000,1.1,true,converged_trial,0,94,188,7.7798081328e-12,0.009575600
CGPM,P13,5000,1.1,true,converged_trial,0,16,79,6.7121452609e-12,0.003637700
STTDFPM,P13,5000,1.1,true,converged_trial,0,17,52,5.6366319267e-12,0.002078600
SOPP,P13,5000,2.0,true,converged_projected,0,28,57,6.2725193724e-12,0.003495600
SDLP,P13,5000,2.0,true,converged_trial,0,17,75,5.4639217562e-12,0.002987000
MOPCGM,P13,5000,2.0,true,converged_trial,0,97,194,8.5570038998e-12,0.010576600
CGPM,P13,5000,2.0,true,converged_trial,0,18,89,2.5042974716e-12,0.003758200
STTDFPM,P13,5000,2.0,true,converged_trial,0,18,54,4.8594361596e-12,0.002100500
SOPP,P13,5000,5.0,true,converged_projected,0,28,58,6.9005563559e-12,0.003803700
SDLP,P13,5000,5.0,true,converged_projected,0,18,81,9.3891529029e-12,0.003262200
MOPCGM,P13,5000,5.0,true,converged_trial,0,102,204,7.3480327066e-12,0.012020700
CGPM,P13,5000,5.0,true,converged_trial,0,18,89,5.8956971824e-12,0.003125300
STTDFPM,P13,5000,5.0,true,converged_projected,0,17,53,4.3648570351e-12,0.002708500
SOPP,P13,5000,1/k,true,converged_trial,0,283,848,9.7870439604e-12,0.044303400
SDLP,P13,5000,1/k,true,converged_trial,0,52,209,9.8315432420e-12,0.009779300
MOPCGM,P13,5000,1/k,true,converged_trial,0,91,182,9.2891849464e-12,0.009957900
CGPM,P13,5000,1/k,true,converged_trial,0,48,239,4.9308481729e-12,0.010811600
STTDFPM,P13,5000,1/k,true,converged_trial,0,57,172,5.8243598285e-12,0.007611700
SOPP,P13,5000,k/n,true,converged_trial,0,300,899,9.7176963624e-12,0.048338800
SDLP,P13,5000,k/n,true,converged_trial,0,55,220,9.3476851184e-12,0.009763100
MOPCGM,P13,5000,k/n,true,converged_trial,0,91,182,9.0385076018e-12,0.010549300
CGPM,P13,5000,k/n,true,converged_trial,0,51,255,8.0247375736e-12,0.009900100
STTDFPM,P13,5000,k/n,true,converged_trial,0,59,178,9.0567333939e-12,0.009445600
SOPP,P14,5000,0.4,true,converged_trial,0,26,54,9.6560686209e-12,0.004085700
SDLP,P14,5000,0.4,true,converged_projected,0,24,108,8.4156955785e-12,0.004468500
MOPCGM,P14,5000,0.4,true,converged_trial,0,87,174,7.5756961131e-12,0.011648600
CGPM,P14,5000,0.4,true,converged_trial,0,15,75,6.6650424871e-12,0.002843900
STTDFPM,P14,5000,0.4,true,converged_trial,0,17,52,6.3745753823e-12,0.003296300
SOPP,P14,5000,0.5,true,converged_projected,0,24,51,7.4186868673e-12,0.002589800
SDLP,P14,5000,0.5,true,converged_projected,0,24,108,5.5581273037e-12,0.008888900
MOPCGM,P14,5000,0.5,true,converged_trial,0,85,170,9.0672839489e-12,0.010038100
CGPM,P14,5000,0.5,true,converged_trial,0,15,75,3.8545769861e-12,0.003228900
STTDFPM,P14,5000,0.5,true,converged_trial,0,17,52,3.9958853074e-12,0.002178400
SOPP,P14,5000,0.6,true,converged_trial,0,24,50,8.4078451163e-12,0.003219000
SDLP,P14,5000,0.6,true,converged_trial,0,23,102,5.9899027299e-12,0.004528100
MOPCGM,P14,5000,0.6,true,converged_trial,0,82,164,9.4990593750e-12,0.008740500
CGPM,P14,5000,0.6,true,converged_trial,0,15,75,1.3895318259e-12,0.002587900
STTDFPM,P14,5000,0.6,true,converged_trial,0,16,49,9.6482181586e-12,0.002417500
SOPP,P14,5000,0.8,true,converged_trial,0,26,54,7.3009299329e-12,0.003203900
SDLP,P14,5000,0.8,true,converged_projected,0,24,108,5.0713986415e-12,0.003921800
MOPCGM,P14,5000,0.8,true,converged_trial,0,85,170,7.2930794706e-12,0.010185600
CGPM,P14,5000,0.8,true,converged_trial,0,15,75,2.7869141142e-12,0.003409000
STTDFPM,P14,5000,0.8,true,converged_projected,0,16,50,9.4441061390e-12,0.002605000
SOPP,P14,5000,1.0,true,converged_trial,0,27,56,8.4392469654e-12,0.003995100
SDLP,P14,5000,1.0,true,converged_trial,0,25,111,2.4022414618e-12,0.004718100
MOPCGM,P14,5000,1.0,true,converged_trial,0,87,174,8.8317700801e-12,0.009701700
CGPM,P14,5000,1.0,true,converged_trial,0,15,75,6.3196221462e-12,0.002735700
STTDFPM,P14,5000,1.0,true,converged_trial,0,17,52,8.0624247753e-12,0.002779400
SOPP,P14,5000,1.1,true,converged_projected,0,27,56,8.9730784014e-12,0.003582900
SDLP,P14,5000,1.1,true,converged_trial,0,23,102,4.4355111958e-12,0.004039900
MOPCGM,P14,5000,1.1,true,converged_trial,0,88,176,9.2399941194e-12,0.009915200
CGPM,P14,5000,1.1,true,converged_trial,0,15,74,5.9349494938e-12,0.003524700
STTDFPM,P14,5000,1.1,true,converged_trial,0,17,52,9.4362556767e-12,0.002174000
SOPP,P14,5000,2.0,true,converged_trial,0,31,67,6.4138276937e-12,0.004603300
SDLP,P14,5000,2.0,true,converged_trial,0,23,97,9.4990593750e-12,0.025681300
MOPCGM,P14,5000,2.0,true,converged_trial,0,107,214,9.4441061390e-12,0.148455600
CGPM,P14,5000,2.0,true,converged_trial,0,17,79,7.9760696901e-12,0.005113100
STTDFPM,P14,5000,2.0,false,maxiter,0,2000,4001,4.2202605692e+01,0.282501000
SOPP,P14,5000,5.0,true,converged_projected,0,27,56,8.2979386441e-12,0.003605000
SDLP,P14,5000,5.0,true,converged_trial,0,25,110,3.1009326059e-12,0.004132600
MOPCGM,P14,5000,5.0,true,converged_trial,0,133,266,7.9996210770e-12,0.015569200
CGPM,P14,5000,5.0,true,converged_trial,0,16,78,7.8583127557e-12,0.002739900
STTDFPM,P14,5000,5.0,true,converged_projected,0,18,55,7.9996210770e-12,0.002979900
SOPP,P14,5000,1/k,true,converged_projected,0,28,59,8.1576985361e-12,0.003528800
SDLP,P14,5000,1/k,true,converged_projected,0,25,109,9.3456324052e-12,0.004861500
MOPCGM,P14,5000,1/k,true,converged_trial,0,90,180,7.5933211849e-12,0.014529700
CGPM,P14,5000,1/k,true,converged_trial,0,74,369,7.4643430900e-12,0.017458700
STTDFPM,P14,5000,1/k,true,converged_trial,0,55,166,7.3495500225e-12,0.007605500
SOPP,P14,5000,k/n,true,converged_trial,0,410,1231,9.7401993372e-12,0.063209900
SDLP,P14,5000,k/n,true,converged_trial,0,44,179,8.1651930454e-12,0.007685300
MOPCGM,P14,5000,k/n,true,converged_trial,0,87,174,9.9347407352e-12,0.009841900
CGPM,P14,5000,k/n,true,converged_trial,0,79,394,8.4298591628e-12,0.015969500
STTDFPM,P14,5000,k/n,true,converged_trial,0,59,178,9.0173836346e-12,0.008181500
SOPP,P15,5000,0.4,true,converged_projected,0,1,8,0.0000000000e+00,0.000675400
SDLP,P15,5000,0.4,true,converged_projected,0,1,5,0.0000000000e+00,0.000353200
MOPCGM,P15,5000,0.4,true,converged_trial,0,44,88,5.9820522676e-12,0.007947000
CGPM,P15,5000,0.4,true,converged_trial,0,13,78,8.7925177686e-12,0.005995900
STTDFPM,P15,5000,0.4,true,converged_projected,0,1,6,0.0000000000e+00,0.000448200
SOPP,P15,5000,0.5,true,converged_projected,0,1,8,0.0000000000e+00,0.000583000
SDLP,P15,5000,0.5,true,converged_projected,0,1,5,0.0000000000e+00,0.000360700
MOPCGM,P15,5000,0.5,true,converged_trial,0,44,88,6.9712105166e-12,0.008701200
CGPM,P15,5000,0.5,true,converged_projected,0,1,3,0.0000000000e+00,0.000230300
STTDFPM,P15,5000,0.5,true,converged_projected,0,1,3,0.0000000000e+00,0.000226900
SOPP,P15,5000,0.6,true,converged_trial,0,24,54,7.1439206870e-12,0.004560700
SDLP,P15,5000,0.6,true,converged_projected,0,1,5,0.0000000000e+00,0.000357200
MOPCGM,P15,5000,0.6,true,converged_trial,0,44,88,7.7091539721e-12,0.007992200
CGPM,P15,5000,0.6,true,converged_trial,0,13,78,9.1850408833e-12,0.006346100
STTDFPM,P15,5000,0.6,true,converged_projected,0,1,6,0.0000000000e+00,0.000476800
SOPP,P15,5000,0.8,true,converged_trial,0,23,52,6.2803698347e-12,0.004980900
SDLP,P15,5000,0.8,true,converged_projected,0,1,3,0.0000000000e+00,0.000237700
MOPCGM,P15,5000,0.8,true,converged_trial,0,44,88,8.4784992769e-12,0.008252700
CGPM,P15,5000,0.8,true,converged_projected,0,1,4,0.0000000000e+00,0.000330400
STTDFPM,P15,5000,0.8,true,converged_projected,0,1,6,0.0000000000e+00,0.000459700
SOPP,P15,5000,1.0,true,converged_projected,0,1,4,0.0000000000e+00,0.000459000
SDLP,P15,5000,1.0,true,converged_projected,0,1,6,0.0000000000e+00,0.000455100
MOPCGM,P15,5000,1.0,true,converged_trial,0,44,88,7.6306493492e-12,0.008122100
CGPM,P15,5000,1.0,true,converged_trial,0,14,86,9.2478445816e-12,0.007261500
STTDFPM,P15,5000,1.0,true,converged_projected,0,1,6,0.0000000000e+00,0.000500500
SOPP,P15,5000,1.1,true,converged_projected,0,1,4,0.0000000000e+00,0.000326300
SDLP,P15,5000,1.1,true,converged_projected,0,1,6,0.0000000000e+00,0.000468400
MOPCGM,P15,5000,1.1,true,converged_trial,0,44,88,6.2018652118e-12,0.008193800
CGPM,P15,5000,1.1,true,converged_projected,0,1,5,0.0000000000e+00,0.000424400
STTDFPM,P15,5000,1.1,true,converged_projected,0,3,13,0.0000000000e+00,0.001084200
SOPP,P15,5000,2.0,true,converged_projected,0,1,3,0.0000000000e+00,0.000280700
SDLP,P15,5000,2.0,true,converged_projected,0,2,14,0.0000000000e+00,0.001107800
MOPCGM,P15,5000,2.0,true,converged_projected,0,1,4,0.0000000000e+00,0.000320800
CGPM,P15,5000,2.0,true,converged_projected,0,1,8,0.0000000000e+00,0.000728700
STTDFPM,P15,5000,2.0,true,converged_projected,0,1,4,0.0000000000e+00,0.000354100
SOPP,P15,5000,5.0,true,converged_projected,0,1,13,0.0000000000e+00,0.001251300
SDLP,P15,5000,5.0,true,converged_projected,0,1,15,0.0000000000e+00,0.001369500
MOPCGM,P15,5000,5.0,true,converged_projected,0,1,10,0.0000000000e+00,0.000906800
CGPM,P15,5000,5.0,true,converged_projected,0,1,18,0.0000000000e+00,0.002553700
STTDFPM,P15,5000,5.0,true,converged_projected,0,1,14,0.0000000000e+00,0.001329700
SOPP,P15,5000,1/k,true,converged_trial,0,719,4386,9.6672958183e-12,0.334767100
SDLP,P15,5000,1/k,true,converged_trial,0,22,111,5.4263528987e-12,0.008339700
MOPCGM,P15,5000,1/k,true,converged_trial,0,39,78,7.0846296710e-12,0.007214200
CGPM,P15,5000,1/k,true,converged_trial,0,49,305,4.8391198296e-12,0.022789600
STTDFPM,P15,5000,1/k,true,converged_projected,0,21,72,0.0000000000e+00,0.006303100
SOPP,P15,5000,k/n,true,converged_trial,0,778,4722,9.8384555440e-12,0.578522800
SDLP,P15,5000,k/n,true,converged_trial,0,26,131,4.8970450194e-12,0.009134300
MOPCGM,P15,5000,k/n,true,converged_trial,0,44,88,6.5925553925e-12,0.008589200
CGPM,P15,5000,k/n,true,converged_trial,0,60,371,5.5137466407e-12,0.029074100
STTDFPM,P15,5000,k/n,true,converged_projected,0,17,56,0.0000000000e+00,0.004524400
SOPP,P16,5000,0.4,true,converged_trial,0,229,616,9.5392615955e-12,0.021843200
SDLP,P16,5000,0.4,true,converged_trial,0,88,359,8.4210071699e-12,0.008594400
MOPCGM,P16,5000,0.4,true,converged_trial,0,380,760,9.9685093366e-12,0.027023800
CGPM,P16,5000,0.4,true,converged_trial,0,131,718,9.6795268835e-12,0.014242200
STTDFPM,P16,5000,0.4,true,converged_trial,0,174,523,9.7787108663e-12,0.014230700
SOPP,P16,5000,0.5,true,converged_trial,0,252,837,9.2182001524e-12,0.027819900
SDLP,P16,5000,0.5,true,converged_trial,0,85,346,9.0038019724e-12,0.009596200
MOPCGM,P16,5000,0.5,true,converged_trial,0,378,756,9.9249145314e-12,0.034095700
CGPM,P16,5000,0.5,true,converged_trial,0,310,1647,9.7193073196e-12,0.041753700
STTDFPM,P16,5000,0.5,true,converged_trial,0,165,496,9.6536347941e-12,0.015232200
SOPP,P16,5000,0.6,true,converged_trial,0,252,817,9.9041703917e-12,0.027151600
SDLP,P16,5000,0.6,true,converged_trial,0,82,335,9.9298073925e-12,0.011632800
MOPCGM,P16,5000,0.6,true,converged_trial,0,376,752,9.9420655497e-12,0.026828600
CGPM,P16,5000,0.6,true,converged_trial,0,263,1403,9.2502984632e-12,0.028537000
STTDFPM,P16,5000,0.6,true,converged_trial,0,168,507,9.2120985380e-12,0.012412700
SOPP,P16,5000,0.8,true,converged_trial,0,255,809,9.3361711053e-12,0.045973500
SDLP,P16,5000,0.8,true,converged_trial,0,83,339,7.2690173618e-12,0.145395200
MOPCGM,P16,5000,0.8,true,converged_trial,0,372,744,9.9364647763e-12,0.050976600
CGPM,P16,5000,0.8,true,converged_trial,0,224,1200,9.5653907794e-12,0.051345000
STTDFPM,P16,5000,0.8,true,converged_trial,0,160,483,9.2747917651e-12,0.029954000
SOPP,P16,5000,1.0,true,converged_trial,0,259,842,8.4348434614e-12,0.039154800
SDLP,P16,5000,1.0,true,converged_trial,0,72,299,9.5019310845e-12,0.010783300
MOPCGM,P16,5000,1.0,true,converged_trial,0,368,736,9.6951739471e-12,0.026203600
CGPM,P16,5000,1.0,true,converged_trial,0,198,1066,9.9056410087e-12,0.021234800
STTDFPM,P16,5000,1.0,true,converged_trial,0,157,473,9.4479652303e-12,0.012542600
SOPP,P16,5000,1.1,true,converged_trial,0,220,710,8.3883106822e-12,0.022179400
SDLP,P16,5000,1.1,true,converged_trial,0,74,306,8.9384198327e-12,0.006693300
MOPCGM,P16,5000,1.1,true,converged_trial,0,365,730,9.9486867702e-12,0.025722100
CGPM,P16,5000,1.1,true,converged_trial,0,225,1206,9.5565143897e-12,0.024379000
STTDFPM,P16,5000,1.1,true,converged_trial,0,154,464,9.6401050698e-12,0.012183700
SOPP,P16,5000,2.0,true,converged_trial,0,241,814,8.3245516887e-12,0.024310400
SDLP,P16,5000,2.0,true,converged_trial,0,93,378,9.0852690966e-12,0.017752200
MOPCGM,P16,5000,2.0,true,converged_trial,0,325,650,9.5478601554e-12,0.023692400
CGPM,P16,5000,2.0,true,converged_trial,0,177,957,9.8918482548e-12,0.019995200
STTDFPM,P16,5000,2.0,true,converged_trial,0,134,406,9.4575166051e-12,0.011542700
SOPP,P16,5000,5.0,true,converged_trial,0,268,912,9.2627055166e-12,0.029637200
SDLP,P16,5000,5.0,true,converged_trial,0,99,397,9.8554646695e-12,0.010421300
MOPCGM,P16,5000,5.0,true,converged_trial,0,390,780,9.6837155030e-12,0.028402700
CGPM,P16,5000,5.0,true,converged_trial,0,42,251,7.0209341687e-12,0.005060100
STTDFPM,P16,5000,5.0,true,converged_trial,0,156,471,9.3568095002e-12,0.012383900
SOPP,P16,5000,1/k,true,converged_trial,0,326,656,9.2025238939e-12,0.027511100
SDLP,P16,5000,1/k,true,converged_trial,0,89,362,9.9169354935e-12,0.008559000
MOPCGM,P16,5000,1/k,true,converged_trial,0,378,756,9.7280558514e-12,0.026398600
CGPM,P16,5000,1/k,true,converged_trial,0,335,1782,9.8611107808e-12,0.197053300
STTDFPM,P16,5000,1/k,true,converged_trial,0,169,512,9.3532839649e-12,0.043765700
SOPP,P16,5000,k/n,true,converged_trial,0,286,719,9.7109928572e-12,0.054011700
SDLP,P16,5000,k/n,true,converged_trial,0,86,351,7.4921890299e-12,0.007078800
MOPCGM,P16,5000,k/n,true,converged_trial,0,379,758,9.7518538291e-12,0.055707600
CGPM,P16,5000,k/n,true,converged_trial,0,272,1455,9.8636479764e-12,0.035174300
STTDFPM,P16,5000,k/n,true,converged_trial,0,171,515,9.7387361718e-12,0.014205300
SOPP,P17,5000,0.4,true,converged_projected,0,49,99,8.3758714348e-12,0.006169000
SDLP,P17,5000,0.4,true,converged_projected,0,1,3,0.0000000000e+00,0.000108300
MOPCGM,P17,5000,0.4,true,converged_trial,0,272,544,9.9735843514e-12,0.028791400
CGPM,P17,5000,0.4,true,converged_trial,0,17,51,1.9618210766e-12,0.002003500
STTDFPM,P17,5000,0.4,true,converged_projected,0,7,22,7.6283693910e-12,0.000982300
SOPP,P17,5000,0.5,true,converged_trial,0,50,100,7.7518721753e-12,0.005549800
SDLP,P17,5000,0.5,true,converged_projected,0,1,3,0.0000000000e+00,0.000105700
MOPCGM,P17,5000,0.5,true,converged_trial,0,275,550,9.0124621865e-12,0.028284200
CGPM,P17,5000,0.5,true,converged_trial,0,17,51,2.3706489244e-12,0.001775400
STTDFPM,P17,5000,0.5,true,converged_trial,0,8,24,4.8524150250e-12,0.000859700
SOPP,P17,5000,0.6,true,converged_trial,0,50,100,9.1509771004e-12,0.005676200
SDLP,P17,5000,0.6,true,converged_projected,0,1,3,0.0000000000e+00,0.000107900
MOPCGM,P17,5000,0.6,true,converged_trial,0,276,552,9.6361563275e-12,0.028809500
CGPM,P17,5000,0.6,true,converged_trial,0,17,51,2.7317935995e-12,0.001875400
STTDFPM,P17,5000,0.6,true,converged_trial,0,8,24,5.6550526346e-12,0.000881600
SOPP,P17,5000,0.8,true,converged_projected,0,50,101,8.5552957772e-12,0.005530000
SDLP,P17,5000,0.8,true,converged_projected,0,1,3,0.0000000000e+00,0.000753400
MOPCGM,P17,5000,0.8,true,converged_trial,0,279,558,9.1388760222e-12,0.028659900
CGPM,P17,5000,0.8,true,converged_trial,0,17,51,3.2975021270e-12,0.001754400
STTDFPM,P17,5000,0.8,true,converged_projected,0,7,22,3.7697563357e-12,0.000782400
SOPP,P17,5000,1.0,true,converged_trial,0,51,102,7.5241094334e-12,0.006912200
SDLP,P17,5000,1.0,true,converged_projected,0,1,3,0.0000000000e+00,0.000122800
MOPCGM,P17,5000,1.0,true,converged_trial,0,280,560,9.9802871242e-12,0.035490500
CGPM,P17,5000,1.0,true,converged_trial,0,17,51,3.6482852706e-12,0.001841200
STTDFPM,P17,5000,1.0,true,converged_projected,0,1,4,0.0000000000e+00,0.000133400
SOPP,P17,5000,1.1,true,converged_trial,0,51,102,7.9487143153e-12,0.006265200
SDLP,P17,5000,1.1,true,converged_projected,0,1,3,0.0000000000e+00,0.000109700
MOPCGM,P17,5000,1.1,true,converged_trial,0,281,562,9.7193988286e-12,0.029125700
CGPM,P17,5000,1.1,true,converged_trial,0,17,51,3.7440373622e-12,0.001849600
STTDFPM,P17,5000,1.1,true,converged_projected,0,1,4,0.0000000000e+00,0.000133900
SOPP,P17,5000,2.0,true,converged_projected,0,50,101,8.7938791825e-12,0.006563000
SDLP,P17,5000,2.0,true,converged_projected,0,2,7,0.0000000000e+00,0.000266200
MOPCGM,P17,5000,2.0,true,converged_trial,0,285,570,9.7479148611e-12,0.028706300
CGPM,P17,5000,2.0,true,converged_trial,0,17,51,1.8628484486e-12,0.002598400
STTDFPM,P17,5000,2.0,true,converged_projected,0,1,4,0.0000000000e+00,0.000136400
SOPP,P17,5000,5.0,true,converged_projected,0,49,100,9.9812221951e-12,0.005756000
SDLP,P17,5000,5.0,true,converged_projected,0,1,4,0.0000000000e+00,0.000155700
MOPCGM,P17,5000,5.0,true,converged_trial,0,289,578,9.8205792879e-12,0.028768100
CGPM,P17,5000,5.0,true,converged_trial,0,16,49,6.8126177145e-12,0.002571700
STTDFPM,P17,5000,5.0,true,converged_projected,0,7,22,2.1383562964e-12,0.000835700
SOPP,P17,5000,1/k,true,converged_trial,0,44,88,9.7733016609e-12,0.004871000
SDLP,P17,5000,1/k,true,converged_projected,0,1,3,0.0000000000e+00,0.000105600
MOPCGM,P17,5000,1/k,true,converged_trial,0,243,486,9.2004524440e-12,0.025820600
CGPM,P17,5000,1/k,true,converged_trial,0,52,156,7.5494658391e-12,0.006078400
STTDFPM,P17,5000,1/k,true,converged_projected,0,26,82,9.1389036952e-12,0.003267900
SOPP,P17,5000,k/n,true,converged_trial,0,50,100,8.5565050719e-12,0.005740700
SDLP,P17,5000,k/n,true,converged_projected,0,1,3,0.0000000000e+00,0.000106800
MOPCGM,P17,5000,k/n,true,converged_trial,0,276,552,9.0860529896e-12,0.027419000
CGPM,P17,5000,k/n,true,converged_trial,0,52,160,8.6475535118e-12,0.007168700
STTDFPM,P17,5000,k/n,true,converged_projected,0,27,83,3.0032559111e-12,0.003409600
SOPP,P18,5000,0.4,true,converged_projected,0,8,17,8.6983122211e-12,0.001252500
SDLP,P18,5000,0.4,true,converged_projected,0,2,7,3.9566329959e-12,0.000444000
MOPCGM,P18,5000,0.4,true,converged_trial,0,41,82,9.6089658471e-12,0.007035700
CGPM,P18,5000,0.4,true,converged_trial,0,4,12,2.6691571798e-12,0.000858300
STTDFPM,P18,5000,0.4,true,converged_projected,0,4,12,5.6523328513e-13,0.001559700
SOPP,P18,5000,0.5,true,converged_projected,0,8,17,8.6983122211e-12,0.001287900
SDLP,P18,5000,0.5,true,converged_projected,0,2,7,3.9566329959e-12,0.000449300
MOPCGM,P18,5000,0.5,true,converged_trial,0,41,82,9.6089658471e-12,0.006441800
CGPM,P18,5000,0.5,true,converged_trial,0,4,12,2.6691571798e-12,0.000793500
STTDFPM,P18,5000,0.5,true,converged_projected,0,4,12,2.6691571798e-13,0.001478900
SOPP,P18,5000,0.6,true,converged_projected,0,8,17,8.6983122211e-12,0.001246900
SDLP,P18,5000,0.6,true,converged_projected,0,2,7,3.9566329959e-12,0.000460000
MOPCGM,P18,5000,0.6,true,converged_trial,0,41,82,9.6089658471e-12,0.006497700
CGPM,P18,5000,0.6,true,converged_trial,0,4,12,2.6691571798e-12,0.000810600
STTDFPM,P18,5000,0.6,true,converged_trial,0,4,11,4.8829875465e-12,0.001320800
SOPP,P18,5000,0.8,true,converged_projected,0,8,17,8.6983122211e-12,0.001239800
SDLP,P18,5000,0.8,true,converged_projected,0,2,7,3.9566329959e-12,0.000439600
MOPCGM,P18,5000,0.8,true,converged_trial,0,41,82,9.6089658471e-12,0.006703900
CGPM,P18,5000,0.8,true,converged_trial,0,4,12,2.6691571798e-12,0.001462700
STTDFPM,P18,5000,0.8,true,converged_projected,0,3,9,6.2489679856e-12,0.000599700
SOPP,P18,5000,1.0,true,converged_projected,0,8,17,8.6983122211e-12,0.001289900
SDLP,P18,5000,1.0,true,converged_projected,0,2,7,3.9566329959e-12,0.000454200
MOPCGM,P18,5000,1.0,true,converged_trial,0,40,80,9.6089658471e-12,0.006582900
CGPM,P18,5000,1.0,true,converged_trial,0,1,2,0.0000000000e+00,0.000151900
STTDFPM,P18,5000,1.0,true,converged_projected,0,2,7,6.9084068182e-13,0.000449800
SOPP,P18,5000,1.1,true,converged_projected,0,47,95,7.3794345558e-12,0.009434200
SDLP,P18,5000,1.1,true,converged_projected,0,5,15,9.4990593750e-12,0.001007500
MOPCGM,P18,5000,1.1,true,converged_trial,0,260,520,9.4990593750e-12,0.043745700
CGPM,P18,5000,1.1,true,converged_trial,0,15,44,2.4179423864e-12,0.024118200
STTDFPM,P18,5000,1.1,true,converged_projected,0,3,9,2.3551386880e-13,0.000623200
SOPP,P18,5000,2.0,true,converged_projected,0,51,103,8.2272844835e-12,0.143872000
SDLP,P18,5000,2.0,true,converged_trial,0,5,14,4.9928940186e-12,0.001518900
MOPCGM,P18,5000,2.0,true,converged_trial,0,286,572,9.6717695455e-12,0.096037600
CGPM,P18,5000,2.0,true,converged_trial,0,17,50,8.4470974277e-12,0.003340400
STTDFPM,P18,5000,2.0,true,converged_projected,0,3,9,2.5435497831e-12,0.000603600
SOPP,P18,5000,5.0,true,converged_projected,0,54,109,8.8396205424e-12,0.009074600
SDLP,P18,5000,5.0,true,converged_trial,0,6,16,7.7719576705e-12,0.001188500
MOPCGM,P18,5000,5.0,true,converged_trial,0,312,624,9.1379381095e-12,0.081821600
CGPM,P18,5000,5.0,true,converged_trial,0,19,55,5.9506504184e-12,0.003740700
STTDFPM,P18,5000,5.0,true,converged_projected,0,4,13,2.7790636519e-12,0.002178700
SOPP,P18,5000,1/k,true,converged_projected,0,8,17,8.6983122211e-12,0.001603700
SDLP,P18,5000,1/k,true,converged_projected,0,2,7,3.9566329959e-12,0.000492300
MOPCGM,P18,5000,1/k,true,converged_trial,0,267,534,9.2825779914e-12,0.056411700
CGPM,P18,5000,1/k,true,converged_trial,0,6,21,2.4113224295e-12,0.001558600
STTDFPM,P18,5000,1/k,true,converged_trial,0,57,173,9.0788666201e-12,0.012700300
SOPP,P18,5000,k/n,true,converged_projected,0,8,17,8.6983122211e-12,0.001314800
SDLP,P18,5000,k/n,true,converged_projected,0,2,7,3.9566329959e-12,0.000455200
MOPCGM,P18,5000,k/n,true,converged_trial,0,41,82,9.6086722354e-12,0.007296200
CGPM,P18,5000,k/n,true,converged_trial,0,7,22,3.9798344566e-12,0.001597300
STTDFPM,P18,5000,k/n,true,converged_projected,0,3,10,8.9486496479e-13,0.000701300
SOPP,P19,5000,0.4,true,converged_projected,0,33,100,6.0903027828e-12,0.003621500
SDLP,P19,5000,0.4,true,converged_trial,0,22,84,8.2892295375e-12,0.002813100
MOPCGM,P19,5000,0.4,false,line_search_failed,0,1,52,9.0481382872e+04,0.000763300
CGPM,P19,5000,0.4,true,converged_trial,0,32,155,4.2545212409e-12,0.004823900
STTDFPM,P19,5000,0.4,false,stalled_direction,0,3,17,1.6695625737e-03,0.000335200
SOPP,P19,5000,0.5,true,converged_projected,0,33,102,6.0903027828e-12,0.003693000
SDLP,P19,5000,0.5,true,converged_trial,0,22,85,8.2892295375e-12,0.002816000
MOPCGM,P19,5000,0.5,false,line_search_failed,0,1,52,1.7674133925e+05,0.000716700
CGPM,P19,5000,0.5,true,converged_trial,0,33,168,4.2545212409e-12,0.005022700
STTDFPM,P19,5000,0.5,false,stalled_direction,0,3,18,1.6692760546e-03,0.000372100
SOPP,P19,5000,0.6,true,converged_projected,0,33,104,6.0903027828e-12,0.005842900
SDLP,P19,5000,0.6,true,converged_trial,0,23,102,6.0451012929e-12,0.002471700
MOPCGM,P19,5000,0.6,false,line_search_failed,0,1,52,3.0542770250e+05,0.001630600
CGPM,P19,5000,0.6,true,converged_trial,0,27,160,5.7567194671e-12,0.004563600
STTDFPM,P19,5000,0.6,false,stalled_direction,0,3,18,1.6691204416e-03,0.000347800
SOPP,P19,5000,0.8,true,converged_trial,0,33,110,7.0866981767e-12,0.003906700
SDLP,P19,5000,0.8,true,converged_trial,0,22,86,8.2892295375e-12,0.002844700
MOPCGM,P19,5000,0.8,false,line_search_failed,0,1,52,7.2402077511e+05,0.000661600
CGPM,P19,5000,0.8,true,converged_trial,0,35,190,4.2545212409e-12,0.005016500
STTDFPM,P19,5000,0.8,false,stalled_direction,0,3,19,1.6689657316e-03,0.000336100
SOPP,P19,5000,1.0,true,converged_trial,0,33,114,7.0866981767e-12,0.003445600
SDLP,P19,5000,1.0,true,converged_trial,0,22,87,8.2892908693e-12,0.002978800
MOPCGM,P19,5000,1.0,false,line_search_failed,0,1,52,1.4141428517e+06,0.001310400
CGPM,P19,5000,1.0,true,converged_trial,0,33,171,4.2545212409e-12,0.004001800
STTDFPM,P19,5000,1.0,false,stalled_direction,0,3,20,1.6688941294e-03,0.000592100
SOPP,P19,5000,1.1,true,converged_trial,0,33,120,7.0866981767e-12,0.004907900
SDLP,P19,5000,1.1,true,converged_trial,0,22,87,8.2892295375e-12,0.002555600
MOPCGM,P19,5000,1.1,false,line_search_failed,0,1,52,1.8822404699e+06,0.000594800
CGPM,P19,5000,1.1,true,converged_trial,0,34,180,4.2545212409e-12,0.004199200
STTDFPM,P19,5000,1.1,false,stalled_direction,0,3,20,1.6688720380e-03,0.000503000
SOPP,P19,5000,2.0,true,converged_trial,0,33,115,7.0866981767e-12,0.004763100
SDLP,P19,5000,2.0,true,converged_trial,0,22,89,8.2892295375e-12,0.002847200
MOPCGM,P19,5000,2.0,false,line_search_failed,0,1,52,1.1313567079e+07,0.000665900
CGPM,P19,5000,2.0,true,converged_trial,0,28,182,5.8907293117e-12,0.004261200
STTDFPM,P19,5000,2.0,false,stalled_direction,0,3,22,1.6687986660e-03,0.000349300
SOPP,P19,5000,5.0,false,line_search_failed,0,1,52,1.7677634175e+08,0.000640300
SDLP,P19,5000,5.0,true,converged_trial,0,22,92,8.2892295375e-12,0.002317700
MOPCGM,P19,5000,5.0,false,line_search_failed,0,1,52,1.7677634175e+08,0.001458300
CGPM,P19,5000,5.0,false,line_search_failed,0,1,25,1.7677634175e+08,0.000582000
STTDFPM,P19,5000,5.0,false,line_search_failed,0,1,19,1.7677634175e+08,0.000374500
SOPP,P19,5000,1/k,false,maxiter,0,2000,4005,4.7271481550e-06,0.192434200
SDLP,P19,5000,1/k,false,maxiter,0,2000,5003,2.0808268399e-05,0.421449100
MOPCGM,P19,5000,1/k,false,maxiter,0,2000,4001,1.1417515296e-03,0.164826200
CGPM,P19,5000,1/k,false,maxiter,0,2000,7992,8.0471848584e-03,0.406944000
STTDFPM,P19,5000,1/k,false,maxiter,0,2000,6491,9.7269937210e-05,0.274541800
SOPP,P19,5000,k/n,false,maxiter,0,2000,4038,4.4970110333e-06,0.194361400
SDLP,P19,5000,k/n,false,maxiter,0,2000,5023,1.1899821637e-06,0.412625700
MOPCGM,P19,5000,k/n,false,line_search_failed,0,1,52,2.7224718745e+05,0.000797200
CGPM,P19,5000,k/n,false,maxiter,0,2000,8026,8.0437014653e-03,0.236479700
STTDFPM,P19,5000,k/n,false,stalled_direction,0,3,18,1.6691486189e-03,0.000343400
SOPP,P20,5000,0.4,true,converged_trial,0,28,56,6.5170473040e-12,0.006215200
SDLP,P20,5000,0.4,true,converged_projected,0,25,110,8.2015736920e-12,0.009807700
MOPCGM,P20,5000,0.4,true,converged_trial,0,101,202,8.1079888926e-12,0.020581000
CGPM,P20,5000,0.4,true,converged_trial,0,16,75,1.3230909409e-12,0.006316500
STTDFPM,P20,5000,0.4,true,converged_projected,0,4,12,0.0000000000e+00,0.001053000
SOPP,P20,5000,0.5,true,converged_projected,0,28,57,5.4876145113e-12,0.006637400
SDLP,P20,5000,0.5,true,converged_trial,0,26,114,5.3682222115e-12,0.013998900
MOPCGM,P20,5000,0.5,true,converged_trial,0,99,198,8.2951584913e-12,0.020680900
CGPM,P20,5000,0.5,true,converged_trial,0,16,76,3.7562957236e-12,0.006204700
STTDFPM,P20,5000,0.5,true,converged_trial,0,18,55,8.7630824880e-12,0.005434400
SOPP,P20,5000,0.6,true,converged_projected,0,28,57,6.7042169026e-12,0.005813600
SDLP,P20,5000,0.6,true,converged_trial,0,28,122,7.4528952973e-12,0.011169600
MOPCGM,P20,5000,0.6,true,converged_trial,0,97,194,8.9970444863e-12,0.019951300
CGPM,P20,5000,0.6,true,converged_trial,0,15,71,5.3004449126e-12,0.006956000
STTDFPM,P20,5000,0.6,true,converged_trial,0,15,46,6.4912398035e-12,0.005026600
SOPP,P20,5000,0.8,true,converged_projected,0,27,55,6.4234625046e-12,0.007216500
SDLP,P20,5000,0.8,true,converged_trial,0,28,123,8.3419508910e-12,0.011255500
MOPCGM,P20,5000,0.8,true,converged_trial,0,94,188,8.1079888926e-12,0.018728900
CGPM,P20,5000,0.8,true,converged_trial,0,15,72,1.5102605396e-12,0.006024500
STTDFPM,P20,5000,0.8,true,converged_projected,0,19,57,5.3682222115e-12,0.005849500
SOPP,P20,5000,1.0,true,converged_projected,0,27,55,8.3887432907e-12,0.006329100
SDLP,P20,5000,1.0,true,converged_trial,0,27,120,2.0249769359e-12,0.011612000
MOPCGM,P20,5000,1.0,true,converged_trial,0,91,182,7.5932724963e-12,0.019156400
CGPM,P20,5000,1.0,true,converged_trial,0,15,73,3.4287489259e-12,0.006855200
STTDFPM,P20,5000,1.0,true,converged_projected,0,16,50,8.8308597868e-12,0.004453400
SOPP,P20,5000,1.1,true,converged_projected,0,27,55,7.9676116936e-12,0.009188200
SDLP,P20,5000,1.1,true,converged_projected,0,2,5,0.0000000000e+00,0.000530300
MOPCGM,P20,5000,1.1,true,converged_trial,0,89,178,8.7630824880e-12,0.019623300
CGPM,P20,5000,1.1,true,converged_trial,0,14,68,7.4528952973e-12,0.006077700
STTDFPM,P20,5000,1.1,true,converged_projected,0,16,50,9.0438368860e-12,0.004690400
SOPP,P20,5000,2.0,true,converged_projected,0,27,60,8.8098748877e-12,0.006695000
SDLP,P20,5000,2.0,true,converged_trial,0,30,134,3.7562957236e-12,0.013224200
MOPCGM,P20,5000,2.0,true,converged_trial,0,82,164,8.5968977885e-12,0.017736400
CGPM,P20,5000,2.0,true,converged_projected,0,1,3,0.0000000000e+00,0.000186700
STTDFPM,P20,5000,2.0,true,converged_projected,0,1,3,0.0000000000e+00,0.000193700
SOPP,P20,5000,5.0,false,nonfinite,4,5,17,NaN,0.003696000
SDLP,P20,5000,5.0,true,converged_projected,0,2,7,0.0000000000e+00,0.000784400
MOPCGM,P20,5000,5.0,false,nonfinite,0,7,24,NaN,0.004009700
CGPM,P20,5000,5.0,false,line_search_failed,0,11,210,2.0768220247e+07,0.020137200
STTDFPM,P20,5000,5.0,false,invalid_trial_residual,0,5,10,Inf,0.003237300
SOPP,P20,5000,1/k,true,converged_trial,0,531,1577,9.6175455111e-12,0.330753200
SDLP,P20,5000,1/k,false,line_search_failed,1,10,72,1.9103078486e+115,0.021984600
MOPCGM,P20,5000,1/k,true,converged_trial,0,138,276,7.4084263094e-12,0.037447200
CGPM,P20,5000,1/k,false,line_search_failed,0,17,78,7.3970235375e+06,0.010089700
STTDFPM,P20,5000,1/k,false,line_search_failed,0,3,24,2.6457397280e+00,0.001409900
SOPP,P20,5000,k/n,true,converged_projected,0,31,63,5.7582406026e-12,0.006586300
SDLP,P20,5000,k/n,true,converged_trial,0,40,162,6.8319196121e-12,0.014263700
MOPCGM,P20,5000,k/n,true,converged_trial,0,105,210,8.9143704273e-12,0.027765600
CGPM,P20,5000,k/n,true,converged_trial,0,101,502,6.9440826055e-12,0.050227400
STTDFPM,P20,5000,k/n,true,converged_trial,0,66,194,8.9491921122e-12,0.024807900
SOPP,P1,10000,0.4,true,converged_trial,0,50,100,8.8839532349e-12,0.016849500
SDLP,P1,10000,0.4,true,converged_projected,0,1,3,0.0000000000e+00,0.000226100
MOPCGM,P1,10000,0.4,true,converged_trial,0,276,552,9.2541450133e-12,0.057997200
CGPM,P1,10000,0.4,true,converged_trial,0,17,51,2.7744339735e-12,0.005214200
STTDFPM,P1,10000,0.4,true,converged_trial,0,8,24,4.8546645532e-12,0.002431600
SOPP,P1,10000,0.5,true,converged_projected,0,50,101,8.0393886937e-12,0.010975200
SDLP,P1,10000,0.5,true,converged_projected,0,1,3,0.0000000000e+00,0.000238100
MOPCGM,P1,10000,0.5,true,converged_trial,0,278,556,9.2915032196e-12,0.053969200
CGPM,P1,10000,0.5,true,converged_trial,0,17,51,3.3526038604e-12,0.004027600
STTDFPM,P1,10000,0.5,true,converged_trial,0,8,24,6.8623511386e-12,0.002520800
SOPP,P1,10000,0.6,true,converged_projected,0,50,101,9.4903863446e-12,0.012430000
SDLP,P1,10000,0.6,true,converged_projected,0,1,3,0.0000000000e+00,0.000207600
MOPCGM,P1,10000,0.6,true,converged_trial,0,279,558,9.9345079833e-12,0.054940700
CGPM,P1,10000,0.6,true,converged_trial,0,17,51,3.8633395580e-12,0.004302000
STTDFPM,P1,10000,0.6,true,converged_trial,0,8,24,7.9974521319e-12,0.001705900
SOPP,P1,10000,0.8,true,converged_trial,0,51,102,9.0742614887e-12,0.011257700
SDLP,P1,10000,0.8,true,converged_projected,0,1,3,0.0000000000e+00,0.000201000
MOPCGM,P1,10000,0.8,true,converged_trial,0,282,564,9.4218310409e-12,0.239112900
CGPM,P1,10000,0.8,true,converged_trial,0,17,51,4.6633722300e-12,0.009001000
STTDFPM,P1,10000,0.8,true,converged_projected,0,7,22,5.3312405368e-12,0.001566900
SOPP,P1,10000,1.0,true,converged_projected,0,51,103,7.8031782441e-12,0.014081300
SDLP,P1,10000,1.0,true,converged_projected,0,1,3,0.0000000000e+00,0.000356800
MOPCGM,P1,10000,1.0,true,converged_trial,0,284,568,9.2603642850e-12,0.114254000
CGPM,P1,10000,1.0,true,converged_trial,0,17,51,5.1594545091e-12,0.009650200
STTDFPM,P1,10000,1.0,true,converged_projected,0,1,4,0.0000000000e+00,0.000280500
SOPP,P1,10000,1.1,true,converged_projected,0,51,103,8.2435316980e-12,0.011580200
SDLP,P1,10000,1.1,true,converged_projected,0,1,3,0.0000000000e+00,0.000354400
MOPCGM,P1,10000,1.1,true,converged_trial,0,285,570,9.0182950314e-12,0.069417400
CGPM,P1,10000,1.1,true,converged_trial,0,17,51,5.2948684156e-12,0.004636800
STTDFPM,P1,10000,1.1,true,converged_projected,0,1,4,0.0000000000e+00,0.000260000
SOPP,P1,10000,2.0,true,converged_trial,0,51,102,9.3273174043e-12,0.011512800
SDLP,P1,10000,2.0,true,converged_projected,0,2,7,0.0000000000e+00,0.000595200
MOPCGM,P1,10000,2.0,true,converged_trial,0,289,578,9.0447540747e-12,0.060262800
CGPM,P1,10000,2.0,true,converged_trial,0,17,51,2.6344655407e-12,0.004298700
STTDFPM,P1,10000,2.0,true,converged_projected,0,1,4,0.0000000000e+00,0.000311200
SOPP,P1,10000,5.0,true,converged_projected,0,50,102,7.7635688886e-12,0.012232200
SDLP,P1,10000,5.0,true,converged_projected,0,1,4,0.0000000000e+00,0.000290200
MOPCGM,P1,10000,5.0,true,converged_trial,0,293,586,9.1121768907e-12,0.061534000
CGPM,P1,10000,5.0,true,converged_trial,0,16,49,9.6344963671e-12,0.004393000
STTDFPM,P1,10000,5.0,true,converged_projected,0,7,22,3.0240924756e-12,0.001613500
SOPP,P1,10000,1/k,true,converged_trial,0,44,88,9.7736773373e-12,0.010709600
SDLP,P1,10000,1/k,true,converged_projected,0,1,3,0.0000000000e+00,0.000217800
MOPCGM,P1,10000,1/k,true,converged_trial,0,243,486,9.2007649474e-12,0.049253200
CGPM,P1,10000,1/k,true,converged_trial,0,48,144,5.7656197046e-12,0.167617100
STTDFPM,P1,10000,1/k,true,converged_trial,0,28,84,7.8292960500e-12,0.006081400
SOPP,P1,10000,k/n,true,converged_projected,0,50,101,8.8732671888e-12,0.016809400
SDLP,P1,10000,k/n,true,converged_projected,0,1,3,0.0000000000e+00,0.000356800
MOPCGM,P1,10000,k/n,true,converged_trial,0,279,558,9.3667172355e-12,0.085379300
CGPM,P1,10000,k/n,true,converged_trial,0,52,156,5.0240700018e-12,0.016255700
STTDFPM,P1,10000,k/n,true,converged_trial,0,35,105,7.9296746730e-12,0.019310700
SOPP,P2,10000,0.4,true,converged_projected,0,50,101,7.5931665379e-12,0.012276300
SDLP,P2,10000,0.4,true,converged_projected,0,2,6,0.0000000000e+00,0.000584400
MOPCGM,P2,10000,0.4,true,converged_trial,0,278,556,9.4581539979e-12,0.078853600
CGPM,P2,10000,0.4,true,converged_trial,0,16,47,8.8808961952e-12,0.004405100
STTDFPM,P2,10000,0.4,true,converged_projected,0,1,3,0.0000000000e+00,0.000275900
SOPP,P2,10000,0.5,true,converged_projected,0,50,101,9.6801760743e-12,0.013148200
SDLP,P2,10000,0.5,true,converged_projected,0,2,6,0.0000000000e+00,0.000560500
MOPCGM,P2,10000,0.5,true,converged_trial,0,281,562,9.0807168513e-12,0.067953800
CGPM,P2,10000,0.5,true,converged_trial,0,17,50,2.3090335216e-12,0.005221200
STTDFPM,P2,10000,0.5,true,converged_projected,0,1,3,0.0000000000e+00,0.000280800
SOPP,P2,10000,0.6,true,converged_trial,0,51,102,8.9030984935e-12,0.015303400
SDLP,P2,10000,0.6,true,converged_projected,0,2,6,0.0000000000e+00,0.000667700
MOPCGM,P2,10000,0.6,true,converged_trial,0,283,566,9.2805362008e-12,0.072329000
CGPM,P2,10000,0.6,true,converged_trial,0,17,50,3.4635496403e-12,0.004999000
STTDFPM,P2,10000,0.6,true,converged_projected,0,1,3,0.0000000000e+00,0.000275700
SOPP,P2,10000,0.8,true,converged_projected,0,51,103,9.0363107661e-12,0.013010000
SDLP,P2,10000,0.8,true,converged_projected,0,2,6,0.0000000000e+00,0.000572200
MOPCGM,P2,10000,0.8,true,converged_trial,0,286,572,9.9688060208e-12,0.072828800
CGPM,P2,10000,0.8,true,converged_trial,0,17,50,6.8160867922e-12,0.027518600
STTDFPM,P2,10000,0.8,true,converged_projected,0,1,3,0.0000000000e+00,0.000456800
SOPP,P2,10000,1.0,true,converged_trial,0,52,104,8.7698853085e-12,0.146701600
SDLP,P2,10000,1.0,true,converged_projected,0,2,6,0.0000000000e+00,0.001169200
MOPCGM,P2,10000,1.0,true,converged_trial,0,290,580,9.0141098468e-12,0.092778400
CGPM,P2,10000,1.0,true,converged_trial,0,18,53,1.9315945163e-12,0.007649300
STTDFPM,P2,10000,1.0,true,converged_projected,0,1,3,0.0000000000e+00,0.000404200
SOPP,P2,10000,1.1,true,converged_trial,0,52,104,9.8133910518e-12,0.018536800
SDLP,P2,10000,1.1,true,converged_projected,0,2,6,0.0000000000e+00,0.000614800
MOPCGM,P2,10000,1.1,true,converged_trial,0,291,582,9.3693460781e-12,0.088999900
CGPM,P2,10000,1.1,true,converged_trial,0,18,53,2.5088538635e-12,0.004776800
STTDFPM,P2,10000,1.1,true,converged_projected,0,1,3,0.0000000000e+00,0.000297200
SOPP,P2,10000,2.0,true,converged_projected,0,53,107,8.2592337304e-12,0.014133800
SDLP,P2,10000,2.0,true,converged_projected,0,2,5,0.0000000000e+00,0.000718600
MOPCGM,P2,10000,2.0,true,converged_trial,0,300,600,9.9688060617e-12,0.070960400
CGPM,P2,10000,2.0,true,converged_trial,0,15,43,8.8808950698e-12,0.003905100
STTDFPM,P2,10000,2.0,true,converged_projected,0,2,6,0.0000000000e+00,0.000552300
SOPP,P2,10000,5.0,true,converged_trial,0,56,112,7.6819739655e-12,0.015135100
SDLP,P2,10000,5.0,true,converged_projected,0,3,7,0.0000000000e+00,0.000798600
MOPCGM,P2,10000,5.0,true,converged_trial,0,321,642,9.3027386241e-12,0.077329500
CGPM,P2,10000,5.0,true,converged_trial,0,19,54,2.3090326048e-12,0.005395100
STTDFPM,P2,10000,5.0,true,converged_projected,0,2,7,0.0000000000e+00,0.002172500
SOPP,P2,10000,1/k,true,converged_projected,0,44,89,9.5041767992e-12,0.011109400
SDLP,P2,10000,1/k,true,converged_projected,0,2,6,0.0000000000e+00,0.000588500
MOPCGM,P2,10000,1/k,true,converged_trial,0,247,494,9.5542660726e-12,0.055436500
CGPM,P2,10000,1/k,true,converged_trial,0,47,140,8.0733249406e-12,0.013440200
STTDFPM,P2,10000,1/k,true,converged_trial,0,45,134,6.7463818290e-12,0.015213300
SOPP,P2,10000,k/n,true,converged_trial,0,51,102,8.8459876935e-12,0.035704800
SDLP,P2,10000,k/n,true,converged_projected,0,2,6,0.0000000000e+00,0.000545500
MOPCGM,P2,10000,k/n,true,converged_trial,0,283,566,9.6779493929e-12,0.214514600
CGPM,P2,10000,k/n,true,converged_trial,0,54,161,9.2659640749e-12,0.019689700
STTDFPM,P2,10000,k/n,true,converged_trial,0,55,164,8.6530297612e-12,0.022319800
SOPP,P3,10000,0.4,true,converged_projected,0,49,99,9.2814644859e-12,0.017652900
SDLP,P3,10000,0.4,true,converged_projected,0,1,3,0.0000000000e+00,0.000483200
MOPCGM,P3,10000,0.4,true,converged_trial,0,274,548,9.3480778673e-12,0.073173000
CGPM,P3,10000,0.4,true,converged_trial,0,16,48,8.3266726847e-12,0.004371000
STTDFPM,P3,10000,0.4,true,converged_projected,0,1,4,0.0000000000e+00,0.000235900
SOPP,P3,10000,0.5,true,converged_trial,0,50,100,7.7937656329e-12,0.010991400
SDLP,P3,10000,0.5,true,converged_projected,0,1,3,0.0000000000e+00,0.000191300
MOPCGM,P3,10000,0.5,true,converged_trial,0,275,550,9.9920072216e-12,0.055240700
CGPM,P3,10000,0.5,true,converged_trial,0,16,48,8.5709217501e-12,0.003887700
STTDFPM,P3,10000,0.5,true,converged_projected,0,1,4,0.0000000000e+00,0.000230200
SOPP,P3,10000,0.6,true,converged_trial,0,50,100,8.1712414612e-12,0.011286900
SDLP,P3,10000,0.6,true,converged_projected,0,1,3,0.0000000000e+00,0.000208400
MOPCGM,P3,10000,0.6,true,converged_trial,0,277,554,9.2148511044e-12,0.054377300
CGPM,P3,10000,0.6,true,converged_trial,0,16,48,8.4154905267e-12,0.004493700
STTDFPM,P3,10000,0.6,true,converged_projected,0,1,4,0.0000000000e+00,0.000249600
SOPP,P3,10000,0.8,true,converged_projected,0,49,99,9.4813046303e-12,0.010451400
SDLP,P3,10000,0.8,true,converged_projected,0,2,7,0.0000000000e+00,0.000486800
MOPCGM,P3,10000,0.8,true,converged_trial,0,279,558,9.0150109600e-12,0.056019500
CGPM,P3,10000,0.8,true,converged_trial,0,16,48,5.9952043330e-12,0.003986400
STTDFPM,P3,10000,0.8,true,converged_projected,0,1,4,0.0000000000e+00,0.000233900
SOPP,P3,10000,1.0,true,converged_projected,0,48,97,7.5939254884e-12,0.011216100
SDLP,P3,10000,1.0,true,converged_projected,0,2,7,0.0000000000e+00,0.000525400
MOPCGM,P3,10000,1.0,true,converged_trial,0,280,560,9.1926466439e-12,0.226234600
CGPM,P3,10000,1.0,true,converged_trial,0,17,53,9.6589403142e-12,0.006833300
STTDFPM,P3,10000,1.0,true,converged_projected,0,1,4,0.0000000000e+00,0.000420700
SOPP,P3,10000,1.1,true,converged_projected,0,1,3,0.0000000000e+00,0.000340500
SDLP,P3,10000,1.1,true,converged_projected,0,2,7,0.0000000000e+00,0.000881300
MOPCGM,P3,10000,1.1,true,converged_trial,0,280,560,9.6589403142e-12,0.085688500
CGPM,P3,10000,1.1,true,converged_trial,0,17,53,9.6367358537e-12,0.003962000
STTDFPM,P3,10000,1.1,true,converged_projected,0,1,4,0.0000000000e+00,0.000256500
SOPP,P3,10000,2.0,true,converged_projected,0,50,104,9.5701224723e-12,0.014982700
SDLP,P3,10000,2.0,true,converged_projected,0,4,15,0.0000000000e+00,0.001713700
MOPCGM,P3,10000,2.0,true,converged_trial,0,282,564,9.5257135513e-12,0.065725000
CGPM,P3,10000,2.0,true,converged_trial,0,17,54,9.8143715377e-12,0.003710400
STTDFPM,P3,10000,2.0,true,converged_projected,0,1,5,0.0000000000e+00,0.000292200
SOPP,P3,10000,5.0,true,converged_projected,0,52,118,9.3480778673e-12,0.013110400
SDLP,P3,10000,5.0,true,converged_projected,0,4,18,0.0000000000e+00,0.001959000
MOPCGM,P3,10000,5.0,true,converged_trial,0,274,559,9.8365759982e-12,0.053175200
CGPM,P3,10000,5.0,true,converged_trial,0,17,58,9.8809849192e-12,0.004653400
STTDFPM,P3,10000,5.0,true,converged_projected,0,1,8,0.0000000000e+00,0.000467700
SOPP,P3,10000,1/k,true,converged_projected,0,45,91,9.0064875577e-12,0.010172800
SDLP,P3,10000,1/k,true,converged_projected,0,16,48,9.1816723797e-12,0.003703600
MOPCGM,P3,10000,1/k,true,converged_trial,0,240,480,9.3087621723e-12,0.045916900
CGPM,P3,10000,1/k,true,converged_trial,0,44,134,7.9185271055e-12,0.010915700
STTDFPM,P3,10000,1/k,true,converged_trial,0,51,152,7.6520600738e-12,0.013213200
SOPP,P3,10000,k/n,true,converged_trial,0,51,102,9.2762378160e-12,0.012627500
SDLP,P3,10000,k/n,true,converged_trial,0,20,60,6.8492410136e-12,0.005128400
MOPCGM,P3,10000,k/n,true,converged_trial,0,276,552,9.2038699319e-12,0.207176600
CGPM,P3,10000,k/n,true,converged_trial,0,56,171,7.3190077699e-12,0.022376500
STTDFPM,P3,10000,k/n,true,converged_trial,0,58,173,9.5020726701e-12,0.012823100
SOPP,P4,10000,0.4,true,converged_trial,0,31,64,7.3481077557e-12,0.010567700
SDLP,P4,10000,0.4,true,converged_projected,0,1,4,0.0000000000e+00,0.000354600
MOPCGM,P4,10000,0.4,true,converged_trial,0,85,170,8.7215317014e-12,0.019366200
CGPM,P4,10000,0.4,true,converged_trial,0,54,270,9.8866590025e-12,0.026098500
STTDFPM,P4,10000,0.4,true,converged_projected,0,1,5,0.0000000000e+00,0.000258600
SOPP,P4,10000,0.5,true,converged_trial,0,80,176,9.6832911676e-12,0.021938300
SDLP,P4,10000,0.5,true,converged_projected,0,1,4,0.0000000000e+00,0.010276900
MOPCGM,P4,10000,0.5,true,converged_trial,0,86,172,7.7594809983e-12,0.025181600
CGPM,P4,10000,0.5,true,converged_trial,0,56,280,5.5900236660e-12,0.023532600
STTDFPM,P4,10000,0.5,true,converged_projected,0,1,5,0.0000000000e+00,0.000216400
SOPP,P4,10000,0.6,true,converged_trial,0,201,540,8.0896073060e-12,0.045709300
SDLP,P4,10000,0.6,true,converged_projected,0,1,4,0.0000000000e+00,0.000187500
MOPCGM,P4,10000,0.6,true,converged_trial,0,86,172,9.4695886068e-12,0.013865500
CGPM,P4,10000,0.6,true,converged_trial,0,48,240,4.8657492309e-12,0.012531700
STTDFPM,P4,10000,0.6,true,converged_projected,0,1,5,0.0000000000e+00,0.000235300
SOPP,P4,10000,0.8,true,converged_trial,0,213,569,8.2481603957e-12,0.048179500
SDLP,P4,10000,0.8,true,converged_projected,0,1,4,0.0000000000e+00,0.000172700
MOPCGM,P4,10000,0.8,true,converged_trial,0,87,174,9.1471932257e-12,0.014097700
CGPM,P4,10000,0.8,true,converged_trial,0,58,288,7.7110597590e-12,0.016356000
STTDFPM,P4,10000,0.8,true,converged_projected,0,1,5,0.0000000000e+00,0.000253700
SOPP,P4,10000,1.0,true,converged_trial,0,211,558,9.6080376044e-12,0.045933600
SDLP,P4,10000,1.0,true,converged_projected,0,7,28,2.8023731277e-12,0.001519200
MOPCGM,P4,10000,1.0,true,converged_trial,0,88,176,8.2914880708e-12,0.014477500
CGPM,P4,10000,1.0,true,converged_trial,0,54,269,3.0174101215e-12,0.165674900
STTDFPM,P4,10000,1.0,true,converged_projected,0,1,5,0.0000000000e+00,0.000205600
SOPP,P4,10000,1.1,true,converged_trial,0,211,555,9.4247691366e-12,0.066115800
SDLP,P4,10000,1.1,true,converged_projected,0,7,28,8.7825952493e-12,0.001530700
MOPCGM,P4,10000,1.1,true,converged_trial,0,88,176,9.2859734790e-12,0.024709700
CGPM,P4,10000,1.1,true,converged_trial,0,60,299,5.6932824243e-12,0.021699700
STTDFPM,P4,10000,1.1,true,converged_projected,0,1,5,0.0000000000e+00,0.000397400
SOPP,P4,10000,2.0,true,converged_trial,0,98,234,8.0229763488e-12,0.030398400
SDLP,P4,10000,2.0,true,converged_projected,0,5,20,0.0000000000e+00,0.001929100
MOPCGM,P4,10000,2.0,true,converged_trial,0,91,182,7.3051138750e-12,0.020705100
CGPM,P4,10000,2.0,true,converged_trial,0,58,289,5.8839301844e-12,0.018297500
STTDFPM,P4,10000,2.0,true,converged_projected,0,11,35,0.0000000000e+00,0.001828500
SOPP,P4,10000,5.0,false,maxiter,10,2000,50302,1.1160409371e+07,3.483751500
SDLP,P4,10000,5.0,false,maxiter,1,2000,4001,1.1400007943e+103,0.534489400
MOPCGM,P4,10000,5.0,true,converged_trial,0,102,204,8.9820287081e-12,0.024506300
CGPM,P4,10000,5.0,false,line_search_failed,0,53,969,9.4566511252e+07,0.045015800
STTDFPM,P4,10000,5.0,true,converged_projected,0,33,98,8.2872120674e-12,0.006593000
SOPP,P4,10000,1/k,true,converged_trial,0,107,259,7.1202657486e-12,0.023681000
SDLP,P4,10000,1/k,true,converged_trial,0,48,192,8.9119459319e-12,0.012939900
MOPCGM,P4,10000,1/k,true,converged_trial,0,90,180,7.8112911442e-12,0.015157800
CGPM,P4,10000,1/k,true,converged_trial,0,62,309,8.4595468447e-12,0.020546000
STTDFPM,P4,10000,1/k,true,converged_projected,0,14,44,0.0000000000e+00,0.002294200
SOPP,P4,10000,k/n,true,converged_trial,0,610,1831,9.9421297691e-12,0.322417500
SDLP,P4,10000,k/n,true,converged_trial,0,34,135,5.7836204719e-12,0.007361900
MOPCGM,P4,10000,k/n,true,converged_trial,0,94,188,9.1199496757e-12,0.025527300
CGPM,P4,10000,k/n,true,converged_trial,0,70,353,7.8716248768e-12,0.029749900
STTDFPM,P4,10000,k/n,true,converged_projected,0,3,11,2.0566861976e-12,0.000556000
SOPP,P5,10000,0.4,true,converged_trial,0,53,106,8.7041485131e-12,0.019223600
SDLP,P5,10000,0.4,true,converged_trial,0,21,63,7.2574167937e-12,0.011223700
MOPCGM,P5,10000,0.4,true,converged_trial,0,293,586,9.0594468963e-12,0.120764300
CGPM,P5,10000,0.4,true,converged_trial,0,33,99,7.0835885443e-12,0.015605100
STTDFPM,P5,10000,0.4,true,converged_projected,0,8,25,2.2201618140e-13,0.003685600
SOPP,P5,10000,0.5,true,converged_trial,0,53,106,8.3488771452e-12,0.020022200
SDLP,P5,10000,0.5,true,converged_trial,0,21,63,7.1805354659e-12,0.010505100
MOPCGM,P5,10000,0.5,true,converged_trial,0,292,584,9.6811627420e-12,0.102508500
CGPM,P5,10000,0.5,true,converged_trial,0,35,105,7.7808217413e-12,0.017013800
STTDFPM,P5,10000,0.5,true,converged_trial,0,8,24,9.9919983596e-12,0.004057800
SOPP,P5,10000,0.6,true,converged_trial,0,53,106,7.9935880631e-12,0.020897200
SDLP,P5,10000,0.6,true,converged_trial,0,21,63,7.1465491525e-12,0.009907400
MOPCGM,P5,10000,0.6,true,converged_trial,0,292,584,9.2370647242e-12,0.107369400
CGPM,P5,10000,0.6,true,converged_trial,0,37,111,3.8197315178e-12,0.017456500
STTDFPM,P5,10000,0.6,true,converged_trial,0,8,24,9.5479002895e-12,0.004176800
SOPP,P5,10000,0.8,true,converged_projected,0,52,105,9.6367358537e-12,0.019812300
SDLP,P5,10000,0.8,true,converged_trial,0,21,63,7.0562963849e-12,0.010078700
MOPCGM,P5,10000,0.8,true,converged_trial,0,291,582,9.2814824619e-12,0.257514000
CGPM,P5,10000,0.8,true,converged_trial,0,37,111,3.8196986805e-12,0.023104400
STTDFPM,P5,10000,0.8,true,converged_trial,0,8,24,8.6153395758e-12,0.008516400
SOPP,P5,10000,1.0,true,converged_projected,0,52,105,8.7041663219e-12,0.018092400
SDLP,P5,10000,1.0,true,converged_trial,0,21,63,6.6462880752e-12,0.011416000
MOPCGM,P5,10000,1.0,true,converged_trial,0,290,580,9.2370647242e-12,0.124796900
CGPM,P5,10000,1.0,true,converged_trial,0,37,111,5.2450843222e-12,0.017865200
STTDFPM,P5,10000,1.0,true,converged_trial,0,8,24,7.7271522514e-12,0.003441100
SOPP,P5,10000,1.1,true,converged_projected,0,52,105,8.1268325403e-12,0.019155400
SDLP,P5,10000,1.1,true,converged_trial,0,21,63,6.2615468041e-12,0.009480800
MOPCGM,P5,10000,1.1,true,converged_trial,0,289,578,9.6811539213e-12,0.109683400
CGPM,P5,10000,1.1,true,converged_trial,0,37,111,6.2783964837e-12,0.017359900
STTDFPM,P5,10000,1.1,true,converged_trial,0,8,24,7.2830630415e-12,0.003910800
SOPP,P5,10000,2.0,true,converged_trial,0,51,102,9.0150109600e-12,0.019827100
SDLP,P5,10000,2.0,true,converged_projected,0,20,61,3.3892649925e-12,0.009572900
MOPCGM,P5,10000,2.0,true,converged_trial,0,281,562,9.9920342025e-12,0.099184600
CGPM,P5,10000,2.0,true,converged_trial,0,37,111,5.5540290757e-12,0.017643200
STTDFPM,P5,10000,2.0,true,converged_projected,0,7,22,7.1942541088e-12,0.003122700
SOPP,P5,10000,5.0,true,converged_trial,0,53,106,8.6153306711e-12,0.020558600
SDLP,P5,10000,5.0,true,converged_projected,0,20,61,5.4536373562e-12,0.009543300
MOPCGM,P5,10000,5.0,true,converged_trial,0,292,584,9.9032252254e-12,0.267419700
CGPM,P5,10000,5.0,true,converged_trial,0,34,102,9.0805895220e-12,0.018936400
STTDFPM,P5,10000,5.0,true,converged_projected,0,8,25,2.2201618140e-13,0.003795900
SOPP,P5,10000,1/k,true,converged_projected,0,53,107,7.5029995033e-12,0.023902800
SDLP,P5,10000,1/k,true,converged_trial,0,21,63,9.7608495821e-12,0.017392500
MOPCGM,P5,10000,1/k,true,converged_trial,0,294,588,9.4813303396e-12,0.120652600
CGPM,P5,10000,1/k,true,converged_trial,0,38,114,6.8316025778e-12,0.023499700
STTDFPM,P5,10000,1/k,true,converged_projected,0,8,25,2.7156736014e-13,0.003575300
SOPP,P5,10000,k/n,true,converged_trial,0,53,106,8.4469271323e-12,0.020643000
SDLP,P5,10000,k/n,true,converged_trial,0,20,60,8.2821254996e-12,0.008972700
MOPCGM,P5,10000,k/n,true,converged_trial,0,292,584,9.7376214607e-12,0.101786300
CGPM,P5,10000,k/n,true,converged_trial,0,41,123,7.1640750333e-12,0.019480000
STTDFPM,P5,10000,k/n,true,converged_projected,0,8,25,2.2593886887e-13,0.004104900
SOPP,P6,10000,0.4,true,converged_projected,0,31,63,8.3932860662e-12,0.007446200
SDLP,P6,10000,0.4,true,converged_projected,0,15,60,5.1292303738e-12,0.005057000
MOPCGM,P6,10000,0.4,true,converged_trial,0,137,274,9.4479979396e-12,0.029819300
CGPM,P6,10000,0.4,true,converged_trial,0,11,44,1.9650947536e-12,0.003775400
STTDFPM,P6,10000,0.4,true,converged_projected,0,12,37,2.0206059048e-12,0.002741200
SOPP,P6,10000,0.5,true,converged_projected,0,28,57,8.3710816057e-12,0.006636400
SDLP,P6,10000,0.5,true,converged_trial,0,14,55,4.7517545454e-12,0.004383200
MOPCGM,P6,10000,0.5,true,converged_trial,0,126,252,9.2814644859e-12,0.026327500
CGPM,P6,10000,0.5,true,converged_trial,0,10,40,3.8191672047e-12,0.003551300
STTDFPM,P6,10000,0.5,true,converged_projected,0,11,34,3.1752378504e-12,0.002607100
SOPP,P6,10000,0.6,true,converged_projected,0,30,61,6.3060667799e-12,0.008036000
SDLP,P6,10000,0.6,true,converged_projected,0,13,52,9.8809849192e-12,0.004775200
MOPCGM,P6,10000,0.6,true,converged_trial,0,136,272,9.6367358537e-12,0.029580300
CGPM,P6,10000,0.6,true,converged_trial,0,11,44,1.9539925233e-12,0.003637600
STTDFPM,P6,10000,0.6,true,converged_projected,0,12,37,1.8429702209e-12,0.002748600
SOPP,P6,10000,0.8,true,converged_projected,0,31,63,7.5495165675e-12,0.007458200
SDLP,P6,10000,0.8,true,converged_trial,0,16,63,6.6835426082e-12,0.005473800
MOPCGM,P6,10000,0.8,true,converged_trial,0,142,284,9.3702823278e-12,0.184803200
CGPM,P6,10000,0.8,true,converged_trial,0,11,44,7.8603790143e-12,0.003128700
STTDFPM,P6,10000,0.8,true,converged_projected,0,12,37,6.1284310959e-12,0.003212400
SOPP,P6,10000,1.0,true,converged_projected,0,33,67,7.3940853440e-12,0.007362300
SDLP,P6,10000,1.0,true,converged_projected,0,16,64,7.9269923958e-12,0.007625300
MOPCGM,P6,10000,1.0,true,converged_trial,0,145,290,8.8817841970e-12,0.045773600
CGPM,P6,10000,1.0,true,converged_trial,0,12,48,9.7699626167e-13,0.003505700
STTDFPM,P6,10000,1.0,true,converged_trial,0,13,39,4.1744385726e-12,0.003028300
SOPP,P6,10000,1.1,true,converged_trial,0,34,68,8.2156503822e-12,0.007658000
SDLP,P6,10000,1.1,true,converged_trial,0,17,67,4.8183679269e-12,0.008146700
MOPCGM,P6,10000,1.1,true,converged_trial,0,146,292,8.8817841970e-12,0.044372000
CGPM,P6,10000,1.1,true,converged_trial,0,12,48,1.3322676296e-12,0.009710100
STTDFPM,P6,10000,1.1,true,converged_trial,0,13,39,5.0182080713e-12,0.003077700
SOPP,P6,10000,2.0,true,converged_projected,0,36,73,6.7945649107e-12,0.007863100
SDLP,P6,10000,2.0,true,converged_trial,0,19,74,6.7945649107e-12,0.009358500
MOPCGM,P6,10000,2.0,true,converged_trial,0,152,304,8.5265128291e-12,0.054457200
CGPM,P6,10000,2.0,true,converged_trial,0,12,47,2.4424906542e-12,0.006286600
STTDFPM,P6,10000,2.0,true,converged_projected,0,13,40,2.0872192863e-12,0.004973100
SOPP,P6,10000,5.0,true,converged_projected,0,37,75,6.3504757009e-12,0.009331800
SDLP,P6,10000,5.0,true,converged_trial,0,19,73,4.4186876380e-12,0.005835700
MOPCGM,P6,10000,5.0,true,converged_trial,0,165,330,8.7929663550e-12,0.038751300
CGPM,P6,10000,5.0,true,converged_trial,0,13,50,4.7295500849e-12,0.003638100
STTDFPM,P6,10000,5.0,true,converged_trial,0,13,39,6.3504757009e-12,0.003564300
SOPP,P6,10000,1/k,true,converged_trial,0,123,246,9.9587403658e-12,0.029048500
SDLP,P6,10000,1/k,true,converged_trial,0,35,148,6.5679019670e-12,0.012397000
MOPCGM,P6,10000,1/k,true,converged_trial,0,144,288,9.7003214196e-12,0.034337800
CGPM,P6,10000,1/k,true,converged_trial,0,38,220,7.4691900807e-12,0.017094200
STTDFPM,P6,10000,1/k,true,converged_trial,0,54,162,8.8492375585e-12,0.014521900
SOPP,P6,10000,k/n,true,converged_trial,0,76,152,9.2681827061e-12,0.018737700
SDLP,P6,10000,k/n,true,converged_trial,0,28,119,2.7149372665e-12,0.010305000
MOPCGM,P6,10000,k/n,true,converged_trial,0,142,284,8.9326987414e-12,0.029927000
CGPM,P6,10000,k/n,true,converged_trial,0,40,218,5.4636189647e-12,0.016783200
STTDFPM,P6,10000,k/n,true,converged_trial,0,68,205,8.7181175486e-12,0.018628900
SOPP,P8,10000,0.4,true,converged_trial,0,425,1443,9.3392988185e-12,0.275868500
SDLP,P8,10000,0.4,true,converged_projected,0,29,142,9.0790985192e-12,0.009593500
MOPCGM,P8,10000,0.4,true,converged_trial,0,134,268,9.4669038560e-12,0.030052200
CGPM,P8,10000,0.4,true,converged_trial,0,49,293,5.2724328518e-12,0.010503500
STTDFPM,P8,10000,0.4,true,converged_trial,0,82,275,8.6586532020e-12,0.012902300
SOPP,P8,10000,0.5,true,converged_trial,0,875,2729,9.5478377946e-12,0.333187400
SDLP,P8,10000,0.5,true,converged_projected,0,23,106,9.9208386867e-12,0.005275500
MOPCGM,P8,10000,0.5,true,converged_trial,0,134,268,8.7703365887e-12,0.029664500
CGPM,P8,10000,0.5,true,converged_trial,0,48,287,4.0265094847e-12,0.017955400
STTDFPM,P8,10000,0.5,true,converged_trial,0,61,204,7.0613255785e-12,0.022383400
SOPP,P8,10000,0.6,true,converged_trial,0,774,1707,9.7551188397e-12,0.159955400
SDLP,P8,10000,0.6,true,converged_projected,0,22,104,7.9522937055e-12,0.004844100
MOPCGM,P8,10000,0.6,true,converged_trial,0,135,270,9.1501626599e-12,0.018566700
CGPM,P8,10000,0.6,true,converged_trial,0,52,311,4.8575586119e-12,0.011217100
STTDFPM,P8,10000,0.6,true,converged_trial,0,65,204,4.9580244282e-12,0.010479100
SOPP,P8,10000,0.8,true,converged_trial,0,589,1519,9.7348612262e-12,0.279824200
SDLP,P8,10000,0.8,true,converged_projected,0,25,120,7.8636621105e-12,0.005291100
MOPCGM,P8,10000,0.8,true,converged_trial,0,127,254,9.4225743438e-12,0.029368400
CGPM,P8,10000,0.8,true,converged_trial,0,47,282,6.0577116666e-12,0.018807500
STTDFPM,P8,10000,0.8,true,converged_trial,0,63,200,4.3005343938e-12,0.014075500
SOPP,P8,10000,1.0,true,converged_trial,0,704,1831,9.9245734719e-12,0.149696200
SDLP,P8,10000,1.0,true,converged_trial,0,24,114,6.1533365999e-12,0.004322500
MOPCGM,P8,10000,1.0,true,converged_trial,0,89,178,9.7168417265e-12,0.012092000
CGPM,P8,10000,1.0,true,converged_trial,0,49,296,5.5807666784e-12,0.010823100
STTDFPM,P8,10000,1.0,true,converged_trial,0,50,158,7.0470251576e-12,0.008037500
SOPP,P8,10000,1.1,true,converged_trial,0,531,1358,9.6719896427e-12,0.277041900
SDLP,P8,10000,1.1,true,converged_trial,0,26,128,5.6434342167e-12,0.008921800
MOPCGM,P8,10000,1.1,true,converged_trial,0,134,268,8.5443251139e-12,0.029095100
CGPM,P8,10000,1.1,true,converged_trial,0,53,320,7.8475619390e-12,0.019071400
STTDFPM,P8,10000,1.1,true,converged_trial,0,78,252,4.6681213197e-12,0.017091400
SOPP,P8,10000,2.0,true,converged_trial,0,545,1460,9.4774558610e-12,0.109911000
SDLP,P8,10000,2.0,true,converged_trial,0,27,130,4.7428579907e-12,0.005785800
MOPCGM,P8,10000,2.0,true,converged_trial,0,137,282,9.3567250534e-12,0.018619800
CGPM,P8,10000,2.0,true,converged_trial,0,53,324,8.2411822774e-12,0.012753700
STTDFPM,P8,10000,2.0,true,converged_trial,0,64,203,9.5485477411e-12,0.009221600
SOPP,P8,10000,5.0,true,converged_trial,0,633,1799,9.7873953259e-12,0.306841500
SDLP,P8,10000,5.0,true,converged_projected,0,24,122,4.1983593542e-12,0.019565700
MOPCGM,P8,10000,5.0,true,converged_trial,0,137,312,9.0737917368e-12,0.035573300
CGPM,P8,10000,5.0,true,converged_trial,0,58,358,5.9786974930e-12,0.013598100
STTDFPM,P8,10000,5.0,true,converged_trial,0,73,246,8.1111746953e-12,0.011580000
SOPP,P8,10000,1/k,true,converged_trial,0,711,2303,9.7385528421e-12,0.140610500
SDLP,P8,10000,1/k,true,converged_projected,0,33,169,2.8833928257e-12,0.028518200
MOPCGM,P8,10000,1/k,true,converged_trial,0,135,270,9.3996282830e-12,0.157247100
CGPM,P8,10000,1/k,true,converged_trial,0,45,273,5.9830859770e-12,0.012550600
STTDFPM,P8,10000,1/k,true,converged_trial,0,73,232,5.4950058588e-12,0.018619500
SOPP,P8,10000,k/n,true,converged_trial,0,510,1309,9.4669163475e-12,0.128273700
SDLP,P8,10000,k/n,true,converged_trial,0,26,125,6.1061574540e-12,0.005807500
MOPCGM,P8,10000,k/n,true,converged_trial,0,135,270,8.9697988941e-12,0.018656300
CGPM,P8,10000,k/n,true,converged_trial,0,62,376,7.1447742082e-12,0.014083500
STTDFPM,P8,10000,k/n,true,converged_trial,0,75,237,6.3454990025e-12,0.012734500
SOPP,P10,10000,0.4,true,converged_projected,0,34,69,8.3710816057e-12,0.005438900
SDLP,P10,10000,0.4,true,converged_trial,0,23,89,3.8191672047e-12,0.004238300
MOPCGM,P10,10000,0.4,true,converged_trial,0,148,296,8.8151708155e-12,0.020409300
CGPM,P10,10000,0.4,true,converged_trial,0,30,144,9.7033492352e-12,0.005357200
STTDFPM,P10,10000,0.4,true,converged_trial,0,15,43,4.2632564146e-12,0.002494400
SOPP,P10,10000,0.5,true,converged_projected,0,32,65,6.3726801613e-12,0.004897000
SDLP,P10,10000,0.5,true,converged_trial,0,24,93,6.1950444774e-12,0.004563400
MOPCGM,P10,10000,0.5,true,converged_trial,0,146,292,9.7921670772e-12,0.019432300
CGPM,P10,10000,0.5,true,converged_trial,0,28,134,4.3520742565e-12,0.006520200
STTDFPM,P10,10000,0.5,true,converged_projected,0,13,41,8.0158102378e-12,0.002167300
SOPP,P10,10000,0.6,true,converged_projected,0,33,67,9.1704421834e-12,0.004585000
SDLP,P10,10000,0.6,true,converged_trial,0,25,97,5.7509552676e-12,0.004829900
MOPCGM,P10,10000,0.6,true,converged_trial,0,145,290,9.2592600254e-12,0.029368000
CGPM,P10,10000,0.6,true,converged_trial,0,31,150,7.6383344094e-12,0.005848000
STTDFPM,P10,10000,0.6,true,converged_projected,0,13,40,3.5971225998e-12,0.002140600
SOPP,P10,10000,0.8,true,converged_projected,0,34,69,8.1934459217e-12,0.158065800
SDLP,P10,10000,0.8,true,converged_trial,0,24,94,7.1054273576e-12,0.003888100
MOPCGM,P10,10000,0.8,true,converged_trial,0,143,286,8.7263529736e-12,0.032151900
CGPM,P10,10000,0.8,true,converged_trial,0,31,151,8.3710816057e-12,0.010571200
STTDFPM,P10,10000,0.8,true,converged_projected,0,14,42,2.5313084961e-12,0.008384000
SOPP,P10,10000,1.0,true,converged_projected,0,34,69,9.1704421834e-12,0.004725000
SDLP,P10,10000,1.0,true,converged_projected,0,20,80,9.6589403142e-12,0.003377900
MOPCGM,P10,10000,1.0,true,converged_trial,0,141,282,8.7263529736e-12,0.028950200
CGPM,P10,10000,1.0,true,converged_trial,0,30,146,3.9968028887e-12,0.014904300
STTDFPM,P10,10000,1.0,true,converged_trial,0,13,40,4.7517545454e-12,0.002333200
SOPP,P10,10000,1.1,true,converged_projected,0,34,69,8.5487172896e-12,0.005821600
SDLP,P10,10000,1.1,true,converged_trial,0,23,91,3.9523939677e-12,0.006067100
MOPCGM,P10,10000,1.1,true,converged_trial,0,140,280,8.7263529736e-12,0.031850800
CGPM,P10,10000,1.1,true,converged_trial,0,28,136,5.0626169923e-12,0.005701400
STTDFPM,P10,10000,1.1,true,converged_trial,0,12,37,5.4622972812e-12,0.001660500
SOPP,P10,10000,2.0,true,converged_projected,0,28,58,6.2172489379e-12,0.005444600
SDLP,P10,10000,2.0,true,converged_trial,0,17,68,8.1046280798e-12,0.002977700
MOPCGM,P10,10000,2.0,true,converged_trial,0,113,226,9.7921670772e-12,0.015676400
CGPM,P10,10000,2.0,true,converged_trial,0,27,134,7.5495165675e-12,0.006535900
STTDFPM,P10,10000,2.0,true,converged_trial,0,11,34,5.9285909515e-12,0.002194300
SOPP,P10,10000,5.0,true,converged_projected,8,41,83,6.4837024638e-12,0.005546400
SDLP,P10,10000,5.0,true,converged_trial,0,28,101,5.5733195836e-12,0.005668100
MOPCGM,P10,10000,5.0,true,converged_trial,0,137,274,8.3266726847e-12,0.019123100
CGPM,P10,10000,5.0,true,converged_trial,0,30,132,7.1942451996e-12,0.005320700
STTDFPM,P10,10000,5.0,false,maxiter,0,2000,4001,2.5539178227e+00,0.463750000
SOPP,P10,10000,1/k,true,converged_projected,6,43,87,9.6165085074e-12,0.005925700
SDLP,P10,10000,1/k,true,converged_projected,0,40,137,8.6597135701e-12,0.017848700
MOPCGM,P10,10000,1/k,true,converged_trial,0,172,344,8.9586304440e-12,0.029311800
CGPM,P10,10000,1/k,true,converged_trial,0,42,188,5.7973236179e-12,0.007662500
STTDFPM,P10,10000,1/k,false,maxiter,0,2000,4007,6.9422395246e+00,0.458806400
SOPP,P10,10000,k/n,true,converged_projected,0,36,73,8.3084578111e-12,0.006220900
SDLP,P10,10000,k/n,true,converged_projected,0,27,101,5.4095402041e-12,0.006778600
MOPCGM,P10,10000,k/n,true,converged_trial,0,156,312,8.2274517056e-12,0.034003900
CGPM,P10,10000,k/n,true,converged_trial,0,38,182,5.0787491443e-12,0.007510300
STTDFPM,P10,10000,k/n,true,converged_trial,0,72,215,7.6870360823e-12,0.011382200
SOPP,P11,10000,0.4,true,converged_trial,0,56,112,8.3241614634e-12,0.012398700
SDLP,P11,10000,0.4,true,converged_trial,0,22,62,4.6607102672e-12,0.005730700
MOPCGM,P11,10000,0.4,true,converged_trial,0,328,656,9.3703184120e-12,0.069984200
CGPM,P11,10000,0.4,true,converged_trial,0,59,176,7.3092736161e-12,0.014283700
STTDFPM,P11,10000,0.4,true,converged_trial,0,61,183,9.1149259976e-12,0.016207300
SOPP,P11,10000,0.5,true,converged_trial,0,56,112,8.0001515550e-12,0.014620000
SDLP,P11,10000,0.5,true,converged_projected,0,22,64,6.7073768160e-12,0.005590400
MOPCGM,P11,10000,0.5,true,converged_trial,0,327,654,9.3490486918e-12,0.076970600
CGPM,P11,10000,0.5,true,converged_trial,0,61,184,4.2873814325e-12,0.015693600
STTDFPM,P11,10000,0.5,true,converged_trial,0,62,186,6.5539942393e-12,0.016772100
SOPP,P11,10000,0.6,true,converged_trial,0,56,112,7.7905758186e-12,0.013493300
SDLP,P11,10000,0.6,true,converged_projected,0,21,61,3.2672386132e-12,0.005792400
MOPCGM,P11,10000,0.6,true,converged_trial,0,326,652,9.2890745571e-12,0.236829600
CGPM,P11,10000,0.6,true,converged_trial,0,54,167,4.5125901544e-12,0.022843800
STTDFPM,P11,10000,0.6,true,converged_trial,0,58,177,7.9144162213e-12,0.016347400
SOPP,P11,10000,0.8,true,converged_projected,0,55,111,9.9111057146e-12,0.021600300
SDLP,P11,10000,0.8,true,converged_projected,0,22,64,8.2194328328e-12,0.005532000
MOPCGM,P11,10000,0.8,true,converged_trial,0,324,648,9.0664495518e-12,0.090247000
CGPM,P11,10000,0.8,true,converged_trial,0,64,195,4.3307239145e-12,0.017185100
STTDFPM,P11,10000,0.8,true,converged_trial,0,62,183,6.2582248710e-12,0.015983500
SOPP,P11,10000,1.0,true,converged_projected,0,55,111,9.5184856452e-12,0.012938800
SDLP,P11,10000,1.0,true,converged_projected,0,20,60,3.0710683053e-12,0.005597500
MOPCGM,P11,10000,1.0,true,converged_trial,0,321,642,9.7307906260e-12,0.066315500
CGPM,P11,10000,1.0,true,converged_trial,0,60,183,4.0722254215e-12,0.015643300
STTDFPM,P11,10000,1.0,true,converged_trial,0,60,179,6.5164934554e-12,0.015423700
SOPP,P11,10000,1.1,true,converged_projected,0,55,111,9.7633390916e-12,0.013366500
SDLP,P11,10000,1.1,true,converged_trial,0,20,59,5.1172042534e-12,0.005268700
MOPCGM,P11,10000,1.1,true,converged_trial,0,320,640,9.5534444400e-12,0.067032700
CGPM,P11,10000,1.1,true,converged_trial,0,57,181,4.0459937519e-12,0.015388600
STTDFPM,P11,10000,1.1,true,converged_trial,0,61,182,7.4067472093e-12,0.016245100
SOPP,P11,10000,2.0,true,converged_trial,0,60,125,7.7071396073e-12,0.037356900
SDLP,P11,10000,2.0,true,converged_trial,0,21,64,7.4954890578e-12,0.140820000
MOPCGM,P11,10000,2.0,true,converged_trial,0,309,618,9.9512379644e-12,0.080770000
CGPM,P11,10000,2.0,true,converged_trial,0,60,191,6.5063815880e-12,0.025516900
STTDFPM,P11,10000,2.0,true,converged_trial,0,60,180,7.1255310003e-12,0.017995900
SOPP,P11,10000,5.0,true,converged_trial,0,79,377,8.3937188995e-12,0.041776600
SDLP,P11,10000,5.0,true,converged_projected,0,29,167,9.3430810273e-12,0.018496200
MOPCGM,P11,10000,5.0,false,line_search_failed,0,603,16178,3.4403745361e+04,1.431184800
CGPM,P11,10000,5.0,true,converged_trial,0,78,435,3.8475675208e-12,0.032870800
STTDFPM,P11,10000,5.0,true,converged_trial,0,61,187,8.0515620967e-12,0.016351400
SOPP,P11,10000,1/k,true,converged_trial,0,56,112,7.5327877314e-12,0.013484400
SDLP,P11,10000,1/k,true,converged_projected,0,21,60,7.6108832912e-12,0.006391700
MOPCGM,P11,10000,1/k,true,converged_trial,0,326,652,9.5776257848e-12,0.067146500
CGPM,P11,10000,1/k,true,converged_trial,0,55,161,8.6926571891e-12,0.013735800
STTDFPM,P11,10000,1/k,true,converged_trial,0,59,177,7.8797195940e-12,0.015702400
SOPP,P11,10000,k/n,true,converged_trial,0,57,114,8.1182269953e-12,0.013354200
SDLP,P11,10000,k/n,true,converged_trial,0,23,66,4.9791929826e-12,0.006594100
MOPCGM,P11,10000,k/n,true,converged_trial,0,331,662,9.8971196591e-12,0.069438200
CGPM,P11,10000,k/n,true,converged_trial,0,66,203,5.5034016905e-12,0.018325100
STTDFPM,P11,10000,k/n,true,converged_trial,0,62,183,7.4469657817e-12,0.038023200
SOPP,P12,10000,0.4,true,converged_projected,0,30,61,6.3282712404e-12,0.137523800
SDLP,P12,10000,0.4,true,converged_projected,0,13,52,9.8809849192e-12,0.004219300
MOPCGM,P12,10000,0.4,true,converged_trial,0,136,272,9.6311847386e-12,0.034627600
CGPM,P12,10000,0.4,true,converged_trial,0,11,44,1.9373391780e-12,0.003777100
STTDFPM,P12,10000,0.4,true,converged_projected,0,12,37,1.8374191058e-12,0.005453200
SOPP,P12,10000,0.5,true,converged_projected,0,28,57,8.3655304906e-12,0.010404100
SDLP,P12,10000,0.5,true,converged_trial,0,14,55,4.7628567756e-12,0.008557200
MOPCGM,P12,10000,0.5,true,converged_trial,0,126,252,9.2814644859e-12,0.036048800
CGPM,P12,10000,0.5,true,converged_trial,0,10,40,3.8025138593e-12,0.003075600
STTDFPM,P12,10000,0.5,true,converged_projected,0,11,34,3.1974423109e-12,0.003052000
SOPP,P12,10000,0.6,true,converged_projected,0,31,63,8.3877349510e-12,0.007931100
SDLP,P12,10000,0.6,true,converged_projected,0,15,60,5.0959236830e-12,0.007639300
MOPCGM,P12,10000,0.6,true,converged_trial,0,137,274,9.4535490547e-12,0.039411500
CGPM,P12,10000,0.6,true,converged_trial,0,11,44,1.9595436385e-12,0.008063900
STTDFPM,P12,10000,0.6,true,converged_projected,0,12,37,2.0539125956e-12,0.003078800
SOPP,P12,10000,0.8,true,converged_trial,0,33,66,9.5978780479e-12,0.007501900
SDLP,P12,10000,0.8,true,converged_projected,0,16,64,3.8968828164e-12,0.005902500
MOPCGM,P12,10000,0.8,true,converged_trial,0,142,284,9.1537888380e-12,0.030454000
CGPM,P12,10000,0.8,true,converged_trial,0,11,44,4.5796699766e-12,0.004083000
STTDFPM,P12,10000,0.8,true,converged_projected,0,12,37,4.0245584643e-12,0.002851000
SOPP,P12,10000,1.0,true,converged_trial,0,34,68,7.8659301295e-12,0.008291600
SDLP,P12,10000,1.0,true,converged_projected,0,16,64,8.4043882964e-12,0.005757900
MOPCGM,P12,10000,1.0,true,converged_trial,0,144,288,9.7200025806e-12,0.030268500
CGPM,P12,10000,1.0,true,converged_trial,0,11,44,6.3282712404e-12,0.003625200
STTDFPM,P12,10000,1.0,true,converged_trial,0,12,36,6.0396132540e-12,0.003861400
SOPP,P12,10000,1.1,true,converged_projected,0,34,69,6.8722805224e-12,0.007471900
SDLP,P12,10000,1.1,true,converged_trial,0,17,67,5.8841820305e-12,0.005647500
MOPCGM,P12,10000,1.1,true,converged_trial,0,145,290,9.7200025806e-12,0.030258700
CGPM,P12,10000,1.1,true,converged_trial,0,11,43,6.3837823916e-13,0.003723000
STTDFPM,P12,10000,1.1,true,converged_trial,0,13,39,8.8595797365e-12,0.003592500
SOPP,P12,10000,2.0,true,converged_projected,0,34,69,8.9650509238e-12,0.007769200
SDLP,P12,10000,2.0,true,converged_trial,0,17,66,9.0483176507e-12,0.005563900
MOPCGM,P12,10000,2.0,true,converged_trial,0,154,308,8.9039886575e-12,0.033890000
CGPM,P12,10000,2.0,true,converged_trial,0,11,42,8.3655304906e-12,0.003233900
STTDFPM,P12,10000,2.0,true,converged_trial,0,14,41,4.5963233219e-12,0.004089000
SOPP,P12,10000,5.0,true,converged_projected,0,37,75,6.5614180755e-12,0.008742400
SDLP,P12,10000,5.0,true,converged_trial,0,18,70,9.2092999893e-12,0.007840300
MOPCGM,P12,10000,5.0,true,converged_trial,0,165,330,9.7588603865e-12,0.035849000
CGPM,P12,10000,5.0,true,converged_trial,0,12,46,7.2664096962e-12,0.003933000
STTDFPM,P12,10000,5.0,true,converged_projected,0,13,40,7.5772721431e-12,0.004445200
SOPP,P12,10000,1/k,true,converged_projected,0,34,69,6.3668293467e-12,0.015349900
SDLP,P12,10000,1/k,true,converged_trial,0,27,99,8.7122377732e-12,0.009542900
MOPCGM,P12,10000,1/k,true,converged_trial,0,145,290,8.8605326267e-12,0.201217800
CGPM,P12,10000,1/k,true,converged_trial,0,59,255,6.0403693563e-12,0.023712100
STTDFPM,P12,10000,1/k,true,converged_trial,0,58,174,6.5846630712e-12,0.025792700
SOPP,P12,10000,k/n,true,converged_trial,0,42,84,7.4389260698e-12,0.009320400
SDLP,P12,10000,k/n,true,converged_trial,0,20,75,7.5952877661e-12,0.008259900
MOPCGM,P12,10000,k/n,true,converged_trial,0,142,284,8.9340436615e-12,0.041788900
CGPM,P12,10000,k/n,true,converged_trial,0,64,282,4.6257150808e-12,0.028436400
STTDFPM,P12,10000,k/n,true,converged_trial,0,69,208,7.3424124131e-12,0.026490600
SOPP,P13,10000,0.4,true,converged_projected,0,25,53,7.1165295878e-12,0.006384800
SDLP,P13,10000,0.4,true,converged_projected,0,18,81,5.1181281435e-12,0.009950900
MOPCGM,P13,10000,0.4,true,converged_trial,0,88,176,8.7152507433e-12,0.018595400
CGPM,P13,10000,0.4,true,converged_trial,0,17,85,1.8096635301e-12,0.007713100
STTDFPM,P13,10000,0.4,true,converged_trial,0,16,49,5.9507954120e-12,0.004088500
SOPP,P13,10000,0.5,true,converged_trial,0,25,52,8.9150908877e-12,0.006435700
SDLP,P13,10000,0.5,true,converged_trial,0,19,84,2.7977620221e-12,0.007264800
MOPCGM,P13,10000,0.5,true,converged_trial,0,90,180,9.8032693074e-12,0.018832200
CGPM,P13,10000,0.5,true,converged_trial,0,17,85,3.7969627442e-12,0.006757100
STTDFPM,P13,10000,0.5,true,converged_projected,0,16,50,5.3623772089e-12,0.005279900
SOPP,P13,10000,0.6,true,converged_projected,0,25,53,7.7937656329e-12,0.005933700
SDLP,P13,10000,0.6,true,converged_trial,0,19,84,4.3409720263e-12,0.006844600
MOPCGM,P13,10000,0.6,true,converged_trial,0,92,184,7.7937656329e-12,0.020779900
CGPM,P13,10000,0.6,true,converged_trial,0,17,85,5.6288307348e-12,0.006621100
STTDFPM,P13,10000,0.6,true,converged_projected,0,16,50,8.1712414612e-12,0.004478600
SOPP,P13,10000,0.8,true,converged_projected,0,27,57,6.4392935428e-12,0.006656200
SDLP,P13,10000,0.8,true,converged_trial,0,19,84,7.1831429693e-12,0.008370100
MOPCGM,P13,10000,0.8,true,converged_trial,0,93,186,9.3702823278e-12,0.025399200
CGPM,P13,10000,0.8,true,converged_trial,0,17,85,8.9150908877e-12,0.007701400
STTDFPM,P13,10000,0.8,true,converged_trial,0,17,52,4.8294701571e-12,0.004730300
SOPP,P13,10000,1.0,true,converged_trial,0,28,58,8.8373752760e-12,0.006666800
SDLP,P13,10000,1.0,true,converged_trial,0,19,84,7.0277117459e-12,0.007527400
MOPCGM,P13,10000,1.0,true,converged_trial,0,94,188,9.3702823278e-12,0.020304200
CGPM,P13,10000,1.0,true,converged_trial,0,18,90,1.8984813721e-12,0.006992900
STTDFPM,P13,10000,1.0,true,converged_trial,0,17,52,6.4170890823e-12,0.005262000
SOPP,P13,10000,1.1,true,converged_trial,0,29,60,6.3726801613e-12,0.007981600
SDLP,P13,10000,1.1,true,converged_trial,0,19,84,6.8167693712e-12,0.006971800
MOPCGM,P13,10000,1.1,true,converged_trial,0,95,190,7.9491968563e-12,0.020840600
CGPM,P13,10000,1.1,true,converged_trial,0,16,79,9.4924068605e-12,0.006577200
STTDFPM,P13,10000,1.1,true,converged_trial,0,17,52,7.9714013168e-12,0.004575500
SOPP,P13,10000,2.0,true,converged_projected,0,28,57,8.8706819668e-12,0.006686000
SDLP,P13,10000,2.0,true,converged_trial,0,17,75,7.7271522514e-12,0.006190000
MOPCGM,P13,10000,2.0,true,converged_trial,0,98,196,8.7374552038e-12,0.020807000
CGPM,P13,10000,2.0,true,converged_trial,0,18,89,3.5416114486e-12,0.028499000
STTDFPM,P13,10000,2.0,true,converged_trial,0,18,54,6.8722805224e-12,0.136647100
SOPP,P13,10000,5.0,true,converged_projected,0,28,58,9.7588603865e-12,0.006239600
SDLP,P13,10000,5.0,true,converged_trial,0,19,84,3.2640556924e-12,0.006424200
MOPCGM,P13,10000,5.0,true,converged_trial,0,103,206,7.5051076465e-12,0.030739400
CGPM,P13,10000,5.0,true,converged_trial,0,18,89,8.3377749149e-12,0.008919100
STTDFPM,P13,10000,5.0,true,converged_projected,0,17,53,6.1728400169e-12,0.006956000
SOPP,P13,10000,1/k,true,converged_trial,0,284,849,9.5839182987e-12,0.114930700
SDLP,P13,10000,1/k,true,converged_trial,0,46,186,8.9703349185e-12,0.019905800
MOPCGM,P13,10000,1/k,true,converged_trial,0,92,184,9.5103034545e-12,0.020877600
CGPM,P13,10000,1/k,true,converged_trial,0,55,274,4.5155442962e-12,0.020727100
STTDFPM,P13,10000,1/k,true,converged_trial,0,53,160,8.3654607282e-12,0.014509900
SOPP,P13,10000,k/n,true,converged_trial,0,304,911,9.4521523196e-12,0.101399200
SDLP,P13,10000,k/n,true,converged_trial,0,56,224,8.2143565209e-12,0.019018200
MOPCGM,P13,10000,k/n,true,converged_trial,0,92,184,9.2343815506e-12,0.021021000
CGPM,P13,10000,k/n,true,converged_trial,0,53,265,4.2151524468e-12,0.020934200
STTDFPM,P13,10000,k/n,true,converged_trial,0,60,181,7.2023030606e-12,0.015949300
SOPP,P14,10000,0.4,true,converged_projected,0,26,55,7.2164496601e-12,0.007114000
SDLP,P14,10000,0.4,true,converged_trial,0,25,111,2.4091839634e-12,0.009643600
MOPCGM,P14,10000,0.4,true,converged_trial,0,88,176,7.6383344094e-12,0.018068200
CGPM,P14,10000,0.4,true,converged_trial,0,15,75,9.4257934791e-12,0.006390800
STTDFPM,P14,10000,0.4,true,converged_trial,0,17,52,9.0150109600e-12,0.004793000
SOPP,P14,10000,0.5,true,converged_trial,0,25,52,6.5725203058e-12,0.005890900
SDLP,P14,10000,0.5,true,converged_projected,0,24,108,7.8270723236e-12,0.009189500
MOPCGM,P14,10000,0.5,true,converged_trial,0,86,172,9.1038288019e-12,0.172570900
CGPM,P14,10000,0.5,true,converged_trial,0,15,75,5.4511950509e-12,0.009192400
STTDFPM,P14,10000,0.5,true,converged_trial,0,17,52,5.6510351953e-12,0.007065200
SOPP,P14,10000,0.6,true,converged_projected,0,24,51,6.2727600891e-12,0.010371300
SDLP,P14,10000,0.6,true,converged_trial,0,23,102,8.4710016779e-12,0.013768400
MOPCGM,P14,10000,0.6,true,converged_trial,0,83,166,9.5590202420e-12,0.021735600
CGPM,P14,10000,0.6,true,converged_trial,0,15,75,1.9650947536e-12,0.012328700
STTDFPM,P14,10000,0.6,true,converged_projected,0,16,50,6.1284310959e-12,0.003857400
SOPP,P14,10000,0.8,true,converged_projected,0,26,55,5.4178883602e-12,0.005912000
SDLP,P14,10000,0.8,true,converged_projected,0,24,108,7.1387340483e-12,0.010322200
MOPCGM,P14,10000,0.8,true,converged_trial,0,86,172,7.3385741928e-12,0.027745100
CGPM,P14,10000,0.8,true,converged_trial,0,15,75,3.9412917374e-12,0.005626300
STTDFPM,P14,10000,0.8,true,converged_trial,0,17,52,4.7739590059e-12,0.006333800
SOPP,P14,10000,1.0,true,converged_projected,0,27,57,6.2838623194e-12,0.010909100
SDLP,P14,10000,1.0,true,converged_trial,0,25,111,3.3972824554e-12,0.013780100
MOPCGM,P14,10000,1.0,true,converged_trial,0,88,176,8.9039886575e-12,0.027472600
CGPM,P14,10000,1.0,true,converged_trial,0,15,75,8.9372953482e-12,0.005859600
STTDFPM,P14,10000,1.0,true,converged_projected,0,17,53,5.1070259133e-12,0.004278500
SOPP,P14,10000,1.1,true,converged_trial,0,28,57,8.0047080075e-12,0.007471000
SDLP,P14,10000,1.1,true,converged_trial,0,23,102,6.2727600891e-12,0.009570600
MOPCGM,P14,10000,1.1,true,converged_trial,0,89,178,9.2925667161e-12,0.020407000
CGPM,P14,10000,1.1,true,converged_trial,0,15,74,8.3932860662e-12,0.005502800
STTDFPM,P14,10000,1.1,true,converged_projected,0,17,53,5.9841021027e-12,0.004999900
SOPP,P14,10000,2.0,true,converged_trial,0,31,67,9.0705221112e-12,0.007927600
SDLP,P14,10000,2.0,true,converged_projected,0,24,103,5.0071058411e-12,0.008417200
MOPCGM,P14,10000,2.0,true,converged_trial,0,108,216,9.5146113210e-12,0.024223400
CGPM,P14,10000,2.0,true,converged_trial,0,18,84,1.4321877018e-12,0.006696400
STTDFPM,P14,10000,2.0,false,maxiter,0,2000,4001,5.9683497337e+01,0.637710400
SOPP,P14,10000,5.0,true,converged_trial,0,28,57,7.3829831138e-12,0.006864000
SDLP,P14,10000,5.0,true,converged_trial,0,25,110,4.3853809473e-12,0.009413000
MOPCGM,P14,10000,5.0,true,converged_trial,0,134,268,8.0380146983e-12,0.030294300
CGPM,P14,10000,5.0,true,converged_trial,0,17,83,1.4099832413e-12,0.006631900
STTDFPM,P14,10000,5.0,true,converged_trial,0,19,57,3.9968028887e-12,0.005387500
SOPP,P14,10000,1/k,true,converged_projected,0,28,59,9.9203188533e-12,0.007183300
SDLP,P14,10000,1/k,true,converged_trial,0,61,245,7.4855285511e-12,0.020565800
MOPCGM,P14,10000,1/k,true,converged_trial,0,91,182,7.6629063765e-12,0.019211800
CGPM,P14,10000,1/k,true,converged_trial,0,76,379,6.8774521566e-12,0.030108300
STTDFPM,P14,10000,1/k,true,converged_trial,0,55,166,6.6818028052e-12,0.015421600
SOPP,P14,10000,k/n,true,converged_trial,0,415,1246,9.7466544176e-12,0.290299300
SDLP,P14,10000,k/n,true,converged_trial,0,48,194,7.9433796874e-12,0.016036700
MOPCGM,P14,10000,k/n,true,converged_trial,0,88,176,9.9942060681e-12,0.028933600
CGPM,P14,10000,k/n,true,converged_trial,0,81,404,5.9365296760e-12,0.042793100
STTDFPM,P14,10000,k/n,true,converged_trial,0,60,181,8.7181212394e-12,0.019714600
SOPP,P15,10000,0.4,true,converged_projected,0,1,8,0.0000000000e+00,0.001380800
SDLP,P15,10000,0.4,true,converged_projected,0,1,5,0.0000000000e+00,0.000902400
MOPCGM,P15,10000,0.4,true,converged_trial,0,44,88,8.4598994476e-12,0.022479500
CGPM,P15,10000,0.4,true,converged_trial,0,14,84,1.1324274851e-12,0.012331400
STTDFPM,P15,10000,0.4,true,converged_projected,0,1,6,0.0000000000e+00,0.000947200
SOPP,P15,10000,0.5,true,converged_projected,0,1,8,0.0000000000e+00,0.001152300
SDLP,P15,10000,0.5,true,converged_projected,0,1,5,0.0000000000e+00,0.000725700
MOPCGM,P15,10000,0.5,true,converged_trial,0,44,88,9.8587804587e-12,0.019254300
CGPM,P15,10000,0.5,true,converged_projected,0,1,3,0.0000000000e+00,0.000589200
STTDFPM,P15,10000,0.5,true,converged_projected,0,1,3,0.0000000000e+00,0.000593500
SOPP,P15,10000,0.6,true,converged_projected,0,24,55,4.3298697960e-12,0.015308500
SDLP,P15,10000,0.6,true,converged_projected,0,1,5,0.0000000000e+00,0.000738000
MOPCGM,P15,10000,0.6,true,converged_trial,0,45,90,5.4622972812e-12,0.015626200
CGPM,P15,10000,0.6,true,converged_trial,0,14,84,1.2212453271e-12,0.014041700
STTDFPM,P15,10000,0.6,true,converged_projected,0,1,6,0.0000000000e+00,0.000890100
SOPP,P15,10000,0.8,true,converged_trial,0,23,52,8.8817841970e-12,0.009273300
SDLP,P15,10000,0.8,true,converged_projected,0,1,3,0.0000000000e+00,0.000510500
MOPCGM,P15,10000,0.8,true,converged_trial,0,45,90,5.9952043330e-12,0.016554600
CGPM,P15,10000,0.8,true,converged_projected,0,1,4,0.0000000000e+00,0.000658800
STTDFPM,P15,10000,0.8,true,converged_projected,0,1,6,0.0000000000e+00,0.000931500
SOPP,P15,10000,1.0,true,converged_projected,0,1,4,0.0000000000e+00,0.000669500
SDLP,P15,10000,1.0,true,converged_projected,0,1,6,0.0000000000e+00,0.000942600
MOPCGM,P15,10000,1.0,true,converged_trial,0,45,90,5.4178883602e-12,0.016687900
CGPM,P15,10000,1.0,true,converged_trial,0,15,92,1.1990408666e-12,0.014488800
STTDFPM,P15,10000,1.0,true,converged_projected,0,1,6,0.0000000000e+00,0.000947800
SOPP,P15,10000,1.1,true,converged_projected,0,1,4,0.0000000000e+00,0.000651800
SDLP,P15,10000,1.1,true,converged_projected,0,1,6,0.0000000000e+00,0.000923000
MOPCGM,P15,10000,1.1,true,converged_trial,0,44,88,8.7707618945e-12,0.016748900
CGPM,P15,10000,1.1,true,converged_projected,0,1,5,0.0000000000e+00,0.001028000
STTDFPM,P15,10000,1.1,true,converged_projected,0,3,13,0.0000000000e+00,0.002115300
SOPP,P15,10000,2.0,true,converged_projected,0,1,3,0.0000000000e+00,0.000519700
SDLP,P15,10000,2.0,true,converged_projected,0,2,14,0.0000000000e+00,0.002214400
MOPCGM,P15,10000,2.0,true,converged_projected,0,1,4,0.0000000000e+00,0.000636900
CGPM,P15,10000,2.0,true,converged_projected,0,1,8,0.0000000000e+00,0.001393800
STTDFPM,P15,10000,2.0,true,converged_projected,0,1,4,0.0000000000e+00,0.000702100
SOPP,P15,10000,5.0,true,converged_projected,0,1,13,0.0000000000e+00,0.002979300
SDLP,P15,10000,5.0,true,converged_projected,0,1,15,0.0000000000e+00,0.002755800
MOPCGM,P15,10000,5.0,true,converged_projected,0,1,10,0.0000000000e+00,0.001934700
CGPM,P15,10000,5.0,true,converged_projected,0,2,25,0.0000000000e+00,0.005134700
STTDFPM,P15,10000,5.0,true,converged_projected,0,1,14,0.0000000000e+00,0.002664400
SOPP,P15,10000,1/k,true,converged_trial,0,719,4386,9.6390849829e-12,0.881345300
SDLP,P15,10000,1/k,true,converged_trial,0,22,111,5.4298019757e-12,0.017053600
MOPCGM,P15,10000,1/k,true,converged_trial,0,39,78,7.0846627414e-12,0.013779400
CGPM,P15,10000,1/k,true,converged_trial,0,42,262,4.2978938128e-12,0.039468500
STTDFPM,P15,10000,1/k,true,converged_projected,0,21,72,0.0000000000e+00,0.012907900
SOPP,P15,10000,k/n,true,converged_trial,0,787,4777,9.7977775214e-12,0.918479700
SDLP,P15,10000,k/n,true,converged_trial,0,26,131,6.8978359435e-12,0.019726900
MOPCGM,P15,10000,k/n,true,converged_trial,0,44,88,9.3224913212e-12,0.016237600
CGPM,P15,10000,k/n,true,converged_trial,0,56,347,4.1103480449e-12,0.053353400
STTDFPM,P15,10000,k/n,true,converged_projected,0,17,56,0.0000000000e+00,0.009873600
SOPP,P16,10000,0.4,true,converged_trial,0,203,609,9.9640599411e-12,0.035771100
SDLP,P16,10000,0.4,true,converged_trial,0,87,356,7.4467799127e-12,0.018088700
MOPCGM,P16,10000,0.4,true,converged_trial,0,380,760,9.6891654911e-12,0.224371800
CGPM,P16,10000,0.4,true,converged_trial,0,170,922,9.5777424335e-12,0.055652800
STTDFPM,P16,10000,0.4,true,converged_trial,0,169,508,9.9242387324e-12,0.048985200
SOPP,P16,10000,0.5,true,converged_trial,0,245,810,8.6547836813e-12,0.053705200
SDLP,P16,10000,0.5,true,converged_trial,0,85,349,9.8411069421e-12,0.015919000
MOPCGM,P16,10000,0.5,true,converged_trial,0,378,756,9.6475801319e-12,0.051545100
CGPM,P16,10000,0.5,true,converged_trial,0,144,789,9.9486273721e-12,0.029735400
STTDFPM,P16,10000,0.5,true,converged_trial,0,167,504,9.8948831693e-12,0.026660100
SOPP,P16,10000,0.6,true,converged_trial,0,276,895,9.0991684031e-12,0.212394900
SDLP,P16,10000,0.6,true,converged_trial,0,85,349,9.4030310160e-12,0.028567700
MOPCGM,P16,10000,0.6,true,converged_trial,0,376,752,9.6648100332e-12,0.081647100
CGPM,P16,10000,0.6,true,converged_trial,0,266,1419,9.3840956358e-12,0.059817100
STTDFPM,P16,10000,0.6,true,converged_trial,0,165,498,9.8013390550e-12,0.025353400
SOPP,P16,10000,0.8,true,converged_trial,0,217,689,8.6145282458e-12,0.043921800
SDLP,P16,10000,0.8,true,converged_trial,0,83,342,9.4055306519e-12,0.016075500
MOPCGM,P16,10000,0.8,true,converged_trial,0,372,744,9.6602578326e-12,0.059837000
CGPM,P16,10000,0.8,true,converged_trial,0,225,1206,9.9749859618e-12,0.222283800
STTDFPM,P16,10000,0.8,true,converged_trial,0,161,486,9.2331129914e-12,0.035946800
SOPP,P16,10000,1.0,true,converged_trial,0,233,771,8.2116018589e-12,0.071272000
SDLP,P16,10000,1.0,true,converged_trial,0,80,332,7.1834481386e-12,0.016094300
MOPCGM,P16,10000,1.0,true,converged_trial,0,367,734,9.9410278537e-12,0.052243700
CGPM,P16,10000,1.0,true,converged_trial,0,214,1149,9.7830911041e-12,0.044091200
STTDFPM,P16,10000,1.0,true,converged_trial,0,156,472,9.6531286871e-12,0.024008900
SOPP,P16,10000,1.1,true,converged_trial,0,236,796,9.9826848475e-12,0.071763000
SDLP,P16,10000,1.1,true,converged_trial,0,82,337,7.2386840182e-12,0.148264100
MOPCGM,P16,10000,1.1,true,converged_trial,0,365,730,9.6708330369e-12,0.076664800
CGPM,P16,10000,1.1,true,converged_trial,0,51,305,8.9062184786e-12,0.015826300
STTDFPM,P16,10000,1.1,true,converged_trial,0,158,478,9.9840906125e-12,0.040638700
SOPP,P16,10000,2.0,true,converged_trial,0,247,843,8.9404633474e-12,0.061001900
SDLP,P16,10000,2.0,true,converged_trial,0,79,324,7.2923331602e-12,0.015439800
MOPCGM,P16,10000,2.0,true,converged_trial,0,324,648,9.7930692983e-12,0.043750800
CGPM,P16,10000,2.0,true,converged_trial,0,74,423,9.9577631621e-12,0.015988000
STTDFPM,P16,10000,2.0,true,converged_trial,0,136,413,9.2285484086e-12,0.021886200
SOPP,P16,10000,5.0,true,converged_trial,0,265,912,8.3926943948e-12,0.052592400
SDLP,P16,10000,5.0,true,converged_trial,0,98,393,9.6981215817e-12,0.185658800
MOPCGM,P16,10000,5.0,true,converged_trial,0,389,778,9.9225941440e-12,0.084221500
CGPM,P16,10000,5.0,true,converged_trial,0,161,873,9.5460233069e-12,0.050923000
STTDFPM,P16,10000,5.0,true,converged_trial,0,163,493,9.4095275726e-12,0.025549800
SOPP,P16,10000,1/k,true,converged_trial,0,366,782,9.8768189906e-12,0.061306700
SDLP,P16,10000,1/k,true,converged_trial,0,88,359,8.3394059997e-12,0.017990100
MOPCGM,P16,10000,1/k,true,converged_trial,0,377,754,9.9641037001e-12,0.052352800
CGPM,P16,10000,1/k,true,converged_trial,0,254,1364,9.9548061678e-12,0.214364700
STTDFPM,P16,10000,1/k,true,converged_trial,0,174,522,9.7753307148e-12,0.044842400
SOPP,P16,10000,k/n,true,converged_trial,0,319,776,9.7731680472e-12,0.086823400
SDLP,P16,10000,k/n,true,converged_trial,0,83,340,9.9456562889e-12,0.021539400
MOPCGM,P16,10000,k/n,true,converged_trial,0,378,756,9.9963625926e-12,0.051493900
CGPM,P16,10000,k/n,true,converged_trial,0,288,1538,9.9413812321e-12,0.061398700
STTDFPM,P16,10000,k/n,true,converged_trial,0,165,498,9.3678691526e-12,0.026697500
SOPP,P17,10000,0.4,true,converged_trial,0,50,100,8.8839532349e-12,0.010985800
SDLP,P17,10000,0.4,true,converged_projected,0,1,3,0.0000000000e+00,0.000197600
MOPCGM,P17,10000,0.4,true,converged_trial,0,276,552,9.2541450133e-12,0.055643800
CGPM,P17,10000,0.4,true,converged_trial,0,17,51,2.7744339735e-12,0.004715500
STTDFPM,P17,10000,0.4,true,converged_trial,0,8,24,4.8546645532e-12,0.001727800
SOPP,P17,10000,0.5,true,converged_projected,0,50,101,8.0393886937e-12,0.011496800
SDLP,P17,10000,0.5,true,converged_projected,0,1,3,0.0000000000e+00,0.000249300
MOPCGM,P17,10000,0.5,true,converged_trial,0,278,556,9.2915032196e-12,0.215015900
CGPM,P17,10000,0.5,true,converged_trial,0,17,51,3.3526038604e-12,0.006760100
STTDFPM,P17,10000,0.5,true,converged_trial,0,8,24,6.8623511386e-12,0.003131200
SOPP,P17,10000,0.6,true,converged_projected,0,50,101,9.4903863446e-12,0.018316600
SDLP,P17,10000,0.6,true,converged_projected,0,1,3,0.0000000000e+00,0.000223200
MOPCGM,P17,10000,0.6,true,converged_trial,0,279,558,9.9345079833e-12,0.084830400
CGPM,P17,10000,0.6,true,converged_trial,0,17,51,3.8633395580e-12,0.006923800
STTDFPM,P17,10000,0.6,true,converged_trial,0,8,24,7.9974521319e-12,0.003147100
SOPP,P17,10000,0.8,true,converged_trial,0,51,102,9.0742614887e-12,0.016833100
SDLP,P17,10000,0.8,true,converged_projected,0,1,3,0.0000000000e+00,0.000239300
MOPCGM,P17,10000,0.8,true,converged_trial,0,282,564,9.4218310409e-12,0.068151100
CGPM,P17,10000,0.8,true,converged_trial,0,17,51,4.6633722300e-12,0.004454200
STTDFPM,P17,10000,0.8,true,converged_projected,0,7,22,5.3312405368e-12,0.002155300
SOPP,P17,10000,1.0,true,converged_projected,0,51,103,7.8031782441e-12,0.011472700
SDLP,P17,10000,1.0,true,converged_projected,0,1,3,0.0000000000e+00,0.000215000
MOPCGM,P17,10000,1.0,true,converged_trial,0,284,568,9.2603642850e-12,0.056826200
CGPM,P17,10000,1.0,true,converged_trial,0,17,51,5.1594545091e-12,0.004225500
STTDFPM,P17,10000,1.0,true,converged_projected,0,1,4,0.0000000000e+00,0.000261000
SOPP,P17,10000,1.1,true,converged_projected,0,51,103,8.2435316980e-12,0.012566200
SDLP,P17,10000,1.1,true,converged_projected,0,1,3,0.0000000000e+00,0.000208900
MOPCGM,P17,10000,1.1,true,converged_trial,0,285,570,9.0182950314e-12,0.056580000
CGPM,P17,10000,1.1,true,converged_trial,0,17,51,5.2948684156e-12,0.004372100
STTDFPM,P17,10000,1.1,true,converged_projected,0,1,4,0.0000000000e+00,0.000277300
SOPP,P17,10000,2.0,true,converged_trial,0,51,102,9.3273174043e-12,0.010900300
SDLP,P17,10000,2.0,true,converged_projected,0,2,7,0.0000000000e+00,0.000517500
MOPCGM,P17,10000,2.0,true,converged_trial,0,289,578,9.0447540747e-12,0.214718100
CGPM,P17,10000,2.0,true,converged_trial,0,17,51,2.6344655407e-12,0.007652000
STTDFPM,P17,10000,2.0,true,converged_projected,0,1,4,0.0000000000e+00,0.000675000
SOPP,P17,10000,5.0,true,converged_projected,0,50,102,7.7635688886e-12,0.020483000
SDLP,P17,10000,5.0,true,converged_projected,0,1,4,0.0000000000e+00,0.000298500
MOPCGM,P17,10000,5.0,true,converged_trial,0,293,586,9.1121768907e-12,0.074067100
CGPM,P17,10000,5.0,true,converged_trial,0,16,49,9.6344963671e-12,0.005910200
STTDFPM,P17,10000,5.0,true,converged_projected,0,7,22,3.0240924756e-12,0.003375300
SOPP,P17,10000,1/k,true,converged_trial,0,44,88,9.7736773373e-12,0.016002800
SDLP,P17,10000,1/k,true,converged_projected,0,1,3,0.0000000000e+00,0.000202400
MOPCGM,P17,10000,1/k,true,converged_trial,0,243,486,9.2007649474e-12,0.055289300
CGPM,P17,10000,1/k,true,converged_trial,0,46,138,2.6664836800e-12,0.011431000
STTDFPM,P17,10000,1/k,true,converged_projected,0,26,82,9.1620799993e-12,0.007119500
SOPP,P17,10000,k/n,true,converged_projected,0,50,101,8.8732671888e-12,0.012270300
SDLP,P17,10000,k/n,true,converged_projected,0,1,3,0.0000000000e+00,0.000202500
MOPCGM,P17,10000,k/n,true,converged_trial,0,279,558,9.3667172355e-12,0.056470600
CGPM,P17,10000,k/n,true,converged_trial,0,60,182,5.5498790909e-12,0.014851900
STTDFPM,P17,10000,k/n,true,converged_projected,0,27,83,4.2449857664e-12,0.006202500
SOPP,P18,10000,0.4,true,converged_trial,0,9,18,9.2370555649e-12,0.003556900
SDLP,P18,10000,0.4,true,converged_projected,0,2,7,5.5955240441e-12,0.000898300
MOPCGM,P18,10000,0.4,true,converged_trial,0,44,88,9.9031893797e-12,0.014574900
CGPM,P18,10000,0.4,true,converged_trial,0,4,12,3.7747582837e-12,0.001551400
STTDFPM,P18,10000,0.4,true,converged_projected,0,4,12,7.9936057773e-13,0.001566600
SOPP,P18,10000,0.5,true,converged_trial,0,9,18,9.2370555649e-12,0.003776300
SDLP,P18,10000,0.5,true,converged_projected,0,2,7,5.5955240441e-12,0.000886600
MOPCGM,P18,10000,0.5,true,converged_trial,0,44,88,9.9031893797e-12,0.014724100
CGPM,P18,10000,0.5,true,converged_trial,0,4,12,3.7747582837e-12,0.001559000
STTDFPM,P18,10000,0.5,true,converged_projected,0,4,12,3.7747582837e-13,0.001583600
SOPP,P18,10000,0.6,true,converged_trial,0,9,18,9.2370555649e-12,0.003631900
SDLP,P18,10000,0.6,true,converged_projected,0,2,7,5.5955240441e-12,0.000885900
MOPCGM,P18,10000,0.6,true,converged_trial,0,44,88,9.9031893797e-12,0.014528100
CGPM,P18,10000,0.6,true,converged_trial,0,4,12,3.7747582837e-12,0.001591500
STTDFPM,P18,10000,0.6,true,converged_trial,0,4,11,6.9055872132e-12,0.001473300
SOPP,P18,10000,0.8,true,converged_trial,0,9,18,9.2370555649e-12,0.003279400
SDLP,P18,10000,0.8,true,converged_projected,0,2,7,5.5955240441e-12,0.000898500
MOPCGM,P18,10000,0.8,true,converged_trial,0,44,88,9.9031893797e-12,0.015063300
CGPM,P18,10000,0.8,true,converged_trial,0,4,12,3.7747582837e-12,0.001538800
STTDFPM,P18,10000,0.8,true,converged_projected,0,3,9,8.8373752760e-12,0.001183300
SOPP,P18,10000,1.0,true,converged_trial,0,9,18,9.2370555649e-12,0.003482700
SDLP,P18,10000,1.0,true,converged_projected,0,2,7,5.5955240441e-12,0.000891300
MOPCGM,P18,10000,1.0,true,converged_trial,0,43,86,9.9031893797e-12,0.014163300
CGPM,P18,10000,1.0,true,converged_trial,0,1,2,0.0000000000e+00,0.000267400
STTDFPM,P18,10000,1.0,true,converged_projected,0,2,7,9.7699626167e-13,0.000932700
SOPP,P18,10000,1.1,true,converged_trial,0,48,96,7.8159700934e-12,0.017063500
SDLP,P18,10000,1.1,true,converged_trial,0,6,17,4.7073456244e-12,0.002386600
MOPCGM,P18,10000,1.1,true,converged_trial,0,263,526,9.7699626167e-12,0.247059600
CGPM,P18,10000,1.1,true,converged_trial,0,15,44,3.4194869158e-12,0.005945800
STTDFPM,P18,10000,1.1,true,converged_projected,0,3,9,3.3306690739e-13,0.001706600
SOPP,P18,10000,2.0,true,converged_trial,0,52,104,8.7707618945e-12,0.038944900
SDLP,P18,10000,2.0,true,converged_trial,0,5,14,7.0610184366e-12,0.003203400
MOPCGM,P18,10000,2.0,true,converged_trial,0,289,578,9.9920072216e-12,0.125855800
CGPM,P18,10000,2.0,true,converged_trial,0,18,53,1.9095836024e-12,0.007458500
STTDFPM,P18,10000,2.0,true,converged_projected,0,3,9,3.5971225998e-12,0.001281300
SOPP,P18,10000,5.0,true,converged_trial,0,55,110,9.3924867883e-12,0.020931800
SDLP,P18,10000,5.0,true,converged_projected,0,6,17,8.4376949872e-12,0.002460500
MOPCGM,P18,10000,5.0,true,converged_trial,0,315,630,9.4591001698e-12,0.105309600
CGPM,P18,10000,5.0,true,converged_trial,0,19,55,8.4154905267e-12,0.007854400
STTDFPM,P18,10000,5.0,true,converged_projected,0,4,13,3.9301895072e-12,0.003279600
SOPP,P18,10000,1/k,true,converged_trial,0,9,18,9.2370555649e-12,0.003421900
SDLP,P18,10000,1/k,true,converged_projected,0,2,7,5.5955240441e-12,0.000932600
MOPCGM,P18,10000,1/k,true,converged_trial,0,275,550,9.3664383656e-12,0.093873300
CGPM,P18,10000,1/k,true,converged_trial,0,47,144,7.4364467883e-12,0.020552400
STTDFPM,P18,10000,1/k,true,converged_trial,0,45,137,7.5140200864e-12,0.173951300
SOPP,P18,10000,k/n,true,converged_trial,0,9,18,9.2370555649e-12,0.002878000
SDLP,P18,10000,k/n,true,converged_projected,0,2,7,5.5955240441e-12,0.000927100
MOPCGM,P18,10000,k/n,true,converged_trial,0,44,88,9.9030368473e-12,0.021389800
CGPM,P18,10000,k/n,true,converged_trial,0,7,22,6.0663626139e-12,0.003209400
STTDFPM,P18,10000,k/n,true,converged_projected,0,3,10,1.3544050200e-12,0.001424300
SOPP,P19,10000,0.4,true,converged_trial,0,29,100,6.7067011666e-12,0.005966500
SDLP,P19,10000,0.4,true,converged_trial,0,34,116,4.0530079293e-12,0.017343400
MOPCGM,P19,10000,0.4,false,line_search_failed,0,1,52,2.5595999880e+05,0.001571200
CGPM,P19,10000,0.4,true,converged_trial,0,29,176,4.8737923419e-12,0.009993500
STTDFPM,P19,10000,0.4,false,stalled_direction,0,3,18,2.3605551892e-03,0.001724600
SOPP,P19,10000,0.5,true,converged_projected,0,28,103,7.0979680467e-12,0.014981500
SDLP,P19,10000,0.5,true,converged_trial,0,34,117,4.0530079293e-12,0.006689700
MOPCGM,P19,10000,0.5,false,line_search_failed,0,1,52,4.9994999900e+05,0.003569900
CGPM,P19,10000,0.5,true,converged_trial,0,29,152,9.1440743866e-12,0.015175700
STTDFPM,P19,10000,0.5,false,stalled_direction,0,3,19,2.3603526416e-03,0.000928300
SOPP,P19,10000,0.6,true,converged_projected,0,33,107,8.0185857954e-12,0.009425000
SDLP,P19,10000,0.6,true,converged_trial,0,22,98,9.8161062612e-12,0.016309000
MOPCGM,P19,10000,0.6,false,line_search_failed,0,1,52,8.6393999920e+05,0.001613900
CGPM,P19,10000,0.6,true,converged_trial,0,31,164,9.1440743866e-12,0.012870200
STTDFPM,P19,10000,0.6,false,stalled_direction,0,3,19,2.3602426253e-03,0.000717100
SOPP,P19,10000,0.8,true,converged_projected,0,35,117,6.0429959647e-12,0.008037000
SDLP,P19,10000,0.8,true,converged_trial,0,34,118,4.0530079293e-12,0.007975600
MOPCGM,P19,10000,0.8,false,line_search_failed,0,1,52,2.0479199996e+06,0.001592900
CGPM,P19,10000,0.8,true,converged_trial,0,27,159,5.7095821127e-12,0.007079100
STTDFPM,P19,10000,0.8,false,stalled_direction,0,3,20,2.3601332408e-03,0.001345400
SOPP,P19,10000,1.0,true,converged_projected,0,28,109,8.5794218951e-12,0.007514000
SDLP,P19,10000,1.0,true,converged_trial,0,34,119,4.0530079293e-12,0.006582000
MOPCGM,P19,10000,1.0,false,line_search_failed,0,1,52,3.9999000000e+06,0.001125100
CGPM,P19,10000,1.0,true,converged_trial,0,31,172,9.1440743866e-12,0.009050100
STTDFPM,P19,10000,1.0,false,stalled_direction,0,3,21,2.3600826137e-03,0.000667800
SOPP,P19,10000,1.1,true,converged_projected,0,35,129,6.0429959647e-12,0.008064800
SDLP,P19,10000,1.1,true,converged_trial,0,34,119,4.0530079293e-12,0.007633300
MOPCGM,P19,10000,1.1,false,line_search_failed,0,1,52,5.3238900002e+06,0.001756200
CGPM,P19,10000,1.1,true,converged_trial,0,31,172,9.1440743866e-12,0.007846800
STTDFPM,P19,10000,1.1,false,stalled_direction,0,3,21,2.3600669935e-03,0.000852200
SOPP,P19,10000,2.0,false,line_search_failed,0,1,52,3.1999800002e+07,0.002013800
SDLP,P19,10000,2.0,true,converged_trial,0,34,121,4.0530079293e-12,0.007069900
MOPCGM,P19,10000,2.0,false,line_search_failed,0,1,52,3.1999800002e+07,0.001934400
CGPM,P19,10000,2.0,false,line_search_failed,0,1,25,3.1999800002e+07,0.000627200
STTDFPM,P19,10000,2.0,false,line_search_failed,0,1,19,3.1999800002e+07,0.000511700
SOPP,P19,10000,5.0,false,line_search_failed,0,1,52,4.9999950001e+08,0.002240700
SDLP,P19,10000,5.0,true,converged_trial,0,34,124,4.0530079293e-12,0.007951100
MOPCGM,P19,10000,5.0,false,line_search_failed,0,1,52,4.9999950001e+08,0.002230200
CGPM,P19,10000,5.0,false,line_search_failed,0,1,25,4.9999950001e+08,0.000740300
STTDFPM,P19,10000,5.0,false,line_search_failed,0,1,19,4.9999950001e+08,0.000625800
SOPP,P19,10000,1/k,false,maxiter,0,2000,4005,6.2277361348e-07,0.767360900
SDLP,P19,10000,1/k,false,maxiter,0,2000,5006,2.2659684971e-06,0.601197900
MOPCGM,P19,10000,1/k,false,maxiter,0,2000,4001,1.4032772320e-03,0.562352200
CGPM,P19,10000,1/k,false,maxiter,0,2000,7993,9.2063375174e-03,0.676930200
STTDFPM,P19,10000,1/k,false,maxiter,0,2000,4319,2.4939654324e-05,0.534361300
SOPP,P19,10000,k/n,false,maxiter,0,2000,4041,8.7999543842e-07,0.778070400
SDLP,P19,10000,k/n,false,maxiter,0,2000,5016,6.2289629478e-07,0.622863900
MOPCGM,P19,10000,k/n,false,line_search_failed,0,1,52,7.6991583633e+05,0.007115300
CGPM,P19,10000,k/n,false,maxiter,0,2000,8025,9.2059194247e-03,0.696739900
STTDFPM,P19,10000,k/n,false,stalled_direction,0,3,19,2.3602625873e-03,0.000720000
SOPP,P20,10000,0.4,true,converged_trial,0,28,56,9.3471949246e-12,0.011832300
SDLP,P20,10000,0.4,true,converged_trial,0,26,113,1.7384772571e-12,0.021078500
MOPCGM,P20,10000,0.4,true,converged_trial,0,102,204,8.0239396781e-12,0.041522300
CGPM,P20,10000,0.4,true,converged_trial,0,16,75,1.8708027817e-12,0.013571200
STTDFPM,P20,10000,0.4,true,converged_projected,0,5,18,0.0000000000e+00,0.004450600
SOPP,P20,10000,0.5,true,converged_projected,0,28,57,7.7592886288e-12,0.012978100
SDLP,P20,10000,0.5,true,converged_trial,0,26,114,7.5243094687e-12,0.020553200
MOPCGM,P20,10000,0.5,true,converged_trial,0,100,200,8.2885907274e-12,0.040592800
CGPM,P20,10000,0.5,true,converged_trial,0,16,76,5.4435919474e-12,0.014794800
STTDFPM,P20,10000,0.5,true,converged_projected,0,18,56,5.8040776482e-12,0.010519800
SOPP,P20,10000,0.6,true,converged_projected,0,28,57,9.4795204493e-12,0.012573000
SDLP,P20,10000,0.6,true,converged_projected,0,29,128,7.7592886288e-12,0.022926600
MOPCGM,P20,10000,0.6,true,converged_trial,0,98,196,8.9502183507e-12,0.039775100
CGPM,P20,10000,0.6,true,converged_trial,0,15,71,7.6931258665e-12,0.012340900
STTDFPM,P20,10000,0.6,true,converged_trial,0,15,46,9.3107040515e-12,0.008794000
SOPP,P20,10000,0.8,true,converged_projected,0,27,55,9.0825438753e-12,0.012422600
SDLP,P20,10000,0.8,true,converged_projected,0,29,129,8.6194045390e-12,0.177882500
MOPCGM,P20,10000,0.8,true,converged_trial,0,95,190,8.0901024404e-12,0.038545800
CGPM,P20,10000,0.8,true,converged_trial,0,15,72,2.2016165934e-12,0.017787600
STTDFPM,P20,10000,0.8,true,converged_projected,0,19,57,7.5243094687e-12,0.010193400
SOPP,P20,10000,1.0,true,converged_trial,0,28,56,7.4284748172e-12,0.011271200
SDLP,P20,10000,1.0,true,converged_trial,0,27,120,2.7970814543e-12,0.023140200
MOPCGM,P20,10000,1.0,true,converged_trial,0,92,184,7.5608003418e-12,0.042582300
CGPM,P20,10000,1.0,true,converged_trial,0,15,73,4.9142898487e-12,0.014009300
STTDFPM,P20,10000,1.0,true,converged_trial,0,17,52,4.3484968770e-12,0.011666200
SOPP,P20,10000,1.1,true,converged_trial,0,28,56,7.0314982432e-12,0.018988200
SDLP,P20,10000,1.1,true,converged_projected,0,2,5,0.0000000000e+00,0.000733600
MOPCGM,P20,10000,1.1,true,converged_trial,0,90,180,8.6855673014e-12,0.038464800
CGPM,P20,10000,1.1,true,converged_trial,0,15,73,1.0768496338e-12,0.019004800
STTDFPM,P20,10000,1.1,true,converged_trial,0,17,52,4.4511505125e-12,0.009615400
SOPP,P20,10000,2.0,true,converged_trial,0,28,61,7.8254513911e-12,0.014776100
SDLP,P20,10000,2.0,true,converged_trial,0,30,134,5.1789408981e-12,0.029959200
MOPCGM,P20,10000,2.0,true,converged_trial,0,83,166,8.5829136659e-12,0.033315700
CGPM,P20,10000,2.0,true,converged_projected,0,1,3,0.0000000000e+00,0.000377600
STTDFPM,P20,10000,2.0,true,converged_projected,0,1,3,0.0000000000e+00,0.000371900
SOPP,P20,10000,5.0,true,converged_projected,2,3,8,0.0000000000e+00,0.001697100
SDLP,P20,10000,5.0,true,converged_projected,0,2,5,0.0000000000e+00,0.000897400
MOPCGM,P20,10000,5.0,false,nonfinite,0,7,26,NaN,0.007920300
CGPM,P20,10000,5.0,false,line_search_failed,0,16,317,1.0054077014e+08,0.070952500
STTDFPM,P20,10000,5.0,true,converged_projected,0,4,11,0.0000000000e+00,0.003690800
SOPP,P20,10000,1/k,true,converged_trial,0,41,82,6.5533524747e-12,0.016809100
SDLP,P20,10000,1/k,true,converged_trial,0,43,168,2.6320839928e-12,0.030974000
MOPCGM,P20,10000,1/k,true,converged_trial,0,142,284,8.8829351241e-12,0.055072800
CGPM,P20,10000,1/k,true,converged_trial,0,121,581,9.9695538750e-12,0.104025800
STTDFPM,P20,10000,1/k,false,line_search_failed,0,3,24,2.6395718834e+00,0.002758200
SOPP,P20,10000,k/n,true,converged_projected,0,31,63,9.4682683368e-12,0.013297600
SDLP,P20,10000,k/n,true,converged_trial,0,32,132,3.8891564314e-12,0.024699200
MOPCGM,P20,10000,k/n,true,converged_trial,0,107,214,7.1676675317e-12,0.043439900
CGPM,P20,10000,k/n,true,converged_trial,0,67,333,9.8869361580e-12,0.068782000
STTDFPM,P20,10000,k/n,true,converged_trial,0,69,203,7.0979041535e-12,0.040150600
SOPP,P1,50000,0.4,true,converged_projected,0,51,103,8.0122664146e-12,0.270879400
SDLP,P1,50000,0.4,true,converged_projected,0,1,3,0.0000000000e+00,0.001085300
MOPCGM,P1,50000,0.4,true,converged_trial,0,283,566,9.8973486418e-12,0.607201600
CGPM,P1,50000,0.4,true,converged_trial,0,17,51,6.2038229639e-12,0.183621200
STTDFPM,P1,50000,0.4,true,converged_projected,0,8,25,2.4123022110e-13,0.012534200
SOPP,P1,50000,0.5,true,converged_projected,0,51,103,9.8871407892e-12,0.095641900
SDLP,P1,50000,0.5,true,converged_projected,0,1,3,0.0000000000e+00,0.001467300
MOPCGM,P1,50000,0.5,true,converged_trial,0,285,570,9.9373034071e-12,0.605323700
CGPM,P1,50000,0.5,true,converged_trial,0,17,51,7.4966501336e-12,0.186494800
STTDFPM,P1,50000,0.5,true,converged_projected,0,8,25,3.4099296959e-13,0.013498600
SOPP,P1,50000,0.6,true,converged_trial,0,52,104,8.7537239622e-12,0.107805500
SDLP,P1,50000,0.6,true,converged_projected,0,1,3,0.0000000000e+00,0.001210400
MOPCGM,P1,50000,0.6,true,converged_trial,0,287,574,9.5624998375e-12,0.757596600
CGPM,P1,50000,0.6,true,converged_trial,0,17,51,8.6386898720e-12,0.029468200
STTDFPM,P1,50000,0.6,true,converged_projected,0,8,25,3.9739659142e-13,0.017682500
SOPP,P1,50000,0.8,true,converged_projected,0,52,105,8.1839017655e-12,0.095701700
SDLP,P1,50000,0.8,true,converged_projected,0,1,3,0.0000000000e+00,0.001528200
MOPCGM,P1,50000,0.8,true,converged_trial,0,290,580,9.0690206247e-12,0.761246900
CGPM,P1,50000,0.8,true,converged_trial,0,18,54,1.6684187697e-12,0.036642600
STTDFPM,P1,50000,0.8,true,converged_trial,0,8,24,5.3644573100e-12,0.012116400
SOPP,P1,50000,1.0,true,converged_projected,0,52,105,9.5966403469e-12,0.099621800
SDLP,P1,50000,1.0,true,converged_projected,0,1,3,0.0000000000e+00,0.001526800
MOPCGM,P1,50000,1.0,true,converged_trial,0,291,582,9.9040001801e-12,0.777481200
CGPM,P1,50000,1.0,true,converged_trial,0,18,54,1.8459025615e-12,0.035586500
STTDFPM,P1,50000,1.0,true,converged_projected,0,1,4,0.0000000000e+00,0.001512100
SOPP,P1,50000,1.1,true,converged_trial,0,53,106,7.6036526162e-12,0.100486000
SDLP,P1,50000,1.1,true,converged_projected,0,1,3,0.0000000000e+00,0.001524700
MOPCGM,P1,50000,1.1,true,converged_trial,0,292,584,9.6451060527e-12,0.765584500
CGPM,P1,50000,1.1,true,converged_trial,0,18,54,1.8943497135e-12,0.034921000
STTDFPM,P1,50000,1.1,true,converged_projected,0,1,4,0.0000000000e+00,0.002016200
SOPP,P1,50000,2.0,true,converged_projected,0,52,105,8.4121280247e-12,0.103855700
SDLP,P1,50000,2.0,true,converged_projected,0,2,7,0.0000000000e+00,0.003373200
MOPCGM,P1,50000,2.0,true,converged_trial,0,296,592,9.6734041155e-12,0.793312100
CGPM,P1,50000,2.0,true,converged_trial,0,17,51,5.8908440333e-12,0.029726300
STTDFPM,P1,50000,2.0,true,converged_projected,0,1,4,0.0000000000e+00,0.002209900
SOPP,P1,50000,5.0,true,converged_projected,0,51,104,9.5479272806e-12,0.101230200
SDLP,P1,50000,5.0,true,converged_projected,0,1,4,0.0000000000e+00,0.001597800
MOPCGM,P1,50000,5.0,true,converged_trial,0,300,600,9.7455131126e-12,0.781125700
CGPM,P1,50000,5.0,true,converged_trial,0,17,52,3.4469422089e-12,0.035823200
STTDFPM,P1,50000,5.0,true,converged_projected,0,7,22,6.7620763450e-12,0.010778200
SOPP,P1,50000,1/k,true,converged_trial,0,44,88,9.7739778920e-12,0.079379400
SDLP,P1,50000,1/k,true,converged_projected,0,1,3,0.0000000000e+00,0.001151900
MOPCGM,P1,50000,1/k,true,converged_trial,0,243,486,9.2010149650e-12,0.516555200
CGPM,P1,50000,1/k,true,converged_trial,0,48,144,5.7655640145e-12,0.238022300
STTDFPM,P1,50000,1/k,true,converged_trial,0,28,84,7.8373576190e-12,0.053437900
SOPP,P1,50000,k/n,true,converged_trial,0,52,104,8.1840653887e-12,0.090798000
SDLP,P1,50000,k/n,true,converged_projected,0,1,3,0.0000000000e+00,0.001185300
MOPCGM,P1,50000,k/n,true,converged_trial,0,287,574,9.0154660118e-12,0.743541800
CGPM,P1,50000,k/n,true,converged_trial,0,54,162,4.2004872042e-12,0.099185100
STTDFPM,P1,50000,k/n,true,converged_trial,0,37,111,6.9038104147e-12,0.058339400
SOPP,P2,50000,0.4,true,converged_projected,0,51,103,9.2844918602e-12,0.249881700
SDLP,P2,50000,0.4,true,converged_projected,0,2,6,0.0000000000e+00,0.003470400
MOPCGM,P2,50000,0.4,true,converged_trial,0,286,572,9.0858933908e-12,0.639352000
CGPM,P2,50000,0.4,true,converged_trial,0,17,50,3.1775801466e-12,0.031114300
STTDFPM,P2,50000,0.4,true,converged_projected,0,1,3,0.0000000000e+00,0.001321800
SOPP,P2,50000,0.5,true,converged_trial,0,52,104,8.9369445700e-12,0.251659800
SDLP,P2,50000,0.5,true,converged_projected,0,2,6,0.0000000000e+00,0.003241500
MOPCGM,P2,50000,0.5,true,converged_trial,0,288,576,9.6816895421e-12,0.640949700
CGPM,P2,50000,0.5,true,converged_trial,0,17,50,5.1139184633e-12,0.031108200
STTDFPM,P2,50000,0.5,true,converged_projected,0,1,3,0.0000000000e+00,0.001452600
SOPP,P2,50000,0.6,true,converged_projected,0,52,105,8.0432499455e-12,0.249398200
SDLP,P2,50000,0.6,true,converged_projected,0,2,6,0.0000000000e+00,0.003621100
MOPCGM,P2,50000,0.6,true,converged_trial,0,290,580,9.8802879287e-12,0.632343500
CGPM,P2,50000,0.6,true,converged_trial,0,17,50,7.6460520281e-12,0.031214200
STTDFPM,P2,50000,0.6,true,converged_projected,0,1,3,0.0000000000e+00,0.001397000
SOPP,P2,50000,0.8,true,converged_trial,0,53,106,8.2914978304e-12,0.248270700
SDLP,P2,50000,0.8,true,converged_projected,0,2,6,0.0000000000e+00,0.007360400
MOPCGM,P2,50000,0.8,true,converged_trial,0,294,588,9.5823904095e-12,0.639689300
CGPM,P2,50000,0.8,true,converged_trial,0,18,53,2.4328347656e-12,0.188428400
STTDFPM,P2,50000,0.8,true,converged_projected,0,1,3,0.0000000000e+00,0.001465800
SOPP,P2,50000,1.0,true,converged_projected,0,53,107,7.8943007158e-12,0.098171300
SDLP,P2,50000,1.0,true,converged_projected,0,2,6,0.0000000000e+00,0.003466500
MOPCGM,P2,50000,1.0,true,converged_trial,0,297,594,9.6320403257e-12,0.673255800
CGPM,P2,50000,1.0,true,converged_trial,0,18,53,4.2698733956e-12,0.163327400
STTDFPM,P2,50000,1.0,true,converged_projected,0,1,3,0.0000000000e+00,0.001780200
SOPP,P2,50000,1.1,true,converged_projected,0,53,107,8.8376452013e-12,0.119557000
SDLP,P2,50000,1.1,true,converged_projected,0,2,6,0.0000000000e+00,0.003468900
MOPCGM,P2,50000,1.1,true,converged_trial,0,298,596,9.9795875139e-12,0.810625400
CGPM,P2,50000,1.1,true,converged_trial,0,18,53,5.5607654884e-12,0.035139200
STTDFPM,P2,50000,1.1,true,converged_projected,0,1,3,0.0000000000e+00,0.001431700
SOPP,P2,50000,2.0,true,converged_trial,0,55,110,7.5964024178e-12,0.109386300
SDLP,P2,50000,2.0,true,converged_projected,0,2,5,0.0000000000e+00,0.002996500
MOPCGM,P2,50000,2.0,true,converged_trial,0,308,616,9.5823904236e-12,0.821481700
CGPM,P2,50000,2.0,true,converged_trial,0,16,46,2.9293313552e-12,0.028660600
STTDFPM,P2,50000,2.0,true,converged_projected,0,2,6,0.0000000000e+00,0.003305200
SOPP,P2,50000,5.0,true,converged_trial,0,57,114,9.4334410443e-12,0.106992000
SDLP,P2,50000,5.0,true,converged_projected,0,3,7,0.0000000000e+00,0.004860300
MOPCGM,P2,50000,5.0,true,converged_trial,0,328,656,9.9299382191e-12,0.841410900
CGPM,P2,50000,5.0,true,converged_trial,0,19,54,5.1139179281e-12,0.036380900
STTDFPM,P2,50000,5.0,true,converged_projected,0,2,7,0.0000000000e+00,0.013841700
SOPP,P2,50000,1/k,true,converged_projected,0,44,89,9.4914669690e-12,0.076501000
SDLP,P2,50000,1/k,true,converged_projected,0,2,6,0.0000000000e+00,0.002957100
MOPCGM,P2,50000,1/k,true,converged_trial,0,247,494,9.5337069226e-12,0.701092800
CGPM,P2,50000,1/k,true,converged_trial,0,47,140,7.5514068402e-12,0.097745500
STTDFPM,P2,50000,1/k,true,converged_trial,0,45,134,6.6839745653e-12,0.082580000
SOPP,P2,50000,k/n,true,converged_projected,0,52,105,7.9649258999e-12,0.246503200
SDLP,P2,50000,k/n,true,converged_projected,0,2,6,0.0000000000e+00,0.003760800
MOPCGM,P2,50000,k/n,true,converged_trial,0,291,582,9.2920113230e-12,0.619705600
CGPM,P2,50000,k/n,true,converged_trial,0,56,167,9.1147710132e-12,0.272925600
STTDFPM,P2,50000,k/n,true,converged_trial,0,57,170,7.5459099474e-12,0.109752800
SOPP,P3,50000,0.4,true,converged_trial,0,51,102,8.5399174872e-12,0.084956900
SDLP,P3,50000,0.4,true,converged_projected,0,1,3,0.0000000000e+00,0.001043500
MOPCGM,P3,50000,0.4,true,converged_trial,0,281,562,9.9797872961e-12,0.696715000
CGPM,P3,50000,0.4,true,converged_trial,0,17,51,2.9790409839e-12,0.029116200
STTDFPM,P3,50000,0.4,true,converged_projected,0,1,4,0.0000000000e+00,0.001593700
SOPP,P3,50000,0.5,true,converged_trial,0,51,102,9.5825818315e-12,0.093960700
SDLP,P3,50000,0.5,true,converged_projected,0,1,3,0.0000000000e+00,0.001281200
MOPCGM,P3,50000,0.5,true,converged_trial,0,283,566,9.6322325146e-12,0.701834300
CGPM,P3,50000,0.5,true,converged_trial,0,17,51,3.0286916670e-12,0.026523700
STTDFPM,P3,50000,0.5,true,converged_projected,0,1,4,0.0000000000e+00,0.001647600
SOPP,P3,50000,0.6,true,converged_projected,0,51,103,7.3483010936e-12,0.082842300
SDLP,P3,50000,0.6,true,converged_projected,0,1,3,0.0000000000e+00,0.001036400
MOPCGM,P3,50000,0.6,true,converged_trial,0,284,568,9.8804859299e-12,0.714799600
CGPM,P3,50000,0.6,true,converged_trial,0,17,51,2.9790409839e-12,0.028778700
STTDFPM,P3,50000,0.6,true,converged_projected,0,1,4,0.0000000000e+00,0.001324300
SOPP,P3,50000,0.8,true,converged_trial,0,51,102,8.7385202194e-12,0.079829400
SDLP,P3,50000,0.8,true,converged_projected,0,2,7,0.0000000000e+00,0.003425700
MOPCGM,P3,50000,0.8,true,converged_trial,0,286,572,9.6322325146e-12,0.725000200
CGPM,P3,50000,0.8,true,converged_trial,0,17,51,2.1349793718e-12,0.041399100
STTDFPM,P3,50000,0.8,true,converged_projected,0,1,4,0.0000000000e+00,0.002118100
SOPP,P3,50000,1.0,true,converged_projected,0,49,99,9.3343284162e-12,0.093137100
SDLP,P3,50000,1.0,true,converged_projected,0,2,7,0.0000000000e+00,0.003238300
MOPCGM,P3,50000,1.0,true,converged_trial,0,287,574,9.8308352469e-12,0.722986700
CGPM,P3,50000,1.0,true,converged_trial,0,18,56,3.4258971315e-12,0.029407700
STTDFPM,P3,50000,1.0,true,converged_projected,0,1,4,0.0000000000e+00,0.001409300
SOPP,P3,50000,1.1,true,converged_projected,0,1,3,0.0000000000e+00,0.002369800
SDLP,P3,50000,1.1,true,converged_projected,0,2,7,0.0000000000e+00,0.002943300
MOPCGM,P3,50000,1.1,true,converged_trial,0,288,576,9.2846777331e-12,0.549748200
CGPM,P3,50000,1.1,true,converged_trial,0,18,56,3.4258971315e-12,0.030371800
STTDFPM,P3,50000,1.1,true,converged_projected,0,1,4,0.0000000000e+00,0.001366300
SOPP,P3,50000,2.0,true,converged_trial,0,52,107,8.8378215856e-12,0.232946300
SDLP,P3,50000,2.0,true,converged_projected,0,4,15,0.0000000000e+00,0.007577400
MOPCGM,P3,50000,2.0,true,converged_trial,0,290,580,9.1853763670e-12,0.546280800
CGPM,P3,50000,2.0,true,converged_trial,0,18,57,3.5251984976e-12,0.029764200
STTDFPM,P3,50000,2.0,true,converged_projected,0,1,5,0.0000000000e+00,0.001750300
SOPP,P3,50000,5.0,true,converged_trial,0,54,121,8.5895681702e-12,0.244201300
SDLP,P3,50000,5.0,true,converged_projected,0,4,18,0.0000000000e+00,0.008163700
MOPCGM,P3,50000,5.0,true,converged_trial,0,282,575,9.4832804654e-12,0.553251500
CGPM,P3,50000,5.0,true,converged_trial,0,18,61,3.5251984976e-12,0.030388800
STTDFPM,P3,50000,5.0,true,converged_projected,0,1,8,0.0000000000e+00,0.002711600
SOPP,P3,50000,1/k,true,converged_projected,0,45,91,9.0067937714e-12,0.220962100
SDLP,P3,50000,1/k,true,converged_projected,0,16,48,9.1520215128e-12,0.025955100
MOPCGM,P3,50000,1/k,true,converged_trial,0,240,480,9.3093344833e-12,0.476180000
CGPM,P3,50000,1/k,true,converged_trial,0,42,128,9.5746794170e-12,0.070273500
STTDFPM,P3,50000,1/k,true,converged_trial,0,51,152,7.6285053743e-12,0.078238500
SOPP,P3,50000,k/n,true,converged_projected,0,52,105,8.3646988060e-12,0.246201700
SDLP,P3,50000,k/n,true,converged_projected,0,20,61,7.0864432214e-12,0.035071200
MOPCGM,P3,50000,k/n,true,converged_trial,0,283,566,9.8431953616e-12,0.547114700
CGPM,P3,50000,k/n,true,converged_trial,0,58,176,8.7494249204e-12,0.250414800
STTDFPM,P3,50000,k/n,true,converged_trial,0,60,179,8.2662263231e-12,0.098355700
SOPP,P4,50000,0.4,true,converged_projected,0,30,63,7.2628850149e-12,0.044741300
SDLP,P4,50000,0.4,true,converged_projected,0,1,4,0.0000000000e+00,0.001032200
MOPCGM,P4,50000,0.4,true,converged_trial,0,87,174,9.5573728045e-12,0.253547500
CGPM,P4,50000,0.4,true,converged_trial,0,55,275,4.7827612496e-12,0.102733200
STTDFPM,P4,50000,0.4,true,converged_projected,0,1,5,0.0000000000e+00,0.001190400
SOPP,P4,50000,0.5,true,converged_trial,0,76,155,8.3228013933e-12,0.256790700
SDLP,P4,50000,0.5,true,converged_projected,0,1,4,0.0000000000e+00,0.001095200
MOPCGM,P4,50000,0.5,true,converged_trial,0,88,176,8.5031093331e-12,0.104647100
CGPM,P4,50000,0.5,true,converged_trial,0,46,230,9.7165637068e-12,0.107515800
STTDFPM,P4,50000,0.5,true,converged_projected,0,1,5,0.0000000000e+00,0.001284600
SOPP,P4,50000,0.6,true,converged_trial,0,205,549,8.6626086009e-12,0.599973700
SDLP,P4,50000,0.6,true,converged_projected,0,1,4,0.0000000000e+00,0.001028800
MOPCGM,P4,50000,0.6,true,converged_trial,0,89,178,7.2639263654e-12,0.126903500
CGPM,P4,50000,0.6,true,converged_trial,0,61,305,7.1447663905e-12,0.274221100
STTDFPM,P4,50000,0.6,true,converged_projected,0,1,5,0.0000000000e+00,0.002880500
SOPP,P4,50000,0.8,true,converged_trial,0,209,553,6.7636114185e-12,0.476259800
SDLP,P4,50000,0.8,true,converged_projected,0,1,4,0.0000000000e+00,0.001066000
MOPCGM,P4,50000,0.8,true,converged_trial,0,90,180,7.0161231580e-12,0.259035200
CGPM,P4,50000,0.8,true,converged_trial,0,57,284,7.9770209129e-12,0.106869800
STTDFPM,P4,50000,0.8,true,converged_projected,0,1,5,0.0000000000e+00,0.001257400
SOPP,P4,50000,1.0,true,converged_trial,0,213,562,8.2443365959e-12,0.646344700
SDLP,P4,50000,1.0,true,converged_projected,0,6,24,1.7080730929e-12,0.010140400
MOPCGM,P4,50000,1.0,true,converged_trial,0,90,180,9.0833972235e-12,0.109490700
CGPM,P4,50000,1.0,true,converged_trial,0,54,269,5.3082750354e-12,0.256146500
STTDFPM,P4,50000,1.0,true,converged_projected,0,1,5,0.0000000000e+00,0.001606100
SOPP,P4,50000,1.1,true,converged_trial,0,217,572,9.6797896297e-12,0.485286500
SDLP,P4,50000,1.1,true,converged_projected,0,6,24,5.3624257274e-12,0.009437300
MOPCGM,P4,50000,1.1,true,converged_trial,0,91,182,7.1205619708e-12,0.267850200
CGPM,P4,50000,1.1,true,converged_trial,0,57,284,8.3866255588e-12,0.105632600
STTDFPM,P4,50000,1.1,true,converged_projected,0,1,5,0.0000000000e+00,0.001220100
SOPP,P4,50000,2.0,true,converged_trial,0,98,234,8.0156411327e-12,0.296243800
SDLP,P4,50000,2.0,true,converged_projected,0,5,20,0.0000000000e+00,0.009969100
MOPCGM,P4,50000,2.0,true,converged_trial,0,93,186,7.6661560542e-12,0.106620600
CGPM,P4,50000,2.0,true,converged_trial,0,55,274,5.3915378105e-12,0.253573600
STTDFPM,P4,50000,2.0,true,converged_trial,0,34,102,6.6833444514e-12,0.044712100
SOPP,P4,50000,5.0,false,maxiter,5,2000,59045,5.0664803389e+06,26.953521900
SDLP,P4,50000,5.0,false,line_search_failed,0,6,62,2.5859657989e+103,0.018443900
MOPCGM,P4,50000,5.0,true,converged_trial,0,101,202,9.5010597530e-12,0.272847100
CGPM,P4,50000,5.0,false,line_search_failed,0,50,948,9.4072985267e+07,0.413449200
STTDFPM,P4,50000,5.0,true,converged_trial,0,40,119,8.8495905396e-12,0.051454000
SOPP,P4,50000,1/k,true,converged_trial,0,107,259,7.1065110316e-12,0.315037700
SDLP,P4,50000,1/k,true,converged_trial,0,46,184,8.1050996838e-12,0.076110500
MOPCGM,P4,50000,1/k,true,converged_trial,0,90,180,7.8111206206e-12,0.264030300
CGPM,P4,50000,1/k,true,converged_trial,0,69,344,6.1540303928e-12,0.125775900
STTDFPM,P4,50000,1/k,true,converged_projected,0,14,44,0.0000000000e+00,0.018474300
SOPP,P4,50000,k/n,true,converged_trial,0,628,1885,9.7124806587e-12,1.812041600
SDLP,P4,50000,k/n,true,converged_trial,0,36,143,8.5317262571e-12,0.059639500
MOPCGM,P4,50000,k/n,true,converged_trial,0,91,182,8.2798225872e-12,0.108544700
CGPM,P4,50000,k/n,true,converged_trial,0,86,433,7.8654953015e-12,0.316445500
STTDFPM,P4,50000,k/n,true,converged_projected,0,3,11,3.5411857009e-15,0.003860400
SOPP,P5,50000,0.4,true,converged_projected,0,54,109,7.8448079243e-12,0.301460400
SDLP,P5,50000,0.4,true,converged_trial,0,22,66,4.3696493989e-12,0.065765000
MOPCGM,P5,50000,0.4,true,converged_trial,0,300,600,9.7315500932e-12,0.816035400
CGPM,P5,50000,0.4,true,converged_trial,0,36,108,9.9769939974e-12,0.265011900
STTDFPM,P5,50000,0.4,true,converged_projected,0,8,25,3.9720198896e-13,0.021972700
SOPP,P5,50000,0.5,true,converged_projected,0,54,109,7.5469038259e-12,0.128604200
SDLP,P5,50000,0.5,true,converged_trial,0,22,66,4.1722986952e-12,0.064708000
MOPCGM,P5,50000,0.5,true,converged_trial,0,300,600,9.3343405225e-12,0.985691200
CGPM,P5,50000,0.5,true,converged_trial,0,36,108,9.7701004247e-12,0.105638000
STTDFPM,P5,50000,0.5,true,converged_projected,0,8,25,5.9581680284e-13,0.021976300
SOPP,P5,50000,0.6,true,converged_trial,0,54,108,9.9301366130e-12,0.153305500
SDLP,P5,50000,0.6,true,converged_trial,0,22,66,3.9753742929e-12,0.202668000
MOPCGM,P5,50000,0.6,true,converged_trial,0,299,598,9.8308554481e-12,0.825845300
CGPM,P5,50000,0.6,true,converged_trial,0,36,108,9.3765679125e-12,0.261447500
STTDFPM,P5,50000,0.6,true,converged_projected,0,8,25,4.9650683065e-13,0.021318600
SOPP,P5,50000,0.8,true,converged_trial,0,54,108,8.9371229517e-12,0.127684600
SDLP,P5,50000,0.8,true,converged_trial,0,22,66,3.5831161150e-12,0.065198400
MOPCGM,P5,50000,0.8,true,converged_trial,0,298,596,9.9301526998e-12,0.973163900
CGPM,P5,50000,0.8,true,converged_trial,0,36,108,8.7792196835e-12,0.104848400
STTDFPM,P5,50000,0.8,true,converged_projected,0,8,25,3.9720546452e-13,0.022286000
SOPP,P5,50000,1.0,true,converged_trial,0,54,108,7.9441013959e-12,0.287552600
SDLP,P5,50000,1.0,true,converged_projected,0,21,64,9.2583122032e-12,0.062467100
MOPCGM,P5,50000,1.0,true,converged_trial,0,297,594,9.8308514560e-12,0.810392600
CGPM,P5,50000,1.0,true,converged_trial,0,36,108,8.1801562266e-12,0.264065000
STTDFPM,P5,50000,1.0,true,converged_projected,0,8,25,3.9721539453e-13,0.022563100
SOPP,P5,50000,1.1,true,converged_trial,0,54,108,7.5469038259e-12,0.128760000
SDLP,P5,50000,1.1,true,converged_projected,0,21,64,8.5680433846e-12,0.064750600
MOPCGM,P5,50000,1.1,true,converged_trial,0,297,594,9.3343405225e-12,0.964979200
CGPM,P5,50000,1.1,true,converged_trial,0,36,108,7.7777108213e-12,0.103927000
STTDFPM,P5,50000,1.1,true,converged_projected,0,8,25,3.9720546452e-13,0.021694900
SOPP,P5,50000,2.0,true,converged_projected,0,52,105,8.0434186497e-12,0.282899500
SDLP,P5,50000,2.0,true,converged_trial,0,21,63,4.9847726227e-12,0.060953700
MOPCGM,P5,50000,2.0,true,converged_trial,0,289,578,9.6322527229e-12,0.820658500
CGPM,P5,50000,2.0,true,converged_trial,0,36,108,3.9609360987e-12,0.273009100
STTDFPM,P5,50000,2.0,true,converged_trial,0,8,24,7.2489997275e-12,0.021349600
SOPP,P5,50000,5.0,true,converged_projected,0,54,109,7.7455065581e-12,0.127689300
SDLP,P5,50000,5.0,true,converged_trial,0,22,66,4.5401017244e-12,0.065241600
MOPCGM,P5,50000,5.0,true,converged_trial,0,300,600,9.5329434163e-12,0.972299700
CGPM,P5,50000,5.0,true,converged_trial,0,38,114,5.7373687440e-12,0.112309200
STTDFPM,P5,50000,5.0,true,converged_projected,0,8,25,4.9649690041e-13,0.024570700
SOPP,P5,50000,1/k,true,converged_projected,0,54,109,9.2348269930e-12,0.286628800
SDLP,P5,50000,1/k,true,converged_trial,0,22,66,5.1187702119e-12,0.069734200
MOPCGM,P5,50000,1/k,true,converged_trial,0,302,604,9.1975169695e-12,0.828162600
CGPM,P5,50000,1/k,true,converged_trial,0,38,114,6.7529409794e-12,0.268416900
STTDFPM,P5,50000,1/k,true,converged_projected,0,8,25,5.4918737023e-13,0.021484000
SOPP,P5,50000,k/n,true,converged_projected,0,54,109,7.6187491070e-12,0.130969100
SDLP,P5,50000,k/n,true,converged_projected,0,21,64,3.1016154375e-12,0.063251100
MOPCGM,P5,50000,k/n,true,converged_trial,0,300,600,9.3817246034e-12,1.007504100
CGPM,P5,50000,k/n,true,converged_trial,0,38,114,3.8359471745e-12,0.113448900
STTDFPM,P5,50000,k/n,true,converged_projected,0,8,25,5.0489759834e-13,0.024629200
SOPP,P6,50000,0.4,true,converged_projected,0,32,65,7.7951572412e-12,0.224657500
SDLP,P6,50000,0.4,true,converged_trial,0,16,63,4.7168148912e-12,0.039745600
MOPCGM,P6,50000,0.4,true,converged_trial,0,141,282,9.2350270501e-12,0.208068100
CGPM,P6,50000,0.4,true,converged_trial,0,11,44,4.3940854512e-12,0.023426800
STTDFPM,P6,50000,0.4,true,converged_projected,0,12,37,4.5182121589e-12,0.180872800
SOPP,P6,50000,0.5,true,converged_projected,0,29,59,7.7455065581e-12,0.047761300
SDLP,P6,50000,0.5,true,converged_projected,0,14,56,3.7734519129e-12,0.031553800
MOPCGM,P6,50000,0.5,true,converged_trial,0,130,260,9.0364243178e-12,0.342438700
CGPM,P6,50000,0.5,true,converged_trial,0,10,40,8.5399174872e-12,0.019272700
STTDFPM,P6,50000,0.5,true,converged_projected,0,11,34,7.1496983614e-12,0.018780100
SOPP,P6,50000,0.6,true,converged_trial,0,31,62,9.5081058069e-12,0.048562100
SDLP,P6,50000,0.6,true,converged_trial,0,14,55,9.0860750009e-12,0.029302900
MOPCGM,P6,50000,0.6,true,converged_trial,0,140,280,9.4336297823e-12,0.362001000
CGPM,P6,50000,0.6,true,converged_trial,0,11,44,4.3692601097e-12,0.023721800
STTDFPM,P6,50000,0.6,true,converged_projected,0,12,37,4.1210066944e-12,0.020702100
SOPP,P6,50000,0.8,true,converged_projected,0,32,65,6.9510956291e-12,0.051732300
SDLP,P6,50000,0.8,true,converged_projected,0,16,64,5.3622737710e-12,0.034679200
MOPCGM,P6,50000,0.8,true,converged_trial,0,146,292,9.1357256839e-12,0.374945400
CGPM,P6,50000,0.8,true,converged_trial,0,12,48,9.9301366130e-13,0.025978200
STTDFPM,P6,50000,0.8,true,converged_trial,0,13,39,5.6105271863e-12,0.020703700
SOPP,P6,50000,1.0,true,converged_projected,0,34,69,6.8021435799e-12,0.054352900
SDLP,P6,50000,1.0,true,converged_trial,0,17,67,7.3234757521e-12,0.036795300
MOPCGM,P6,50000,1.0,true,converged_trial,0,149,298,8.6392188533e-12,0.380322100
CGPM,P6,50000,1.0,true,converged_trial,0,12,48,2.1846300549e-12,0.024337300
STTDFPM,P6,50000,1.0,true,converged_trial,0,13,39,9.3343284162e-12,0.021204300
SOPP,P6,50000,1.1,true,converged_trial,0,35,70,7.5965545089e-12,0.218503100
SDLP,P6,50000,1.1,true,converged_projected,0,17,68,3.8231025960e-12,0.035064900
MOPCGM,P6,50000,1.1,true,converged_trial,0,150,300,8.6392188533e-12,0.239489300
CGPM,P6,50000,1.1,true,converged_trial,0,12,48,2.9790409839e-12,0.158448700
STTDFPM,P6,50000,1.1,true,converged_projected,0,13,40,1.8370752734e-12,0.021756900
SOPP,P6,50000,2.0,true,converged_projected,0,37,75,6.2559860662e-12,0.058953300
SDLP,P6,50000,2.0,true,converged_projected,0,19,75,5.4119244541e-12,0.041341900
MOPCGM,P6,50000,2.0,true,converged_trial,0,156,312,8.3413147549e-12,0.420857000
CGPM,P6,50000,2.0,true,converged_trial,0,12,47,5.4615751371e-12,0.024576400
STTDFPM,P6,50000,2.0,true,converged_projected,0,13,40,4.6671642081e-12,0.022863800
SOPP,P6,50000,5.0,true,converged_trial,0,38,76,9.5329311485e-12,0.062235300
SDLP,P6,50000,5.0,true,converged_trial,0,19,73,9.8804859299e-12,0.039554700
MOPCGM,P6,50000,5.0,true,converged_trial,0,169,338,8.6392188533e-12,0.424368300
CGPM,P6,50000,5.0,true,converged_trial,0,14,54,5.9580819678e-13,0.028541000
STTDFPM,P6,50000,5.0,true,converged_projected,0,13,40,2.3832327871e-12,0.021827300
SOPP,P6,50000,1/k,true,converged_trial,0,111,222,8.8544276481e-12,0.347317100
SDLP,P6,50000,1/k,true,converged_projected,0,33,144,2.6408238289e-12,0.075119900
MOPCGM,P6,50000,1/k,true,converged_trial,0,148,296,9.4551203447e-12,0.369508900
CGPM,P6,50000,1/k,true,converged_trial,0,38,220,5.7936843361e-12,0.105837200
STTDFPM,P6,50000,1/k,true,converged_trial,0,56,168,5.2559466134e-12,0.254522600
SOPP,P6,50000,k/n,true,converged_trial,0,65,130,8.3696609069e-12,0.116477300
SDLP,P6,50000,k/n,true,converged_trial,0,30,124,8.5680436565e-12,0.070702500
MOPCGM,P6,50000,k/n,true,converged_trial,0,146,292,8.7193061636e-12,0.362067600
CGPM,P6,50000,k/n,true,converged_trial,0,41,221,6.3406305394e-12,0.263866800
STTDFPM,P6,50000,k/n,true,converged_trial,0,66,199,4.2722104102e-12,0.110893200
SOPP,P8,50000,0.4,true,converged_trial,0,709,1952,9.5824010081e-12,1.760375900
SDLP,P8,50000,0.4,true,converged_trial,0,31,159,7.2646289924e-12,0.050256000
MOPCGM,P8,50000,0.4,true,converged_trial,0,133,266,8.4906463308e-12,0.305529100
CGPM,P8,50000,0.4,true,converged_trial,0,53,317,7.5704562456e-12,0.091689400
STTDFPM,P8,50000,0.4,true,converged_trial,0,73,250,5.8562429906e-12,0.239955400
SOPP,P8,50000,0.5,true,converged_trial,0,576,2062,9.7001488815e-12,1.506860100
SDLP,P8,50000,0.5,true,converged_trial,0,19,95,8.6024572329e-12,0.030187500
MOPCGM,P8,50000,0.5,true,converged_trial,0,132,264,9.3601389144e-12,0.295969300
CGPM,P8,50000,0.5,true,converged_trial,0,53,317,6.6751079878e-12,0.090822300
STTDFPM,P8,50000,0.5,true,converged_trial,0,73,244,8.9256565935e-12,0.252311300
SOPP,P8,50000,0.6,true,converged_trial,0,792,1806,9.8961981712e-12,1.809120500
SDLP,P8,50000,0.6,true,converged_trial,0,23,110,7.9355098366e-12,0.034941600
MOPCGM,P8,50000,0.6,true,converged_trial,0,133,266,9.7665153615e-12,0.140028400
CGPM,P8,50000,0.6,true,converged_trial,0,51,308,5.4152140078e-12,0.244690300
STTDFPM,P8,50000,0.6,true,converged_trial,0,58,187,8.9524387015e-12,0.066802400
SOPP,P8,50000,0.8,true,converged_trial,0,595,1510,9.8004375512e-12,1.426381900
SDLP,P8,50000,0.8,true,converged_trial,0,23,113,5.5625442668e-12,0.036796600
MOPCGM,P8,50000,0.8,true,converged_trial,0,126,252,8.4561945018e-12,0.284674500
CGPM,P8,50000,0.8,true,converged_trial,0,49,294,5.1601593134e-12,0.081944900
STTDFPM,P8,50000,0.8,true,converged_trial,0,67,212,9.9368302382e-12,0.238618100
SOPP,P8,50000,1.0,true,converged_trial,0,660,2262,9.5797888521e-12,1.755918800
SDLP,P8,50000,1.0,true,converged_projected,0,24,116,4.8533223165e-12,0.036383100
MOPCGM,P8,50000,1.0,true,converged_trial,0,88,176,8.4897389857e-12,0.121864900
CGPM,P8,50000,1.0,true,converged_trial,0,48,290,7.4751194639e-12,0.237002600
STTDFPM,P8,50000,1.0,true,converged_trial,0,48,152,7.8368926800e-12,0.054329300
SOPP,P8,50000,1.1,true,converged_trial,0,553,1460,9.5776059869e-12,1.398840900
SDLP,P8,50000,1.1,true,converged_projected,0,26,131,3.6143414683e-12,0.043447300
MOPCGM,P8,50000,1.1,true,converged_trial,0,132,264,9.1413995962e-12,0.295501700
CGPM,P8,50000,1.1,true,converged_trial,0,50,302,8.5007689774e-12,0.085009800
STTDFPM,P8,50000,1.1,true,converged_trial,0,77,245,4.6918581823e-12,0.092685900
SOPP,P8,50000,2.0,true,converged_trial,0,666,1751,9.9969152300e-12,1.666887500
SDLP,P8,50000,2.0,true,converged_projected,0,26,128,3.1805745671e-12,0.042740800
MOPCGM,P8,50000,2.0,true,converged_trial,0,137,282,9.0357559431e-12,0.310945000
CGPM,P8,50000,2.0,true,converged_trial,0,50,306,5.2874406632e-12,0.087503900
STTDFPM,P8,50000,2.0,true,converged_trial,0,69,219,7.2916246847e-12,0.233343100
SOPP,P8,50000,5.0,true,converged_trial,0,917,7981,9.7013543843e-12,3.951153700
SDLP,P8,50000,5.0,true,converged_projected,0,25,124,7.8695037634e-12,0.061222500
MOPCGM,P8,50000,5.0,true,converged_trial,0,130,284,9.8838002576e-12,0.271008700
CGPM,P8,50000,5.0,true,converged_trial,0,54,334,9.4523656132e-12,0.248760900
STTDFPM,P8,50000,5.0,true,converged_trial,0,68,238,9.8048967518e-12,0.080745100
SOPP,P8,50000,1/k,true,converged_trial,0,760,2297,9.8525726626e-12,1.847319200
SDLP,P8,50000,1/k,true,converged_projected,0,34,193,1.9737142380e-12,0.208381100
MOPCGM,P8,50000,1/k,true,converged_trial,0,134,268,8.4314887689e-12,0.144911100
CGPM,P8,50000,1/k,true,converged_trial,0,46,280,5.9691807245e-12,0.233662600
STTDFPM,P8,50000,1/k,true,converged_trial,0,72,226,7.3080598398e-12,0.080301700
SOPP,P8,50000,k/n,true,converged_trial,0,617,1918,9.9189792346e-12,1.700502200
SDLP,P8,50000,k/n,true,converged_trial,0,23,115,4.8144775418e-12,0.036086400
MOPCGM,P8,50000,k/n,true,converged_trial,0,133,266,9.5699143985e-12,0.136044600
CGPM,P8,50000,k/n,true,converged_trial,0,56,340,3.9928635089e-12,0.247458900
STTDFPM,P8,50000,k/n,true,converged_trial,0,79,251,9.4505320914e-12,0.090826200
SOPP,P10,50000,0.4,true,converged_projected,0,35,71,7.4972531428e-12,0.204662800
SDLP,P10,50000,0.4,true,converged_trial,0,23,89,8.3413147549e-12,0.031828500
MOPCGM,P10,50000,0.4,true,converged_trial,0,151,302,9.9301366130e-12,0.180666800
CGPM,P10,50000,0.4,true,converged_trial,0,31,149,8.5399174872e-12,0.177483500
STTDFPM,P10,50000,0.4,true,converged_trial,0,15,43,9.5329311485e-12,0.016764900
SOPP,P10,50000,0.5,true,converged_trial,0,33,66,9.4336297823e-12,0.039154800
SDLP,P10,50000,0.5,true,converged_trial,0,25,97,3.7238012299e-12,0.036065600
MOPCGM,P10,50000,0.5,true,converged_trial,0,150,300,8.9371229517e-12,0.313721700
CGPM,P10,50000,0.5,true,converged_trial,0,28,134,9.7315338807e-12,0.042260900
STTDFPM,P10,50000,0.5,true,converged_trial,0,14,43,7.1000476783e-12,0.013600300
SOPP,P10,50000,0.6,true,converged_projected,0,34,69,8.1427120227e-12,0.043684300
SDLP,P10,50000,0.6,true,converged_trial,0,26,101,3.7238012299e-12,0.192703500
MOPCGM,P10,50000,0.6,true,converged_trial,0,149,298,8.3413147549e-12,0.151566900
CGPM,P10,50000,0.6,true,converged_trial,0,32,155,6.7028422138e-12,0.205471300
STTDFPM,P10,50000,0.6,true,converged_projected,0,13,40,8.0434106565e-12,0.014721500
SOPP,P10,50000,0.8,true,converged_projected,0,35,71,7.1000476783e-12,0.040531500
SDLP,P10,50000,0.8,true,converged_trial,0,25,98,4.2699587436e-12,0.033301300
MOPCGM,P10,50000,0.8,true,converged_trial,0,146,292,9.9301366130e-12,0.304570500
CGPM,P10,50000,0.8,true,converged_trial,0,32,156,7.2986504105e-12,0.048513300
STTDFPM,P10,50000,0.8,true,converged_projected,0,14,42,5.6601778694e-12,0.015711200
SOPP,P10,50000,1.0,true,converged_projected,0,35,71,8.3413147549e-12,0.042318700
SDLP,P10,50000,1.0,true,converged_trial,0,21,83,7.4476024597e-12,0.029683200
MOPCGM,P10,50000,1.0,true,converged_trial,0,144,288,9.9301366130e-12,0.315280000
CGPM,P10,50000,1.0,true,converged_trial,0,30,146,8.9371229517e-12,0.043360600
STTDFPM,P10,50000,1.0,true,converged_projected,0,13,41,2.1349793718e-12,0.014099100
SOPP,P10,50000,1.1,true,converged_projected,0,35,71,7.4972531428e-12,0.196437100
SDLP,P10,50000,1.1,true,converged_trial,0,23,91,8.8378215856e-12,0.031904800
MOPCGM,P10,50000,1.1,true,converged_trial,0,143,286,9.9301366130e-12,0.172630400
CGPM,P10,50000,1.1,true,converged_trial,0,29,141,4.5182121589e-12,0.173056200
STTDFPM,P10,50000,1.1,true,converged_projected,0,12,38,2.5321848363e-12,0.013163300
SOPP,P10,50000,2.0,true,converged_trial,0,29,59,9.3343284162e-12,0.035144000
SDLP,P10,50000,2.0,true,converged_trial,0,18,72,5.0643696726e-12,0.025746200
MOPCGM,P10,50000,2.0,true,converged_trial,0,117,234,8.9371229517e-12,0.277135800
CGPM,P10,50000,2.0,true,converged_trial,0,28,139,6.7028422138e-12,0.044426200
STTDFPM,P10,50000,2.0,true,converged_projected,0,11,35,2.9293903008e-12,0.012935500
SOPP,P10,50000,5.0,true,converged_trial,8,42,84,9.7315338807e-12,0.047576000
SDLP,P10,50000,5.0,true,converged_trial,0,29,105,3.5251984976e-12,0.038405600
MOPCGM,P10,50000,5.0,true,converged_trial,0,140,280,9.4336297823e-12,0.302926200
CGPM,P10,50000,5.0,true,converged_trial,0,33,166,7.8448079243e-12,0.049521300
STTDFPM,P10,50000,5.0,false,maxiter,0,2000,4001,5.7107338604e+00,3.314454600
SOPP,P10,50000,1/k,true,converged_projected,6,47,95,6.0303861339e-12,0.054545600
SDLP,P10,50000,1/k,true,converged_trial,0,30,107,7.7817811957e-12,0.199369900
MOPCGM,P10,50000,1/k,true,converged_trial,0,176,352,9.4336000337e-12,0.180283200
CGPM,P10,50000,1/k,true,converged_trial,0,40,183,6.3579922604e-12,0.210941500
STTDFPM,P10,50000,1/k,false,maxiter,0,2000,4008,1.1611491266e+01,3.339536600
SOPP,P10,50000,k/n,true,converged_projected,0,37,75,7.4251448523e-12,0.043264000
SDLP,P10,50000,k/n,true,converged_projected,0,26,98,7.6975661639e-12,0.035269700
MOPCGM,P10,50000,k/n,true,converged_trial,0,159,318,9.4189156606e-12,0.317666000
CGPM,P10,50000,k/n,true,converged_trial,0,39,187,4.4513616505e-12,0.056972000
STTDFPM,P10,50000,k/n,true,converged_trial,0,74,221,7.2758930530e-12,0.103189800
SOPP,P11,50000,0.4,true,converged_trial,0,58,116,9.5409433140e-12,0.220801200
SDLP,P11,50000,0.4,true,converged_trial,0,26,75,7.1534035145e-12,0.044297500
MOPCGM,P11,50000,0.4,true,converged_trial,0,343,686,9.6417219523e-12,0.794083200
CGPM,P11,50000,0.4,true,converged_trial,0,63,188,3.9055707975e-12,0.113070900
STTDFPM,P11,50000,0.4,true,converged_trial,0,63,189,8.9117027371e-12,0.258494000
SOPP,P11,50000,0.5,true,converged_trial,0,58,116,9.1733046369e-12,0.092065500
SDLP,P11,50000,0.5,true,converged_projected,0,21,61,6.0924909151e-12,0.036816600
MOPCGM,P11,50000,0.5,true,converged_trial,0,342,684,9.6220928693e-12,0.784213700
CGPM,P11,50000,0.5,true,converged_trial,0,64,193,9.5461137799e-12,0.111891700
STTDFPM,P11,50000,0.5,true,converged_trial,0,64,192,6.4788922342e-12,0.261258600
SOPP,P11,50000,0.6,true,converged_trial,0,58,116,8.9333897936e-12,0.089874900
SDLP,P11,50000,0.6,true,converged_projected,0,21,61,7.1146511812e-12,0.036743700
MOPCGM,P11,50000,0.6,true,converged_trial,0,341,682,9.5624617214e-12,0.801924000
CGPM,P11,50000,0.6,true,converged_trial,0,63,193,5.2297770256e-12,0.109829000
STTDFPM,P11,50000,0.6,true,converged_trial,0,63,190,7.0161274594e-12,0.259851600
SOPP,P11,50000,0.8,true,converged_trial,0,58,116,8.5220853324e-12,0.091528300
SDLP,P11,50000,0.8,true,converged_trial,0,22,63,4.1431739848e-12,0.037903600
MOPCGM,P11,50000,0.8,true,converged_trial,0,339,678,9.3336913392e-12,0.783265800
CGPM,P11,50000,0.8,true,converged_trial,0,65,199,7.6924417005e-12,0.111760300
STTDFPM,P11,50000,0.8,true,converged_trial,0,63,186,8.2013888150e-12,0.256822400
SOPP,P11,50000,1.0,true,converged_trial,0,58,116,8.1855135144e-12,0.095219900
SDLP,P11,50000,1.0,true,converged_trial,0,20,59,7.8289368542e-12,0.038635200
MOPCGM,P11,50000,1.0,true,converged_trial,0,337,674,9.0185130983e-12,0.810278800
CGPM,P11,50000,1.0,true,converged_trial,0,68,251,4.2792506385e-12,0.130887100
STTDFPM,P11,50000,1.0,true,converged_trial,0,62,185,6.7251910199e-12,0.262978700
SOPP,P11,50000,1.1,true,converged_trial,0,58,116,8.3949983305e-12,0.089590700
SDLP,P11,50000,1.1,true,converged_trial,0,23,67,3.6871437238e-12,0.040910600
MOPCGM,P11,50000,1.1,true,converged_trial,0,335,670,9.8355349693e-12,0.779379000
CGPM,P11,50000,1.1,true,converged_trial,0,58,191,3.8024622215e-12,0.105985900
STTDFPM,P11,50000,1.1,true,converged_trial,0,63,188,7.0403196995e-12,0.257668100
SOPP,P11,50000,2.0,true,converged_trial,0,62,129,8.6045115581e-12,0.101279800
SDLP,P11,50000,2.0,true,converged_trial,0,21,64,9.0651214875e-12,0.037057200
MOPCGM,P11,50000,2.0,true,converged_trial,0,325,650,9.2275996812e-12,0.768231600
CGPM,P11,50000,2.0,true,converged_trial,0,65,238,4.0039346185e-12,0.125087500
STTDFPM,P11,50000,2.0,true,converged_trial,0,62,186,6.5286663160e-12,0.254649200
SOPP,P11,50000,5.0,true,converged_projected,0,88,437,8.0422210117e-12,0.385868800
SDLP,P11,50000,5.0,true,converged_trial,0,35,204,7.9838841653e-12,0.099811000
MOPCGM,P11,50000,5.0,false,line_search_failed,0,657,18184,8.8111069814e+04,10.022272800
CGPM,P11,50000,5.0,true,converged_trial,0,72,488,4.2771805159e-12,0.370234200
STTDFPM,P11,50000,5.0,true,converged_trial,0,63,193,7.8731240326e-12,0.103681300
SOPP,P11,50000,1/k,true,converged_trial,0,58,116,8.6354390602e-12,0.256856400
SDLP,P11,50000,1/k,true,converged_trial,0,24,75,9.4341181129e-12,0.041548300
MOPCGM,P11,50000,1/k,true,converged_trial,0,341,682,9.8668283937e-12,0.790493100
CGPM,P11,50000,1/k,true,converged_trial,0,59,173,4.8815249239e-12,0.096530600
STTDFPM,P11,50000,1/k,true,converged_trial,0,63,189,9.4427621813e-12,0.103243700
SOPP,P11,50000,k/n,true,converged_trial,0,59,118,9.3116371587e-12,0.250302100
SDLP,P11,50000,k/n,true,converged_projected,0,23,67,8.6585993941e-12,0.038828300
MOPCGM,P11,50000,k/n,true,converged_trial,0,347,694,9.1677085057e-12,0.834448000
CGPM,P11,50000,k/n,true,converged_trial,0,63,198,3.9765556803e-12,0.109414800
STTDFPM,P11,50000,k/n,true,converged_trial,0,64,189,6.9454857028e-12,0.101269600
SOPP,P12,50000,0.4,true,converged_trial,0,31,62,9.5205184777e-12,0.202618000
SDLP,P12,50000,0.4,true,converged_trial,0,14,55,9.0860750009e-12,0.029033500
MOPCGM,P12,50000,0.4,true,converged_trial,0,140,280,9.3715664285e-12,0.196850800
CGPM,P12,50000,0.4,true,converged_trial,0,11,44,4.3320220974e-12,0.022188400
STTDFPM,P12,50000,0.4,true,converged_projected,0,12,37,4.1085940236e-12,0.173640700
SOPP,P12,50000,0.5,true,converged_projected,0,29,59,7.7330938874e-12,0.045272300
SDLP,P12,50000,0.5,true,converged_projected,0,14,56,3.8231025960e-12,0.030192500
MOPCGM,P12,50000,0.5,true,converged_trial,0,130,260,9.0612496594e-12,0.183651200
CGPM,P12,50000,0.5,true,converged_trial,0,10,40,8.5026794749e-12,0.176033800
STTDFPM,P12,50000,0.5,true,converged_projected,0,11,34,7.1372856906e-12,0.017548800
SOPP,P12,50000,0.6,true,converged_projected,0,32,65,7.7827445704e-12,0.050992900
SDLP,P12,50000,0.6,true,converged_trial,0,16,63,4.7168148912e-12,0.033979700
MOPCGM,P12,50000,0.6,true,converged_trial,0,141,282,9.2350270501e-12,0.352809100
CGPM,P12,50000,0.6,true,converged_trial,0,11,44,4.3816727805e-12,0.022529500
STTDFPM,P12,50000,0.6,true,converged_projected,0,12,37,4.5802755127e-12,0.018946700
SOPP,P12,50000,0.8,true,converged_trial,0,34,68,8.8874722686e-12,0.055384500
SDLP,P12,50000,0.8,true,converged_projected,0,16,64,8.7136948779e-12,0.033723600
MOPCGM,P12,50000,0.8,true,converged_trial,0,146,292,8.8998849394e-12,0.380331100
CGPM,P12,50000,0.8,true,converged_trial,0,12,48,5.7098285525e-13,0.025129700
STTDFPM,P12,50000,0.8,true,converged_projected,0,12,37,8.9991863055e-12,0.019184900
SOPP,P12,50000,1.0,true,converged_trial,0,35,70,7.2738250690e-12,0.054498700
SDLP,P12,50000,1.0,true,converged_trial,0,17,67,7.7330938874e-12,0.036856700
MOPCGM,P12,50000,1.0,true,converged_trial,0,148,296,9.4956931362e-12,0.366218600
CGPM,P12,50000,1.0,true,converged_trial,0,12,48,7.8199825827e-13,0.024322300
STTDFPM,P12,50000,1.0,true,converged_projected,0,12,37,2.2591060795e-12,0.019952800
SOPP,P12,50000,1.1,true,converged_projected,0,35,71,6.3552874323e-12,0.215055600
SDLP,P12,50000,1.1,true,converged_projected,0,17,68,4.7168148912e-12,0.035635400
MOPCGM,P12,50000,1.1,true,converged_trial,0,149,298,9.4956931362e-12,0.369576700
CGPM,P12,50000,1.1,true,converged_trial,0,11,43,1.4274571381e-12,0.023008500
STTDFPM,P12,50000,1.1,true,converged_projected,0,13,40,3.3265957654e-12,0.022849500
SOPP,P12,50000,2.0,true,converged_projected,0,35,71,8.2916640718e-12,0.057739500
SDLP,P12,50000,2.0,true,converged_projected,0,17,67,7.2614123982e-12,0.037039500
MOPCGM,P12,50000,2.0,true,converged_trial,0,158,316,8.6888695364e-12,0.381212100
CGPM,P12,50000,2.0,true,converged_trial,0,12,46,1.0550770151e-12,0.024622400
STTDFPM,P12,50000,2.0,true,converged_projected,0,14,42,1.7501865780e-12,0.024013900
SOPP,P12,50000,5.0,true,converged_trial,0,38,76,9.9053112715e-12,0.059516600
SDLP,P12,50000,5.0,true,converged_projected,0,18,71,7.3234757521e-12,0.039175200
MOPCGM,P12,50000,5.0,true,converged_trial,0,169,338,9.5081058069e-12,0.404943300
CGPM,P12,50000,5.0,true,converged_trial,0,13,50,9.0612496594e-13,0.026311000
STTDFPM,P12,50000,5.0,true,converged_trial,0,14,42,6.8642069337e-12,0.024538700
SOPP,P12,50000,1/k,true,converged_projected,0,34,69,7.7632671827e-12,0.226990400
SDLP,P12,50000,1/k,true,converged_projected,0,20,78,7.3887736332e-12,0.042482600
MOPCGM,P12,50000,1/k,true,converged_trial,0,149,298,8.6414319249e-12,0.365129400
CGPM,P12,50000,1/k,true,converged_trial,0,52,227,2.7361256353e-12,0.115437800
STTDFPM,P12,50000,1/k,true,converged_trial,0,53,159,9.7219504979e-12,0.089834900
SOPP,P12,50000,k/n,true,converged_trial,0,43,86,6.8743915843e-12,0.219573200
SDLP,P12,50000,k/n,true,converged_trial,0,24,87,3.8579031373e-12,0.048271900
MOPCGM,P12,50000,k/n,true,converged_trial,0,146,292,8.7184004695e-12,0.361642900
CGPM,P12,50000,k/n,true,converged_trial,0,59,255,2.2286563017e-12,0.130810400
STTDFPM,P12,50000,k/n,true,converged_trial,0,71,214,7.0601365745e-12,0.118540600
SOPP,P13,50000,0.4,true,converged_projected,0,26,55,5.3870991125e-12,0.206851300
SDLP,P13,50000,0.4,true,converged_trial,0,19,84,2.8300889347e-12,0.043063400
MOPCGM,P13,50000,0.4,true,converged_trial,0,91,182,7.3483010936e-12,0.129393200
CGPM,P13,50000,0.4,true,converged_trial,0,17,85,4.0465306698e-12,0.042397500
STTDFPM,P13,50000,0.4,true,converged_projected,0,16,50,5.5112258202e-12,0.028752000
SOPP,P13,50000,0.5,true,converged_trial,0,26,54,6.7276675553e-12,0.217553100
SDLP,P13,50000,0.5,true,converged_trial,0,19,84,6.2559860662e-12,0.049334200
MOPCGM,P13,50000,0.5,true,converged_trial,0,93,186,8.2668387303e-12,0.149240300
CGPM,P13,50000,0.5,true,converged_trial,0,17,85,8.4902668041e-12,0.045946600
STTDFPM,P13,50000,0.5,true,converged_trial,0,17,52,4.3444347682e-12,0.057092700
SOPP,P13,50000,0.6,true,converged_projected,0,26,55,5.8836059432e-12,0.180598700
SDLP,P13,50000,0.6,true,converged_trial,0,19,84,9.7067085392e-12,0.048982300
MOPCGM,P13,50000,0.6,true,converged_trial,0,94,188,9.1109003424e-12,0.142452400
CGPM,P13,50000,0.6,true,converged_trial,0,18,90,2.0108526641e-12,0.045597100
STTDFPM,P13,50000,0.6,true,converged_trial,0,17,52,6.5787155061e-12,0.199579300
SOPP,P13,50000,0.8,true,converged_trial,0,28,58,9.0860750009e-12,0.045126900
SDLP,P13,50000,0.8,true,converged_projected,0,20,90,1.9860273226e-12,0.047495200
MOPCGM,P13,50000,0.8,true,converged_trial,0,96,192,7.9192839489e-12,0.135778900
CGPM,P13,50000,0.8,true,converged_trial,0,18,90,3.2272943992e-12,0.206082500
STTDFPM,P13,50000,0.8,true,converged_projected,0,17,53,4.4685614758e-12,0.028189900
SOPP,P13,50000,1.0,true,converged_trial,0,29,60,6.7028422138e-12,0.047389900
SDLP,P13,50000,1.0,true,converged_projected,0,20,90,1.9363766395e-12,0.048458800
MOPCGM,P13,50000,1.0,true,converged_trial,0,97,194,7.9192839489e-12,0.148738300
CGPM,P13,50000,1.0,true,converged_trial,0,18,90,4.2451334021e-12,0.197902900
STTDFPM,P13,50000,1.0,true,converged_projected,0,17,53,5.9084312847e-12,0.029171700
SOPP,P13,50000,1.1,true,converged_projected,0,29,61,7.6213798505e-12,0.048118700
SDLP,P13,50000,1.1,true,converged_projected,0,20,90,1.8867259565e-12,0.045729800
MOPCGM,P13,50000,1.1,true,converged_trial,0,97,194,9.2846777331e-12,0.296223900
CGPM,P13,50000,1.1,true,converged_trial,0,17,84,3.4010717899e-12,0.040262900
STTDFPM,P13,50000,1.1,true,converged_projected,0,17,53,7.4227771182e-12,0.029735000
SOPP,P13,50000,2.0,true,converged_projected,0,29,59,6.6780168722e-12,0.045678400
SDLP,P13,50000,2.0,true,converged_projected,0,18,81,2.1101540303e-12,0.042766300
MOPCGM,P13,50000,2.0,true,converged_trial,0,101,202,7.3731264351e-12,0.298289000
CGPM,P13,50000,2.0,true,converged_trial,0,18,89,7.9192839489e-12,0.043710800
STTDFPM,P13,50000,2.0,true,converged_projected,0,18,55,6.3801127738e-12,0.031217400
SOPP,P13,50000,5.0,true,converged_projected,0,29,60,7.3979517767e-12,0.045841100
SDLP,P13,50000,5.0,true,converged_trial,0,19,84,7.2986504105e-12,0.042849600
MOPCGM,P13,50000,5.0,true,converged_trial,0,105,210,8.7633455610e-12,0.307800400
CGPM,P13,50000,5.0,true,converged_trial,0,19,94,3.0038663254e-12,0.047668800
STTDFPM,P13,50000,5.0,true,converged_trial,0,18,55,4.9898936480e-12,0.029389700
SOPP,P13,50000,1/k,true,converged_trial,0,30,62,6.4181857900e-12,0.048576700
SDLP,P13,50000,1/k,true,converged_trial,0,56,225,9.5591232105e-12,0.277773800
MOPCGM,P13,50000,1/k,true,converged_trial,0,95,190,8.0339511696e-12,0.144252800
CGPM,P13,50000,1/k,true,converged_trial,0,51,254,8.8360918640e-12,0.281685500
STTDFPM,P13,50000,1/k,true,converged_trial,0,55,166,8.2214235569e-12,0.092529500
SOPP,P13,50000,k/n,true,converged_trial,0,312,935,9.9916633112e-12,0.939293600
SDLP,P13,50000,k/n,true,converged_trial,0,58,232,7.0890830674e-12,0.282532100
MOPCGM,P13,50000,k/n,true,converged_trial,0,95,190,7.7874043206e-12,0.134123700
CGPM,P13,50000,k/n,true,converged_trial,0,53,265,9.4255845449e-12,0.288218900
STTDFPM,P13,50000,k/n,true,converged_trial,0,62,187,6.7616935702e-12,0.111079400
SOPP,P14,50000,0.4,true,converged_projected,0,27,57,5.3870991125e-12,0.045472600
SDLP,P14,50000,0.4,true,converged_trial,0,25,111,5.3870991125e-12,0.058601900
MOPCGM,P14,50000,0.4,true,converged_trial,0,90,180,8.6143935118e-12,0.285252500
CGPM,P14,50000,0.4,true,converged_trial,0,16,80,2.6563115440e-12,0.041171800
STTDFPM,P14,50000,0.4,true,converged_projected,0,17,53,9.0115989763e-12,0.029656200
SOPP,P14,50000,0.5,true,converged_projected,0,25,53,7.6710305335e-12,0.040402000
SDLP,P14,50000,0.5,true,converged_trial,0,25,111,3.5251984976e-12,0.060176200
MOPCGM,P14,50000,0.5,true,converged_trial,0,89,178,7.3234757521e-12,0.291503400
CGPM,P14,50000,0.5,true,converged_trial,0,16,80,1.5888218581e-12,0.040268500
STTDFPM,P14,50000,0.5,true,converged_projected,0,17,53,5.7098285525e-12,0.027972600
SOPP,P14,50000,0.6,true,converged_trial,0,25,52,8.8129962440e-12,0.041219900
SDLP,P14,50000,0.6,true,converged_projected,0,24,108,7.0255716537e-12,0.058378900
MOPCGM,P14,50000,0.6,true,converged_trial,0,86,172,7.6710305335e-12,0.279978500
CGPM,P14,50000,0.6,true,converged_trial,0,15,75,4.3940854512e-12,0.037448900
STTDFPM,P14,50000,0.6,true,converged_trial,0,17,52,4.8905922819e-12,0.030337600
SOPP,P14,50000,0.8,true,converged_trial,0,27,56,7.6213798505e-12,0.044452100
SDLP,P14,50000,0.8,true,converged_trial,0,25,111,3.2024690577e-12,0.058457600
MOPCGM,P14,50000,0.8,true,converged_trial,0,88,176,8.2916640718e-12,0.283159300
CGPM,P14,50000,0.8,true,converged_trial,0,15,75,8.8129962440e-12,0.037273200
STTDFPM,P14,50000,0.8,true,converged_projected,0,17,53,4.6671642081e-12,0.030920600
SOPP,P14,50000,1.0,true,converged_trial,0,28,58,8.8378215856e-12,0.044065000
SDLP,P14,50000,1.0,true,converged_trial,0,25,111,7.5965545089e-12,0.072647600
MOPCGM,P14,50000,1.0,true,converged_trial,0,91,182,7.1496983614e-12,0.316795000
CGPM,P14,50000,1.0,true,converged_trial,0,16,80,2.5570101778e-12,0.039098800
STTDFPM,P14,50000,1.0,true,converged_trial,0,18,55,4.0217053283e-12,0.032027000
SOPP,P14,50000,1.1,true,converged_projected,0,28,58,9.4584551239e-12,0.046343900
SDLP,P14,50000,1.1,true,converged_projected,0,24,108,5.2133217218e-12,0.058031100
MOPCGM,P14,50000,1.1,true,converged_trial,0,92,184,7.5220784843e-12,0.289576500
CGPM,P14,50000,1.1,true,converged_trial,0,16,79,2.3584074456e-12,0.039021600
STTDFPM,P14,50000,1.1,true,converged_trial,0,18,55,4.7912909158e-12,0.030095300
SOPP,P14,50000,2.0,true,converged_trial,0,32,69,6.7276675553e-12,0.053853600
SDLP,P14,50000,2.0,true,converged_trial,0,25,106,2.2342807379e-12,0.216180500
MOPCGM,P14,50000,2.0,true,converged_trial,0,111,222,7.6462051920e-12,0.163179200
CGPM,P14,50000,2.0,true,converged_trial,0,18,84,3.2024690577e-12,0.041723600
STTDFPM,P14,50000,2.0,false,maxiter,0,2000,4001,1.3345635718e+02,4.262476700
SOPP,P14,50000,5.0,true,converged_projected,0,28,58,8.6888695364e-12,0.043810300
SDLP,P14,50000,5.0,true,converged_trial,0,25,110,9.8060099053e-12,0.057871200
MOPCGM,P14,50000,5.0,true,converged_trial,0,136,272,9.0860750009e-12,0.353082800
CGPM,P14,50000,5.0,true,converged_trial,0,17,83,3.1528183746e-12,0.042335100
STTDFPM,P14,50000,5.0,true,converged_trial,0,19,57,9.0115989763e-12,0.031655100
SOPP,P14,50000,1/k,true,converged_projected,0,29,61,6.7585939318e-12,0.047305200
SDLP,P14,50000,1/k,true,converged_trial,0,38,157,7.3708070039e-12,0.238101100
MOPCGM,P14,50000,1/k,true,converged_trial,0,93,186,8.7088848116e-12,0.135201400
CGPM,P14,50000,1/k,true,converged_trial,0,78,389,5.5314741128e-12,0.353040300
STTDFPM,P14,50000,1/k,true,converged_trial,0,55,166,6.2617904957e-12,0.093388100
SOPP,P14,50000,k/n,true,converged_trial,0,427,1282,9.5030711918e-12,1.325069200
SDLP,P14,50000,k/n,true,converged_projected,0,42,173,5.7795328638e-12,0.258320800
MOPCGM,P14,50000,k/n,true,converged_trial,0,91,182,8.0421741966e-12,0.144389100
CGPM,P14,50000,k/n,true,converged_trial,0,83,414,6.6089024464e-12,0.379022700
STTDFPM,P14,50000,k/n,true,converged_trial,0,62,187,6.5402886815e-12,0.104155700
SOPP,P15,50000,0.4,true,converged_projected,0,1,8,0.0000000000e+00,0.006313700
SDLP,P15,50000,0.4,true,converged_projected,0,1,5,0.0000000000e+00,0.003884200
MOPCGM,P15,50000,0.4,true,converged_trial,0,45,90,9.4832804654e-12,0.101388600
CGPM,P15,50000,0.4,true,converged_trial,0,14,84,2.5321848363e-12,0.229302300
STTDFPM,P15,50000,0.4,true,converged_projected,0,1,6,0.0000000000e+00,0.005087500
SOPP,P15,50000,0.5,true,converged_projected,0,1,8,0.0000000000e+00,0.006055200
SDLP,P15,50000,0.5,true,converged_projected,0,1,5,0.0000000000e+00,0.003854500
MOPCGM,P15,50000,0.5,true,converged_trial,0,46,92,5.5112258202e-12,0.101836700
CGPM,P15,50000,0.5,true,converged_projected,0,1,3,0.0000000000e+00,0.002409300
STTDFPM,P15,50000,0.5,true,converged_projected,0,1,3,0.0000000000e+00,0.002368500
SOPP,P15,50000,0.6,true,converged_projected,0,24,55,9.6818831977e-12,0.061087700
SDLP,P15,50000,0.6,true,converged_projected,0,1,5,0.0000000000e+00,0.003822700
MOPCGM,P15,50000,0.6,true,converged_trial,0,46,92,6.1566847001e-12,0.104081600
CGPM,P15,50000,0.6,true,converged_trial,0,14,84,2.6811368855e-12,0.073708100
STTDFPM,P15,50000,0.6,true,converged_projected,0,1,6,0.0000000000e+00,0.005357600
SOPP,P15,50000,0.8,true,converged_projected,0,23,53,8.4902668041e-12,0.214534100
SDLP,P15,50000,0.8,true,converged_projected,0,1,3,0.0000000000e+00,0.002506000
MOPCGM,P15,50000,0.8,true,converged_trial,0,46,92,6.7028422138e-12,0.101127400
CGPM,P15,50000,0.8,true,converged_projected,0,1,4,0.0000000000e+00,0.003380800
STTDFPM,P15,50000,0.8,true,converged_projected,0,1,6,0.0000000000e+00,0.005205700
SOPP,P15,50000,1.0,true,converged_projected,0,1,4,0.0000000000e+00,0.003843100
SDLP,P15,50000,1.0,true,converged_projected,0,1,6,0.0000000000e+00,0.004743500
MOPCGM,P15,50000,1.0,true,converged_trial,0,46,92,6.0077326509e-12,0.103125500
CGPM,P15,50000,1.0,true,converged_trial,0,15,92,2.7307875686e-12,0.080821400
STTDFPM,P15,50000,1.0,true,converged_projected,0,1,6,0.0000000000e+00,0.004964100
SOPP,P15,50000,1.1,true,converged_projected,0,1,4,0.0000000000e+00,0.003470000
SDLP,P15,50000,1.1,true,converged_projected,0,1,6,0.0000000000e+00,0.005784100
MOPCGM,P15,50000,1.1,true,converged_trial,0,45,90,9.7315338807e-12,0.257447300
CGPM,P15,50000,1.1,true,converged_projected,0,1,5,0.0000000000e+00,0.004509800
STTDFPM,P15,50000,1.1,true,converged_projected,0,3,13,0.0000000000e+00,0.011534500
SOPP,P15,50000,2.0,true,converged_projected,0,1,3,0.0000000000e+00,0.002916700
SDLP,P15,50000,2.0,true,converged_projected,0,2,14,0.0000000000e+00,0.012728600
MOPCGM,P15,50000,2.0,true,converged_projected,0,1,4,0.0000000000e+00,0.003961600
CGPM,P15,50000,2.0,true,converged_projected,0,1,8,0.0000000000e+00,0.007484000
STTDFPM,P15,50000,2.0,true,converged_projected,0,1,4,0.0000000000e+00,0.003685600
SOPP,P15,50000,5.0,true,converged_projected,0,1,13,0.0000000000e+00,0.014073100
SDLP,P15,50000,5.0,true,converged_projected,0,1,15,0.0000000000e+00,0.015060800
MOPCGM,P15,50000,5.0,true,converged_projected,0,1,10,0.0000000000e+00,0.009674800
CGPM,P15,50000,5.0,true,converged_projected,0,2,25,0.0000000000e+00,0.027471200
STTDFPM,P15,50000,5.0,true,converged_projected,0,1,14,0.0000000000e+00,0.014273100
SOPP,P15,50000,1/k,true,converged_trial,0,719,4386,9.6158027787e-12,4.961817700
SDLP,P15,50000,1/k,true,converged_trial,0,22,111,5.4323268673e-12,0.251495200
MOPCGM,P15,50000,1/k,true,converged_trial,0,39,78,7.0850190485e-12,0.083841100
CGPM,P15,50000,1/k,true,converged_trial,0,49,303,7.0012527167e-12,0.254020800
STTDFPM,P15,50000,1/k,true,converged_projected,0,21,72,0.0000000000e+00,0.071018300
SOPP,P15,50000,k/n,true,converged_trial,0,807,4897,9.8461576556e-12,5.815628500
SDLP,P15,50000,k/n,true,converged_trial,0,27,136,4.6049687976e-12,0.117786000
MOPCGM,P15,50000,k/n,true,converged_trial,0,46,92,5.2114653495e-12,0.258067300
CGPM,P15,50000,k/n,true,converged_trial,0,60,371,8.0327203628e-12,0.325486700
STTDFPM,P15,50000,k/n,true,converged_projected,0,17,56,0.0000000000e+00,0.055027700
SOPP,P16,50000,0.4,true,converged_trial,0,229,715,8.0409801297e-12,0.637338000
SDLP,P16,50000,0.4,true,converged_trial,0,82,335,7.2499519931e-12,0.278277400
MOPCGM,P16,50000,0.4,true,converged_trial,0,379,758,9.5675463907e-12,0.725155300
CGPM,P16,50000,0.4,true,converged_trial,0,178,961,9.5763524341e-12,0.443502800
STTDFPM,P16,50000,0.4,true,converged_trial,0,164,494,9.7927438979e-12,0.335140200
SOPP,P16,50000,0.5,true,converged_trial,0,309,1058,9.4615224549e-12,0.778256400
SDLP,P16,50000,0.5,true,converged_trial,0,80,329,8.0478290319e-12,0.268047000
MOPCGM,P16,50000,0.5,true,converged_trial,0,377,754,9.5285253345e-12,0.702716000
CGPM,P16,50000,0.5,true,converged_trial,0,185,1000,9.5632629758e-12,0.469542700
STTDFPM,P16,50000,0.5,true,converged_trial,0,159,479,9.8258308857e-12,0.344096700
SOPP,P16,50000,0.6,true,converged_trial,0,301,939,9.1732889045e-12,0.735043600
SDLP,P16,50000,0.6,true,converged_trial,0,82,336,7.0879600086e-12,0.272353600
MOPCGM,P16,50000,0.6,true,converged_trial,0,375,750,9.5469863543e-12,0.712460100
CGPM,P16,50000,0.6,true,converged_trial,0,208,1119,9.7746347349e-12,0.491596400
STTDFPM,P16,50000,0.6,true,converged_trial,0,158,476,9.3854223258e-12,0.328690800
SOPP,P16,50000,0.8,true,converged_trial,0,247,839,9.8192434396e-12,0.665707500
SDLP,P16,50000,0.8,true,converged_trial,0,79,326,8.3802684132e-12,0.113504500
MOPCGM,P16,50000,0.8,true,converged_trial,0,371,742,9.5443736782e-12,0.696159000
CGPM,P16,50000,0.8,true,converged_trial,0,201,1082,9.4902817499e-12,0.638298700
STTDFPM,P16,50000,0.8,true,converged_trial,0,156,471,9.3097330167e-12,0.334216200
SOPP,P16,50000,1.0,true,converged_trial,0,258,872,9.2175487962e-12,0.708395000
SDLP,P16,50000,1.0,true,converged_trial,0,78,323,7.1817471847e-12,0.109643300
MOPCGM,P16,50000,1.0,true,converged_trial,0,366,732,9.8217389886e-12,0.704789200
CGPM,P16,50000,1.0,true,converged_trial,0,165,894,9.9703255716e-12,0.413772700
STTDFPM,P16,50000,1.0,true,converged_trial,0,154,465,9.3551585721e-12,0.325347700
SOPP,P16,50000,1.1,true,converged_trial,0,244,836,8.2312698152e-12,0.672213700
SDLP,P16,50000,1.1,true,converged_trial,0,70,293,9.4381374369e-12,0.102265600
MOPCGM,P16,50000,1.1,true,converged_trial,0,364,728,9.5533833923e-12,0.695148800
CGPM,P16,50000,1.1,true,converged_trial,0,51,305,7.2779647944e-12,0.239370200
STTDFPM,P16,50000,1.1,true,converged_trial,0,139,419,9.5219946813e-12,0.170322200
SOPP,P16,50000,2.0,true,converged_trial,0,286,995,9.9976292317e-12,0.883782300
SDLP,P16,50000,2.0,true,converged_trial,0,80,330,9.6411270957e-12,0.115912700
MOPCGM,P16,50000,2.0,true,converged_trial,0,323,646,9.6400376101e-12,0.658127700
CGPM,P16,50000,2.0,true,converged_trial,0,110,610,9.1640946992e-12,0.333299800
STTDFPM,P16,50000,2.0,true,converged_trial,0,130,395,9.4392772055e-12,0.145586900
SOPP,P16,50000,5.0,true,converged_trial,0,248,823,8.9255625325e-12,0.707183800
SDLP,P16,50000,5.0,true,converged_trial,0,91,369,9.5854517521e-12,0.281490900
MOPCGM,P16,50000,5.0,true,converged_trial,0,388,776,9.7875664161e-12,0.723123700
CGPM,P16,50000,5.0,true,converged_trial,0,156,857,9.5868340434e-12,0.405825200
STTDFPM,P16,50000,5.0,true,converged_trial,0,137,413,9.3205097291e-12,0.306519600
SOPP,P16,50000,1/k,true,converged_trial,0,231,686,8.9502042820e-12,0.475517800
SDLP,P16,50000,1/k,true,converged_trial,0,84,345,7.0248999636e-12,0.275606200
MOPCGM,P16,50000,1/k,true,converged_trial,0,376,752,9.8248827828e-12,0.707056900
CGPM,P16,50000,1/k,true,converged_trial,0,289,1545,9.7943263349e-12,0.767198700
STTDFPM,P16,50000,1/k,true,converged_trial,0,168,506,9.5313893837e-12,0.338123900
SOPP,P16,50000,k/n,true,converged_trial,0,227,614,9.1309517708e-12,0.617056300
SDLP,P16,50000,k/n,true,converged_trial,0,79,326,7.8542416105e-12,0.118978400
MOPCGM,P16,50000,k/n,true,converged_trial,0,377,754,9.8693113559e-12,0.724603100
CGPM,P16,50000,k/n,true,converged_trial,0,249,1333,9.7295916650e-12,0.699554300
STTDFPM,P16,50000,k/n,true,converged_trial,0,160,482,9.0794249452e-12,0.332208000
SOPP,P17,50000,0.4,true,converged_projected,0,51,103,8.0122664146e-12,0.077711600
SDLP,P17,50000,0.4,true,converged_projected,0,1,3,0.0000000000e+00,0.001172400
MOPCGM,P17,50000,0.4,true,converged_trial,0,283,566,9.8973486418e-12,0.700832400
CGPM,P17,50000,0.4,true,converged_trial,0,17,51,6.2038229639e-12,0.028175200
STTDFPM,P17,50000,0.4,true,converged_projected,0,8,25,2.4123022110e-13,0.011734800
SOPP,P17,50000,0.5,true,converged_projected,0,51,103,9.8871407892e-12,0.078951100
SDLP,P17,50000,0.5,true,converged_projected,0,1,3,0.0000000000e+00,0.001375800
MOPCGM,P17,50000,0.5,true,converged_trial,0,285,570,9.9373034071e-12,0.696512200
CGPM,P17,50000,0.5,true,converged_trial,0,17,51,7.4966501336e-12,0.027474500
STTDFPM,P17,50000,0.5,true,converged_projected,0,8,25,3.4099296959e-13,0.011959000
SOPP,P17,50000,0.6,true,converged_trial,0,52,104,8.7537239622e-12,0.077755300
SDLP,P17,50000,0.6,true,converged_projected,0,1,3,0.0000000000e+00,0.001108900
MOPCGM,P17,50000,0.6,true,converged_trial,0,287,574,9.5624998375e-12,0.704831300
CGPM,P17,50000,0.6,true,converged_trial,0,17,51,8.6386898720e-12,0.027692900
STTDFPM,P17,50000,0.6,true,converged_projected,0,8,25,3.9739659142e-13,0.012001100
SOPP,P17,50000,0.8,true,converged_projected,0,52,105,8.1839017655e-12,0.081211700
SDLP,P17,50000,0.8,true,converged_projected,0,1,3,0.0000000000e+00,0.001276200
MOPCGM,P17,50000,0.8,true,converged_trial,0,290,580,9.0690206247e-12,0.715706200
CGPM,P17,50000,0.8,true,converged_trial,0,18,54,1.6684187697e-12,0.029627000
STTDFPM,P17,50000,0.8,true,converged_trial,0,8,24,5.3644573100e-12,0.013260100
SOPP,P17,50000,1.0,true,converged_projected,0,52,105,9.5966403469e-12,0.078847100
SDLP,P17,50000,1.0,true,converged_projected,0,1,3,0.0000000000e+00,0.001140900
MOPCGM,P17,50000,1.0,true,converged_trial,0,291,582,9.9040001801e-12,0.703489400
CGPM,P17,50000,1.0,true,converged_trial,0,18,54,1.8459025615e-12,0.028518600
STTDFPM,P17,50000,1.0,true,converged_projected,0,1,4,0.0000000000e+00,0.001675300
SOPP,P17,50000,1.1,true,converged_trial,0,53,106,7.6036526162e-12,0.081486600
SDLP,P17,50000,1.1,true,converged_projected,0,1,3,0.0000000000e+00,0.001138000
MOPCGM,P17,50000,1.1,true,converged_trial,0,292,584,9.6451060527e-12,0.714761600
CGPM,P17,50000,1.1,true,converged_trial,0,18,54,1.8943497135e-12,0.029524600
STTDFPM,P17,50000,1.1,true,converged_projected,0,1,4,0.0000000000e+00,0.001550100
SOPP,P17,50000,2.0,true,converged_projected,0,52,105,8.4121280247e-12,0.079577600
SDLP,P17,50000,2.0,true,converged_projected,0,2,7,0.0000000000e+00,0.003641300
MOPCGM,P17,50000,2.0,true,converged_trial,0,296,592,9.6734041155e-12,0.728096700
CGPM,P17,50000,2.0,true,converged_trial,0,17,51,5.8908440333e-12,0.032665700
STTDFPM,P17,50000,2.0,true,converged_projected,0,1,4,0.0000000000e+00,0.001519000
SOPP,P17,50000,5.0,true,converged_projected,0,51,104,9.5479272806e-12,0.078652900
SDLP,P17,50000,5.0,true,converged_projected,0,1,4,0.0000000000e+00,0.001594500
MOPCGM,P17,50000,5.0,true,converged_trial,0,300,600,9.7455131126e-12,0.730695600
CGPM,P17,50000,5.0,true,converged_trial,0,17,52,3.4469422089e-12,0.026603000
STTDFPM,P17,50000,5.0,true,converged_projected,0,7,22,6.7620763450e-12,0.011889100
SOPP,P17,50000,1/k,true,converged_trial,0,44,88,9.7739778920e-12,0.065860000
SDLP,P17,50000,1/k,true,converged_projected,0,1,3,0.0000000000e+00,0.001053800
MOPCGM,P17,50000,1/k,true,converged_trial,0,243,486,9.2010149650e-12,0.642420800
CGPM,P17,50000,1/k,true,converged_trial,0,45,137,7.6425235696e-12,0.071947000
STTDFPM,P17,50000,1/k,true,converged_projected,0,26,82,9.1802488987e-12,0.039420000
SOPP,P17,50000,k/n,true,converged_trial,0,52,104,8.1840653887e-12,0.078671900
SDLP,P17,50000,k/n,true,converged_projected,0,1,3,0.0000000000e+00,0.001372100
MOPCGM,P17,50000,k/n,true,converged_trial,0,287,574,9.0154660118e-12,0.709379300
CGPM,P17,50000,k/n,true,converged_trial,0,59,180,4.1608164331e-12,0.097755200
STTDFPM,P17,50000,k/n,true,converged_projected,0,27,83,9.4882050346e-12,0.041566500
SOPP,P18,50000,0.4,true,converged_projected,0,10,21,8.2420133888e-12,0.023370100
SDLP,P18,50000,0.4,true,converged_trial,0,3,9,6.5538901646e-12,0.007260700
MOPCGM,P18,50000,0.4,true,converged_trial,0,52,104,9.5825818315e-12,0.258532800
CGPM,P18,50000,0.4,true,converged_trial,0,4,12,8.4406161210e-12,0.011495900
STTDFPM,P18,50000,0.4,true,converged_projected,0,4,12,1.7874245903e-12,0.009691200
SOPP,P18,50000,0.5,true,converged_projected,0,10,21,8.2420133888e-12,0.022178800
SDLP,P18,50000,0.5,true,converged_trial,0,3,9,6.5538901646e-12,0.008156400
MOPCGM,P18,50000,0.5,true,converged_trial,0,52,104,9.5825818315e-12,0.104497200
CGPM,P18,50000,0.5,true,converged_trial,0,4,12,8.4406161210e-12,0.010856100
STTDFPM,P18,50000,0.5,true,converged_projected,0,4,12,8.4406161210e-13,0.010029000
SOPP,P18,50000,0.6,true,converged_projected,0,10,21,8.2420133888e-12,0.043479500
SDLP,P18,50000,0.6,true,converged_trial,0,3,9,6.5538901646e-12,0.145999400
MOPCGM,P18,50000,0.6,true,converged_trial,0,52,104,9.5825818315e-12,0.108146900
CGPM,P18,50000,0.6,true,converged_trial,0,4,12,8.4406161210e-12,0.010063800
STTDFPM,P18,50000,0.6,true,converged_projected,0,4,12,4.4685614758e-13,0.009505700
SOPP,P18,50000,0.8,true,converged_projected,0,10,21,8.2420133888e-12,0.022684100
SDLP,P18,50000,0.8,true,converged_trial,0,3,9,6.5538901646e-12,0.007379000
MOPCGM,P18,50000,0.8,true,converged_trial,0,52,104,9.5825818315e-12,0.129717900
CGPM,P18,50000,0.8,true,converged_trial,0,4,12,8.4406161210e-12,0.140509800
STTDFPM,P18,50000,0.8,true,converged_trial,0,4,11,8.9371229517e-12,0.010054100
SOPP,P18,50000,1.0,true,converged_projected,0,10,21,8.2420133888e-12,0.022021200
SDLP,P18,50000,1.0,true,converged_trial,0,3,9,6.5538901646e-12,0.007541400
MOPCGM,P18,50000,1.0,true,converged_trial,0,51,102,9.5825818315e-12,0.102589100
CGPM,P18,50000,1.0,true,converged_trial,0,1,2,0.0000000000e+00,0.001546100
STTDFPM,P18,50000,1.0,true,converged_projected,0,2,7,2.1846300549e-12,0.005064200
SOPP,P18,50000,1.1,true,converged_trial,0,49,98,9.6818831977e-12,0.259421800
SDLP,P18,50000,1.1,true,converged_projected,0,6,18,8.0434106565e-12,0.015332900
MOPCGM,P18,50000,1.1,true,converged_trial,0,271,542,9.3343284162e-12,0.857655700
CGPM,P18,50000,1.1,true,converged_trial,0,15,44,7.6462051920e-12,0.040074900
STTDFPM,P18,50000,1.1,true,converged_projected,0,3,9,7.4476024597e-13,0.007035700
SOPP,P18,50000,2.0,true,converged_projected,0,53,107,7.8944586073e-12,0.119899200
SDLP,P18,50000,2.0,true,converged_trial,0,6,17,4.2699587436e-12,0.015991900
MOPCGM,P18,50000,2.0,true,converged_trial,0,297,594,9.6322325146e-12,1.074163700
CGPM,P18,50000,2.0,true,converged_trial,0,18,53,4.2699587436e-12,0.046727200
STTDFPM,P18,50000,2.0,true,converged_projected,0,3,9,8.0434106565e-12,0.007525100
SOPP,P18,50000,5.0,true,converged_projected,0,56,113,8.4902668041e-12,0.123994800
SDLP,P18,50000,5.0,true,converged_trial,0,7,19,6.6035408476e-12,0.018373200
MOPCGM,P18,50000,5.0,true,converged_trial,0,323,646,9.0860750009e-12,1.159462600
CGPM,P18,50000,5.0,true,converged_trial,0,20,58,3.0286916670e-12,0.052115100
STTDFPM,P18,50000,5.0,true,converged_projected,0,4,13,8.7881709025e-12,0.018400300
SOPP,P18,50000,1/k,true,converged_projected,0,10,21,8.2420133888e-12,0.022456000
SDLP,P18,50000,1/k,true,converged_trial,0,3,9,6.5538901646e-12,0.008477800
MOPCGM,P18,50000,1/k,true,converged_trial,0,229,458,9.0276480734e-12,0.809140500
CGPM,P18,50000,1/k,true,converged_trial,0,56,171,4.3036080319e-12,0.155849200
STTDFPM,P18,50000,1/k,true,converged_trial,0,56,170,8.6498816684e-12,0.328715800
SOPP,P18,50000,k/n,true,converged_projected,0,10,21,8.2420133888e-12,0.022828200
SDLP,P18,50000,k/n,true,converged_trial,0,3,9,6.5538901646e-12,0.007111000
MOPCGM,P18,50000,k/n,true,converged_trial,0,52,104,9.5825518636e-12,0.261895800
CGPM,P18,50000,k/n,true,converged_trial,0,9,28,6.8737591374e-12,0.022838400
STTDFPM,P18,50000,k/n,true,converged_projected,0,3,10,2.9293618483e-12,0.008188500
SOPP,P19,50000,0.4,true,converged_projected,0,32,114,8.0539808215e-12,0.052416000
SDLP,P19,50000,0.4,true,converged_trial,0,25,102,4.7957517193e-12,0.040876700
MOPCGM,P19,50000,0.4,false,line_search_failed,0,1,52,2.8620775658e+06,0.010501600
CGPM,P19,50000,0.4,true,converged_trial,0,29,165,7.3393794865e-12,0.210196800
STTDFPM,P19,50000,0.4,false,stalled_direction,0,3,20,5.2773537992e-03,0.005316400
SOPP,P19,50000,0.5,true,converged_trial,0,30,114,7.2604426583e-12,0.055093800
SDLP,P19,50000,0.5,true,converged_trial,0,25,102,4.7957517193e-12,0.042767200
MOPCGM,P19,50000,0.5,false,line_search_failed,0,1,52,5.5900581381e+06,0.011228000
CGPM,P19,50000,0.5,true,converged_trial,0,30,173,7.3393794865e-12,0.213172500
STTDFPM,P19,50000,0.5,false,stalled_direction,0,3,21,5.2772632363e-03,0.006071100
SOPP,P19,50000,0.6,true,converged_projected,0,32,112,6.7647116196e-12,0.051974400
SDLP,P19,50000,0.6,true,converged_trial,0,25,103,4.7957517193e-12,0.041167900
MOPCGM,P19,50000,0.6,false,line_search_failed,0,1,52,9.6596794969e+06,0.011092600
CGPM,P19,50000,0.6,true,converged_trial,0,29,158,7.3393794865e-12,0.075278500
STTDFPM,P19,50000,0.6,true,converged_projected,0,13,55,7.6668606519e-12,0.153605700
SOPP,P19,50000,0.8,true,converged_projected,0,32,115,6.7647116196e-12,0.052283500
SDLP,P19,50000,0.8,true,converged_trial,0,25,104,4.7957517193e-12,0.042191200
MOPCGM,P19,50000,0.8,false,line_search_failed,0,1,52,2.2897157203e+07,0.010098600
CGPM,P19,50000,0.8,false,line_search_failed,0,1,25,2.2897157203e+07,0.005149900
STTDFPM,P19,50000,0.8,false,stalled_direction,0,3,22,5.2771651288e-03,0.007113500
SOPP,P19,50000,1.0,false,line_search_failed,0,1,52,4.4721135943e+07,0.010861600
SDLP,P19,50000,1.0,true,converged_trial,0,25,104,4.7957517193e-12,0.194789500
MOPCGM,P19,50000,1.0,false,line_search_failed,0,1,52,4.4721135943e+07,0.010397700
CGPM,P19,50000,1.0,false,line_search_failed,0,1,25,4.4721135943e+07,0.005653400
STTDFPM,P19,50000,1.0,false,line_search_failed,0,1,19,4.4721135943e+07,0.003823100
SOPP,P19,50000,1.1,false,line_search_failed,0,1,52,5.9523883594e+07,0.011024600
SDLP,P19,50000,1.1,true,converged_trial,0,18,89,4.4186198708e-12,0.032480000
MOPCGM,P19,50000,1.1,false,line_search_failed,0,1,52,5.9523883594e+07,0.012003500
CGPM,P19,50000,1.1,false,line_search_failed,0,1,25,5.9523883594e+07,0.004972600
STTDFPM,P19,50000,1.1,false,line_search_failed,0,1,19,5.9523883594e+07,0.003607200
SOPP,P19,50000,2.0,false,line_search_failed,0,1,52,3.5777042919e+08,0.012257100
SDLP,P19,50000,2.0,true,converged_trial,0,25,106,4.7957517193e-12,0.041775000
MOPCGM,P19,50000,2.0,false,line_search_failed,0,1,52,3.5777042919e+08,0.011161200
CGPM,P19,50000,2.0,false,line_search_failed,0,1,25,3.5777042919e+08,0.005612700
STTDFPM,P19,50000,2.0,false,line_search_failed,0,1,19,3.5777042919e+08,0.004937800
SOPP,P19,50000,5.0,false,line_search_failed,0,1,52,5.5901688257e+09,0.163985200
SDLP,P19,50000,5.0,true,converged_trial,0,25,109,4.7957517193e-12,0.041090600
MOPCGM,P19,50000,5.0,false,line_search_failed,0,1,52,5.5901688257e+09,0.011044000
CGPM,P19,50000,5.0,false,line_search_failed,0,1,25,5.5901688257e+09,0.007035900
STTDFPM,P19,50000,5.0,false,line_search_failed,0,1,19,5.5901688257e+09,0.005167900
SOPP,P19,50000,1/k,false,maxiter,0,2000,4005,1.1351797687e-10,5.002538700
SDLP,P19,50000,1/k,false,maxiter,0,2000,4965,1.9440622834e-08,4.565508300
MOPCGM,P19,50000,1/k,false,maxiter,0,2000,4001,1.3595711484e-03,4.186226600
CGPM,P19,50000,1/k,false,maxiter,0,2000,8003,1.3005555410e-03,5.854774000
STTDFPM,P19,50000,1/k,false,maxiter,0,2000,4600,3.8834685426e-08,4.147789200
SOPP,P19,50000,k/n,false,maxiter,0,2000,4048,4.7050238804e-11,4.955659300
SDLP,P19,50000,k/n,false,maxiter,0,2000,4966,7.9197337090e-10,4.517154800
MOPCGM,P19,50000,k/n,false,line_search_failed,0,1,52,8.6068878594e+06,0.163989500
CGPM,P19,50000,k/n,false,maxiter,0,2000,8046,1.4074083617e-02,5.650487200
STTDFPM,P19,50000,k/n,false,stalled_direction,0,5,32,5.2941058900e-03,0.009296300
SOPP,P20,50000,0.4,true,converged_trial,0,29,58,6.8452749556e-12,0.097913900
SDLP,P20,50000,0.4,true,converged_trial,0,26,113,3.7388806877e-12,0.250494100
MOPCGM,P20,50000,0.4,true,converged_trial,0,104,208,8.9162044675e-12,0.249689500
CGPM,P20,50000,0.4,true,converged_trial,0,16,75,4.3305748340e-12,0.076080000
STTDFPM,P20,50000,0.4,true,converged_projected,0,3,8,0.0000000000e+00,0.007701700
SOPP,P20,50000,0.5,true,converged_projected,0,29,59,5.6618866631e-12,0.229934700
SDLP,P20,50000,0.5,true,converged_trial,0,28,123,2.0301372383e-12,0.131006500
MOPCGM,P20,50000,0.5,true,converged_trial,0,102,204,9.2120515406e-12,0.245849500
CGPM,P20,50000,0.5,true,converged_trial,0,17,81,1.2241805661e-12,0.238642900
STTDFPM,P20,50000,0.5,true,converged_trial,0,19,58,4.6927608965e-12,0.060062300
SOPP,P20,50000,0.6,true,converged_projected,0,29,59,7.1411220287e-12,0.097057200
SDLP,P20,50000,0.6,true,converged_trial,0,30,131,2.7034159318e-12,0.134907100
MOPCGM,P20,50000,0.6,true,converged_trial,0,100,200,9.9516692235e-12,0.396574200
CGPM,P20,50000,0.6,true,converged_trial,0,16,76,1.6679511758e-12,0.078536500
STTDFPM,P20,50000,0.6,true,converged_trial,0,16,49,3.5909571512e-12,0.051928700
SOPP,P20,50000,0.8,true,converged_projected,0,28,57,6.5494278825e-12,0.076678800
SDLP,P20,50000,0.8,true,converged_trial,0,30,132,2.9992630049e-12,0.144622500
MOPCGM,P20,50000,0.8,true,converged_trial,0,97,194,8.9162044675e-12,0.394109700
CGPM,P20,50000,0.8,true,converged_trial,0,15,72,5.0701925168e-12,0.071707700
STTDFPM,P20,50000,0.8,true,converged_trial,0,20,59,5.8761491890e-12,0.063668600
SOPP,P20,50000,1.0,true,converged_projected,0,28,57,8.7682809309e-12,0.073482400
SDLP,P20,50000,1.0,true,converged_trial,0,27,120,6.1056572728e-12,0.276693000
MOPCGM,P20,50000,1.0,true,converged_trial,0,94,188,8.4724338578e-12,0.228118500
CGPM,P20,50000,1.0,true,converged_trial,0,16,78,1.0762570296e-12,0.078828900
STTDFPM,P20,50000,1.0,true,converged_trial,0,17,52,9.7221611397e-12,0.055492600
SOPP,P20,50000,1.1,true,converged_projected,0,28,57,8.3245103212e-12,0.226383400
SDLP,P20,50000,1.1,true,converged_projected,0,2,5,0.0000000000e+00,0.004360700
MOPCGM,P20,50000,1.1,true,converged_trial,0,92,184,9.6558221503e-12,0.221779800
CGPM,P20,50000,1.1,true,converged_trial,0,15,73,2.4075688587e-12,0.073329900
STTDFPM,P20,50000,1.1,true,converged_trial,0,17,52,9.9516692235e-12,0.056544400
SOPP,P20,50000,2.0,true,converged_projected,0,28,62,9.0641280041e-12,0.230083900
SDLP,P20,50000,2.0,true,converged_projected,0,31,140,8.6203573944e-12,0.147350600
MOPCGM,P20,50000,2.0,true,converged_trial,0,85,170,9.5742376031e-12,0.210091800
CGPM,P20,50000,2.0,true,converged_projected,0,1,3,0.0000000000e+00,0.002486600
STTDFPM,P20,50000,2.0,true,converged_projected,0,1,3,0.0000000000e+00,0.001962800
SOPP,P20,50000,5.0,true,converged_projected,2,3,8,0.0000000000e+00,0.010948200
SDLP,P20,50000,5.0,true,converged_projected,0,2,5,0.0000000000e+00,0.005229100
MOPCGM,P20,50000,5.0,true,converged_projected,0,6,20,0.0000000000e+00,0.028248500
CGPM,P20,50000,5.0,false,line_search_failed,0,25,412,2.7654699853e+06,0.552687200
STTDFPM,P20,50000,5.0,false,invalid_trial_residual,0,5,11,Inf,0.021907000
SOPP,P20,50000,1/k,true,converged_trial,0,582,1727,9.7391913627e-12,2.843254200
SDLP,P20,50000,1/k,true,converged_projected,0,51,198,6.8405706767e-12,0.209315100
MOPCGM,P20,50000,1/k,true,converged_trial,0,153,306,7.3236724891e-12,0.504397400
CGPM,P20,50000,1/k,true,converged_trial,0,108,516,9.6490028795e-12,0.691805600
STTDFPM,P20,50000,1/k,false,line_search_failed,0,3,24,2.6335344584e+00,0.027668500
SOPP,P20,50000,k/n,true,converged_projected,0,32,65,9.7925631993e-12,0.089489400
SDLP,P20,50000,k/n,true,converged_projected,0,43,175,9.0088544313e-12,0.341293500
MOPCGM,P20,50000,k/n,true,converged_trial,0,110,220,7.7438587658e-12,0.265235100
CGPM,P20,50000,k/n,true,converged_trial,0,122,605,7.5002590319e-12,0.932159200
STTDFPM,P20,50000,k/n,true,converged_trial,0,70,206,9.9609252825e-12,0.222780400
SOPP,P1,100000,0.4,true,converged_trial,0,52,104,8.4982918717e-12,0.319861700
SDLP,P1,100000,0.4,true,converged_projected,0,1,3,0.0000000000e+00,0.002169300
MOPCGM,P1,100000,0.4,true,converged_trial,0,287,574,9.1834085270e-12,1.456102600
CGPM,P1,100000,0.4,true,converged_trial,0,17,51,8.7735305741e-12,0.056493100
STTDFPM,P1,100000,0.4,true,converged_projected,0,8,25,3.4115105030e-13,0.027980400
SOPP,P1,100000,0.5,true,converged_projected,0,52,105,7.6903907284e-12,0.321643600
SDLP,P1,100000,0.5,true,converged_projected,0,1,3,0.0000000000e+00,0.002216400
MOPCGM,P1,100000,0.5,true,converged_trial,0,289,578,9.2204811761e-12,1.438137100
CGPM,P1,100000,0.5,true,converged_trial,0,18,54,1.6962982866e-12,0.061451700
STTDFPM,P1,100000,0.5,true,converged_projected,0,8,25,4.8223688229e-13,0.028782500
SOPP,P1,100000,0.6,true,converged_projected,0,52,105,9.0783991090e-12,0.316388400
SDLP,P1,100000,0.6,true,converged_projected,0,1,3,0.0000000000e+00,0.002096400
MOPCGM,P1,100000,0.6,true,converged_trial,0,290,580,9.8585709641e-12,1.426949300
CGPM,P1,100000,0.6,true,converged_trial,0,18,54,1.9547123805e-12,0.059991600
STTDFPM,P1,100000,0.6,true,converged_projected,0,8,25,5.6200364916e-13,0.028731900
SOPP,P1,100000,0.8,true,converged_trial,0,53,106,8.6803386524e-12,0.321096500
SDLP,P1,100000,0.8,true,converged_projected,0,1,3,0.0000000000e+00,0.002983000
MOPCGM,P1,100000,0.8,true,converged_trial,0,293,586,9.3498128024e-12,1.403476500
CGPM,P1,100000,0.8,true,converged_trial,0,18,54,2.3595004518e-12,0.058656700
STTDFPM,P1,100000,0.8,true,converged_trial,0,8,24,7.5864882827e-12,0.023918900
SOPP,P1,100000,1.0,true,converged_projected,0,53,107,7.4644344125e-12,0.311428200
SDLP,P1,100000,1.0,true,converged_projected,0,1,3,0.0000000000e+00,0.002193800
MOPCGM,P1,100000,1.0,true,converged_trial,0,295,590,9.1895802601e-12,1.286835200
CGPM,P1,100000,1.0,true,converged_trial,0,18,54,2.6105004372e-12,0.185747900
STTDFPM,P1,100000,1.0,true,converged_projected,0,1,4,0.0000000000e+00,0.002961500
SOPP,P1,100000,1.1,true,converged_projected,0,53,107,7.8856716792e-12,0.309117600
SDLP,P1,100000,1.1,true,converged_projected,0,1,3,0.0000000000e+00,0.002280400
MOPCGM,P1,100000,1.1,true,converged_trial,0,295,590,9.9437348071e-12,1.206655400
CGPM,P1,100000,1.1,true,converged_trial,0,18,54,2.6790150567e-12,0.208316000
STTDFPM,P1,100000,1.1,true,converged_projected,0,1,4,0.0000000000e+00,0.002836000
SOPP,P1,100000,2.0,true,converged_trial,0,53,106,8.9224091557e-12,0.156464100
SDLP,P1,100000,2.0,true,converged_projected,0,2,7,0.0000000000e+00,0.006889600
MOPCGM,P1,100000,2.0,true,converged_trial,0,299,598,9.9729090256e-12,1.367614800
CGPM,P1,100000,2.0,true,converged_trial,0,17,51,8.3309115257e-12,0.050526800
STTDFPM,P1,100000,2.0,true,converged_projected,0,1,4,0.0000000000e+00,0.002836500
SOPP,P1,100000,5.0,true,converged_projected,0,52,106,7.4265445389e-12,0.302691100
SDLP,P1,100000,5.0,true,converged_projected,0,1,4,0.0000000000e+00,0.003244000
MOPCGM,P1,100000,5.0,true,converged_trial,0,304,608,9.0425255750e-12,1.405473400
CGPM,P1,100000,5.0,true,converged_trial,0,19,60,2.0003692359e-12,0.080775000
STTDFPM,P1,100000,5.0,true,converged_projected,0,7,22,9.5630200768e-12,0.164931300
SOPP,P1,100000,1/k,true,converged_trial,0,44,88,9.7740154622e-12,0.120996700
SDLP,P1,100000,1/k,true,converged_projected,0,1,3,0.0000000000e+00,0.002171700
MOPCGM,P1,100000,1/k,true,converged_trial,0,243,486,9.2010462182e-12,1.099230100
CGPM,P1,100000,1/k,true,converged_trial,0,48,144,5.7655570186e-12,0.274903600
STTDFPM,P1,100000,1/k,true,converged_trial,0,28,84,7.8383658140e-12,0.240080900
SOPP,P1,100000,k/n,true,converged_projected,0,52,105,8.4875547059e-12,0.144055200
SDLP,P1,100000,k/n,true,converged_projected,0,1,3,0.0000000000e+00,0.002255500
MOPCGM,P1,100000,k/n,true,converged_trial,0,290,580,9.2945350197e-12,1.397677300
CGPM,P1,100000,k/n,true,converged_trial,0,54,162,5.9389923690e-12,0.375011700
STTDFPM,P1,100000,k/n,true,converged_trial,0,37,111,9.7636874214e-12,0.109706700
SOPP,P2,100000,0.4,true,converged_trial,0,52,104,9.9004516072e-12,0.346661600
SDLP,P2,100000,0.4,true,converged_projected,0,2,6,0.0000000000e+00,0.006788500
MOPCGM,P2,100000,0.4,true,converged_trial,0,289,578,9.3387234330e-12,1.528811400
CGPM,P2,100000,0.4,true,converged_trial,0,17,50,4.4938221128e-12,0.059501600
STTDFPM,P2,100000,0.4,true,converged_projected,0,1,3,0.0000000000e+00,0.002636600
SOPP,P2,100000,0.5,true,converged_projected,0,52,105,9.2685078297e-12,0.346772700
SDLP,P2,100000,0.5,true,converged_projected,0,2,6,0.0000000000e+00,0.009841200
MOPCGM,P2,100000,0.5,true,converged_trial,0,291,582,9.9706672649e-12,1.849588300
CGPM,P2,100000,0.5,true,converged_trial,0,17,50,7.2322445970e-12,0.077994500
STTDFPM,P2,100000,0.5,true,converged_projected,0,1,3,0.0000000000e+00,0.003163400
SOPP,P2,100000,0.6,true,converged_trial,0,53,106,8.4961318442e-12,0.338935900
SDLP,P2,100000,0.6,true,converged_projected,0,2,6,0.0000000000e+00,0.006760800
MOPCGM,P2,100000,0.6,true,converged_trial,0,294,588,9.1982918058e-12,1.518382600
CGPM,P2,100000,0.6,true,converged_trial,0,18,53,1.6851828802e-12,0.060074500
STTDFPM,P2,100000,0.6,true,converged_projected,0,1,3,0.0000000000e+00,0.002900500
SOPP,P2,100000,0.8,true,converged_projected,0,53,107,8.6365640348e-12,0.330440600
SDLP,P2,100000,0.8,true,converged_projected,0,2,6,0.0000000000e+00,0.006997700
MOPCGM,P2,100000,0.8,true,converged_trial,0,297,594,9.9004516908e-12,1.490496100
CGPM,P2,100000,0.8,true,converged_trial,0,18,53,3.4405823063e-12,0.063058800
STTDFPM,P2,100000,0.8,true,converged_projected,0,1,3,0.0000000000e+00,0.002923300
SOPP,P2,100000,1.0,true,converged_trial,0,54,108,8.3556998764e-12,0.334327200
SDLP,P2,100000,1.0,true,converged_projected,0,2,6,0.0000000000e+00,0.006580000
MOPCGM,P2,100000,1.0,true,converged_trial,0,300,600,9.9004513203e-12,1.552919900
CGPM,P2,100000,1.0,true,converged_trial,0,18,53,6.0385730222e-12,0.064582400
STTDFPM,P2,100000,1.0,true,converged_projected,0,1,3,0.0000000000e+00,0.003182500
SOPP,P2,100000,1.1,true,converged_trial,0,54,108,9.3387235401e-12,0.360468100
SDLP,P2,100000,1.1,true,converged_projected,0,2,6,0.0000000000e+00,0.006608400
MOPCGM,P2,100000,1.1,true,converged_trial,0,302,604,9.2685076934e-12,1.485089900
CGPM,P2,100000,1.1,true,converged_trial,0,18,53,7.8641885460e-12,0.230162300
STTDFPM,P2,100000,1.1,true,converged_projected,0,1,3,0.0000000000e+00,0.003494400
SOPP,P2,100000,2.0,true,converged_projected,0,55,111,7.8641880720e-12,0.186576400
SDLP,P2,100000,2.0,true,converged_projected,0,2,5,0.0000000000e+00,0.028236900
MOPCGM,P2,100000,2.0,true,converged_trial,0,311,622,9.8302351107e-12,1.533219300
CGPM,P2,100000,2.0,true,converged_trial,0,16,46,4.0725258654e-12,0.185657300
STTDFPM,P2,100000,2.0,true,converged_projected,0,2,6,0.0000000000e+00,0.005865600
SOPP,P2,100000,5.0,true,converged_projected,0,57,115,9.7600193993e-12,0.342462100
SDLP,P2,100000,5.0,true,converged_projected,0,3,7,0.0000000000e+00,0.009218600
MOPCGM,P2,100000,5.0,true,converged_trial,0,332,664,9.1982917226e-12,1.577025800
CGPM,P2,100000,5.0,true,converged_trial,0,19,54,7.2322444469e-12,0.066585100
STTDFPM,P2,100000,5.0,true,converged_projected,0,2,7,0.0000000000e+00,0.024201900
SOPP,P2,100000,1/k,true,converged_projected,0,44,89,9.4900533084e-12,0.297086800
SDLP,P2,100000,1/k,true,converged_projected,0,2,6,0.0000000000e+00,0.008010900
MOPCGM,P2,100000,1/k,true,converged_trial,0,247,494,9.5312386822e-12,1.150546200
CGPM,P2,100000,1/k,true,converged_trial,0,47,140,6.7734005128e-12,0.317910100
STTDFPM,P2,100000,1/k,true,converged_trial,0,45,134,6.6761460253e-12,0.309875600
SOPP,P2,100000,k/n,true,converged_trial,0,53,106,8.4462922043e-12,0.200802100
SDLP,P2,100000,k/n,true,converged_projected,0,2,6,0.0000000000e+00,0.007037000
MOPCGM,P2,100000,k/n,true,converged_trial,0,294,588,9.5769378670e-12,1.427565400
CGPM,P2,100000,k/n,true,converged_trial,0,58,173,4.9061954348e-12,0.360732000
STTDFPM,P2,100000,k/n,true,converged_trial,0,58,173,6.6600797445e-12,0.373375600
SOPP,P3,100000,0.4,true,converged_projected,0,51,103,8.8473003408e-12,0.298148900
SDLP,P3,100000,0.4,true,converged_projected,0,1,3,0.0000000000e+00,0.001995900
MOPCGM,P3,100000,0.4,true,converged_trial,0,285,570,9.2686003570e-12,1.329758800
CGPM,P3,100000,0.4,true,converged_trial,0,17,51,4.2130001623e-12,0.047734400
STTDFPM,P3,100000,0.4,true,converged_projected,0,1,4,0.0000000000e+00,0.002872300
SOPP,P3,100000,0.5,true,converged_projected,0,51,103,9.9005503814e-12,0.299224500
SDLP,P3,100000,0.5,true,converged_projected,0,1,3,0.0000000000e+00,0.001988300
MOPCGM,P3,100000,0.5,true,converged_trial,0,286,572,9.9005503814e-12,1.186061200
CGPM,P3,100000,0.5,true,converged_trial,0,17,51,4.3534335010e-12,0.047607100
STTDFPM,P3,100000,0.5,true,converged_projected,0,1,4,0.0000000000e+00,0.002479300
SOPP,P3,100000,0.6,true,converged_trial,0,52,104,7.8642669696e-12,0.300151600
SDLP,P3,100000,0.6,true,converged_projected,0,1,3,0.0000000000e+00,0.002030000
MOPCGM,P3,100000,0.6,true,converged_trial,0,288,576,9.1281670183e-12,1.345927600
CGPM,P3,100000,0.6,true,converged_trial,0,17,51,4.2130001623e-12,0.050607300
STTDFPM,P3,100000,0.6,true,converged_projected,0,1,4,0.0000000000e+00,0.002800400
SOPP,P3,100000,0.8,true,converged_projected,0,51,103,9.0579503489e-12,0.296016900
SDLP,P3,100000,0.8,true,converged_projected,0,2,7,0.0000000000e+00,0.005399800
MOPCGM,P3,100000,0.8,true,converged_trial,0,289,578,9.9005503814e-12,1.339991600
CGPM,P3,100000,0.8,true,converged_trial,0,17,51,3.0193167830e-12,0.047500500
STTDFPM,P3,100000,0.8,true,converged_projected,0,1,4,0.0000000000e+00,0.004109200
SOPP,P3,100000,1.0,true,converged_trial,0,50,100,9.9005503814e-12,0.297758800
SDLP,P3,100000,1.0,true,converged_projected,0,2,7,0.0000000000e+00,0.005892300
MOPCGM,P3,100000,1.0,true,converged_trial,0,291,582,9.1281670183e-12,1.188734900
CGPM,P3,100000,1.0,true,converged_trial,0,18,56,4.8449501866e-12,0.211430500
STTDFPM,P3,100000,1.0,true,converged_projected,0,1,4,0.0000000000e+00,0.002578500
SOPP,P3,100000,1.1,true,converged_projected,0,1,3,0.0000000000e+00,0.002482400
SDLP,P3,100000,1.1,true,converged_projected,0,2,7,0.0000000000e+00,0.005519800
MOPCGM,P3,100000,1.1,true,converged_trial,0,291,582,9.5494670345e-12,1.182438900
CGPM,P3,100000,1.1,true,converged_trial,0,18,56,4.8449501866e-12,0.226489100
STTDFPM,P3,100000,1.1,true,converged_projected,0,1,4,0.0000000000e+00,0.003109500
SOPP,P3,100000,2.0,true,converged_projected,0,52,108,9.1983836877e-12,0.173384900
SDLP,P3,100000,2.0,true,converged_projected,0,4,15,0.0000000000e+00,0.162398300
MOPCGM,P3,100000,2.0,true,converged_trial,0,293,586,9.4792503652e-12,1.256448500
CGPM,P3,100000,2.0,true,converged_trial,0,18,57,4.9853835254e-12,0.096073800
STTDFPM,P3,100000,2.0,true,converged_projected,0,1,5,0.0000000000e+00,0.156451300
SOPP,P3,100000,5.0,true,converged_projected,0,54,122,8.9175170102e-12,0.211641800
SDLP,P3,100000,5.0,true,converged_projected,0,4,18,0.0000000000e+00,0.019887500
MOPCGM,P3,100000,5.0,true,converged_trial,0,285,581,9.7601170426e-12,1.714833500
CGPM,P3,100000,5.0,true,converged_trial,0,19,68,4.9853835254e-12,0.077280400
STTDFPM,P3,100000,5.0,true,converged_projected,0,1,8,0.0000000000e+00,0.005021500
SOPP,P3,100000,1/k,true,converged_projected,0,45,91,9.0071012883e-12,0.333763600
SDLP,P3,100000,1/k,true,converged_projected,0,16,48,9.1482401158e-12,0.053710100
MOPCGM,P3,100000,1/k,true,converged_trial,0,240,480,9.3093928892e-12,1.170404800
CGPM,P3,100000,1/k,true,converged_trial,0,42,128,9.6081245614e-12,0.363868500
STTDFPM,P3,100000,1/k,true,converged_trial,0,51,152,7.6256841061e-12,0.242552100
SOPP,P3,100000,k/n,true,converged_trial,0,53,106,8.8719194554e-12,0.388396500
SDLP,P3,100000,k/n,true,converged_trial,0,21,63,5.0317488581e-12,0.295206700
MOPCGM,P3,100000,k/n,true,converged_trial,0,287,574,9.1332252653e-12,1.317330700
CGPM,P3,100000,k/n,true,converged_trial,0,62,188,8.6644457578e-12,0.359656200
STTDFPM,P3,100000,k/n,true,converged_trial,0,61,182,7.2934133586e-12,0.343397800
SOPP,P4,100000,0.4,true,converged_projected,0,29,61,7.7591551619e-12,0.099855600
SDLP,P4,100000,0.4,true,converged_projected,0,1,4,0.0000000000e+00,0.003379200
MOPCGM,P4,100000,0.4,true,converged_trial,0,88,176,9.4614929347e-12,0.563679400
CGPM,P4,100000,0.4,true,converged_trial,0,47,235,4.6412531338e-12,0.179055100
STTDFPM,P4,100000,0.4,true,converged_projected,0,1,5,0.0000000000e+00,0.002265900
SOPP,P4,100000,0.5,true,converged_trial,0,112,241,8.9417777451e-12,0.623888400
SDLP,P4,100000,0.5,true,converged_projected,0,1,4,0.0000000000e+00,0.002565900
MOPCGM,P4,100000,0.5,true,converged_trial,0,89,178,8.4177992668e-12,0.342916600
CGPM,P4,100000,0.5,true,converged_trial,0,46,229,4.5893504858e-12,0.315641400
STTDFPM,P4,100000,0.5,true,converged_projected,0,1,5,0.0000000000e+00,0.002793300
SOPP,P4,100000,0.6,true,converged_trial,0,209,559,7.3956873183e-12,1.096107500
SDLP,P4,100000,0.6,true,converged_projected,0,1,4,0.0000000000e+00,0.134239500
MOPCGM,P4,100000,0.6,true,converged_trial,0,90,180,7.1910216989e-12,0.348537800
CGPM,P4,100000,0.6,true,converged_trial,0,46,230,6.1118766138e-12,0.155630400
STTDFPM,P4,100000,0.6,true,converged_projected,0,1,5,0.0000000000e+00,0.002941000
SOPP,P4,100000,0.8,true,converged_trial,0,205,543,8.7059473782e-12,1.465973100
SDLP,P4,100000,0.8,true,converged_projected,0,1,4,0.0000000000e+00,0.005451500
MOPCGM,P4,100000,0.8,true,converged_trial,0,90,180,9.9221542739e-12,0.520410200
CGPM,P4,100000,0.8,true,converged_trial,0,60,299,7.1483624799e-12,0.606175200
STTDFPM,P4,100000,0.8,true,converged_projected,0,1,5,0.0000000000e+00,0.003740600
SOPP,P4,100000,1.0,true,converged_trial,0,216,571,9.9418256517e-12,1.361318300
SDLP,P4,100000,1.0,true,converged_projected,0,6,24,3.0207231878e-13,0.017920900
MOPCGM,P4,100000,1.0,true,converged_trial,0,91,182,8.9918045568e-12,0.426949200
CGPM,P4,100000,1.0,true,converged_trial,0,66,329,6.3588699484e-12,0.549264100
STTDFPM,P4,100000,1.0,true,converged_projected,0,1,5,0.0000000000e+00,0.005278900
SOPP,P4,100000,1.1,true,converged_trial,0,215,568,7.4876273236e-12,1.353283700
SDLP,P4,100000,1.1,true,converged_projected,0,6,24,9.5075596664e-13,0.016760800
MOPCGM,P4,100000,1.1,true,converged_trial,0,92,184,7.0485306520e-12,0.366189700
CGPM,P4,100000,1.1,true,converged_trial,0,64,319,9.7241061360e-12,0.386042800
STTDFPM,P4,100000,1.1,true,converged_projected,0,1,5,0.0000000000e+00,0.153211500
SOPP,P4,100000,2.0,true,converged_trial,0,98,234,8.0145019582e-12,0.476254500
SDLP,P4,100000,2.0,true,converged_projected,0,5,20,0.0000000000e+00,0.016590300
MOPCGM,P4,100000,2.0,true,converged_trial,0,94,188,7.5335189200e-12,0.477471700
CGPM,P4,100000,2.0,true,converged_trial,0,53,264,7.5007338945e-12,0.410711600
STTDFPM,P4,100000,2.0,true,converged_projected,0,24,74,0.0000000000e+00,0.295170900
SOPP,P4,100000,5.0,false,maxiter,11,2000,55282,5.4225178953e+08,55.583343700
SDLP,P4,100000,5.0,false,nonfinite,1,6,13,NaN,0.163700800
MOPCGM,P4,100000,5.0,true,converged_trial,0,101,202,9.2410269612e-12,0.359489800
CGPM,P4,100000,5.0,true,converged_trial,0,64,319,9.0130911082e-12,0.370258100
STTDFPM,P4,100000,5.0,true,converged_trial,0,33,97,7.0260418219e-12,0.076527900
SOPP,P4,100000,1/k,true,converged_trial,0,107,259,7.1044723288e-12,0.595094800
SDLP,P4,100000,1/k,true,converged_trial,0,46,184,7.5097895586e-12,0.292708100
MOPCGM,P4,100000,1/k,true,converged_trial,0,90,180,7.8110995508e-12,0.347325000
CGPM,P4,100000,1/k,true,converged_trial,0,54,269,4.8439119563e-12,0.329254300
STTDFPM,P4,100000,1/k,true,converged_projected,0,14,44,0.0000000000e+00,0.033531500
SOPP,P4,100000,k/n,true,converged_trial,0,635,1906,9.9120656792e-12,3.709106300
SDLP,P4,100000,k/n,true,converged_trial,0,37,147,2.5282532032e-12,0.263778300
MOPCGM,P4,100000,k/n,true,converged_trial,0,90,180,9.6957332007e-12,0.340183200
CGPM,P4,100000,k/n,true,converged_trial,0,80,403,8.8819293946e-12,0.429425600
STTDFPM,P4,100000,k/n,true,converged_projected,0,3,11,2.2348858186e-16,0.008109500
SOPP,P5,100000,0.4,true,converged_trial,0,55,110,8.2855669858e-12,0.403153100
SDLP,P5,100000,0.4,true,converged_trial,0,22,66,6.1791162158e-12,0.145401600
MOPCGM,P5,100000,0.4,true,converged_trial,0,303,606,9.9707786019e-12,2.031878000
CGPM,P5,100000,0.4,true,converged_trial,0,35,105,6.2866149441e-12,0.192235600
STTDFPM,P5,100000,0.4,true,converged_projected,0,8,25,5.6173335497e-13,0.046757600
SOPP,P5,100000,0.5,true,converged_trial,0,55,110,8.1451308626e-12,0.401128200
SDLP,P5,100000,0.5,true,converged_trial,0,22,66,5.8983394886e-12,0.282158200
MOPCGM,P5,100000,0.5,true,converged_trial,0,303,606,9.5494785996e-12,1.957489400
CGPM,P5,100000,0.5,true,converged_trial,0,35,105,6.0388927089e-12,0.193718100
STTDFPM,P5,100000,0.5,true,converged_projected,0,8,25,7.0216669372e-13,0.044520200
SOPP,P5,100000,0.6,true,converged_trial,0,55,110,7.7238364651e-12,0.418603200
SDLP,P5,100000,0.6,true,converged_trial,0,22,66,5.6175810229e-12,0.309097600
MOPCGM,P5,100000,0.6,true,converged_trial,0,302,604,9.9707786019e-12,1.920146200
CGPM,P5,100000,0.6,true,converged_trial,0,35,105,5.6680081324e-12,0.213567800
STTDFPM,P5,100000,0.6,true,converged_projected,0,8,25,7.0216669372e-13,0.045656400
SOPP,P5,100000,0.8,true,converged_projected,0,54,109,9.2686003570e-12,0.401846100
SDLP,P5,100000,0.8,true,converged_trial,0,22,66,5.0561661484e-12,0.280139700
MOPCGM,P5,100000,0.8,true,converged_trial,0,302,604,9.2686089745e-12,1.899982200
CGPM,P5,100000,0.8,true,converged_trial,0,35,105,5.1094120457e-12,0.196300400
STTDFPM,P5,100000,0.8,true,converged_projected,0,8,25,5.6173335497e-13,0.057270700
SOPP,P5,100000,1.0,true,converged_projected,0,54,109,8.1451336471e-12,0.406384200
SDLP,P5,100000,1.0,true,converged_trial,0,22,66,4.4947390656e-12,0.278572200
MOPCGM,P5,100000,1.0,true,converged_trial,0,301,602,9.1281756387e-12,1.887508700
CGPM,P5,100000,1.0,true,converged_trial,0,35,105,4.6547654077e-12,0.194688400
STTDFPM,P5,100000,1.0,true,converged_projected,0,8,25,5.6172914196e-13,0.202475900
SOPP,P5,100000,1.1,true,converged_projected,0,54,109,7.7238336309e-12,0.268269300
SDLP,P5,100000,1.1,true,converged_trial,0,22,66,4.3544922850e-12,0.262009100
MOPCGM,P5,100000,1.1,true,converged_trial,0,300,600,9.5494785996e-12,1.888135300
CGPM,P5,100000,1.1,true,converged_trial,0,35,105,4.2777127746e-12,0.351072400
STTDFPM,P5,100000,1.1,true,converged_projected,0,8,25,5.6173335497e-13,0.043910000
SOPP,P5,100000,2.0,true,converged_trial,0,53,106,8.5664336633e-12,0.259519200
SDLP,P5,100000,2.0,true,converged_trial,0,21,63,7.1633734250e-12,0.264946000
MOPCGM,P5,100000,2.0,true,converged_trial,0,292,584,9.8303452677e-12,1.863233200
CGPM,P5,100000,2.0,true,converged_trial,0,33,99,5.0770958784e-12,0.182506800
STTDFPM,P5,100000,2.0,true,converged_projected,0,8,25,1.4043333874e-13,0.044960600
SOPP,P5,100000,5.0,true,converged_trial,0,55,110,8.1451336471e-12,0.406540700
SDLP,P5,100000,5.0,true,converged_trial,0,22,66,6.0776773699e-12,0.277918800
MOPCGM,P5,100000,5.0,true,converged_trial,0,303,606,9.6899119336e-12,1.902189100
CGPM,P5,100000,5.0,true,converged_trial,0,35,105,4.8462647900e-12,0.194819600
STTDFPM,P5,100000,5.0,true,converged_projected,0,8,25,7.0216669372e-13,0.044372200
SOPP,P5,100000,1/k,true,converged_trial,0,55,110,9.8302052046e-12,0.398449700
SDLP,P5,100000,1/k,true,converged_trial,0,22,66,7.1937478299e-12,0.276147400
MOPCGM,P5,100000,1/k,true,converged_trial,0,305,610,9.7175417130e-12,1.897509300
CGPM,P5,100000,1/k,true,converged_trial,0,35,105,5.2048839617e-12,0.192997400
STTDFPM,P5,100000,1/k,true,converged_projected,0,8,25,7.7775743516e-13,0.067078400
SOPP,P5,100000,k/n,true,converged_trial,0,55,110,8.0845456113e-12,0.423863000
SDLP,P5,100000,k/n,true,converged_trial,0,22,66,7.1966865633e-12,0.258123200
MOPCGM,P5,100000,k/n,true,converged_trial,0,303,606,9.6801249557e-12,1.939497600
CGPM,P5,100000,k/n,true,converged_trial,0,40,120,4.1444185760e-12,0.378024400
STTDFPM,P5,100000,k/n,true,converged_projected,0,8,25,7.1431538886e-13,0.046368600
SOPP,P6,100000,0.4,true,converged_trial,0,33,66,7.3727502840e-12,0.099619200
SDLP,P6,100000,0.4,true,converged_trial,0,16,63,6.6705835903e-12,0.086117900
MOPCGM,P6,100000,0.4,true,converged_trial,0,143,286,8.6366503327e-12,0.648074800
CGPM,P6,100000,0.4,true,converged_trial,0,11,44,6.2141752394e-12,0.193924900
STTDFPM,P6,100000,0.4,true,converged_projected,0,12,37,6.3897169128e-12,0.037529500
SOPP,P6,100000,0.5,true,converged_trial,0,30,60,7.3727502840e-12,0.088340900
SDLP,P6,100000,0.5,true,converged_projected,0,14,56,5.4066835416e-12,0.218360500
MOPCGM,P6,100000,0.5,true,converged_trial,0,132,264,8.4611086593e-12,0.500164300
CGPM,P6,100000,0.5,true,converged_trial,0,11,44,7.0216669372e-13,0.040354900
STTDFPM,P6,100000,0.5,true,converged_trial,0,12,36,4.0725668235e-12,0.192514000
SOPP,P6,100000,0.6,true,converged_projected,0,31,63,8.2504586512e-12,0.089943900
SDLP,P6,100000,0.6,true,converged_projected,0,14,56,4.6343001785e-12,0.056880900
MOPCGM,P6,100000,0.6,true,converged_trial,0,142,284,8.7770836714e-12,0.671177300
CGPM,P6,100000,0.6,true,converged_trial,0,11,44,6.1790669047e-12,0.040073400
STTDFPM,P6,100000,0.6,true,converged_projected,0,12,37,5.8279835578e-12,0.035429900
SOPP,P6,100000,0.8,true,converged_projected,0,32,65,9.8303337120e-12,0.248659900
SDLP,P6,100000,0.8,true,converged_projected,0,16,64,7.5834002921e-12,0.064088200
MOPCGM,P6,100000,0.8,true,converged_trial,0,148,296,8.4962169940e-12,0.689417700
CGPM,P6,100000,0.8,true,converged_trial,0,12,48,1.4043333874e-12,0.045344200
STTDFPM,P6,100000,0.8,true,converged_trial,0,13,39,7.8642669696e-12,0.039195700
SOPP,P6,100000,1.0,true,converged_projected,0,34,69,9.6196837039e-12,0.253479500
SDLP,P6,100000,1.0,true,converged_projected,0,17,68,3.6512668073e-12,0.069481900
MOPCGM,P6,100000,1.0,true,converged_trial,0,150,300,9.9707670508e-12,0.682322000
CGPM,P6,100000,1.0,true,converged_trial,0,12,48,3.0895334523e-12,0.066867300
STTDFPM,P6,100000,1.0,true,converged_projected,0,13,40,2.2118250852e-12,0.176783800
SOPP,P6,100000,1.1,true,converged_projected,0,35,71,6.6003669209e-12,0.103281700
SDLP,P6,100000,1.1,true,converged_projected,0,17,68,5.4066835416e-12,0.087365300
MOPCGM,P6,100000,1.1,true,converged_trial,0,151,302,9.9707670508e-12,0.673269000
CGPM,P6,100000,1.1,true,converged_trial,0,12,48,4.2130001623e-12,0.200132500
STTDFPM,P6,100000,1.1,true,converged_projected,0,13,40,2.5980167667e-12,0.038616400
SOPP,P6,100000,2.0,true,converged_projected,0,37,75,8.8473003408e-12,0.109091400
SDLP,P6,100000,2.0,true,converged_projected,0,19,75,7.7238336309e-12,0.241284600
MOPCGM,P6,100000,2.0,true,converged_trial,0,157,314,9.5494670345e-12,0.714964100
CGPM,P6,100000,2.0,true,converged_trial,0,12,47,7.7238336309e-12,0.043815000
STTDFPM,P6,100000,2.0,true,converged_projected,0,13,40,6.6003669209e-12,0.039923900
SOPP,P6,100000,5.0,true,converged_projected,0,38,77,8.2855669858e-12,0.274087300
SDLP,P6,100000,5.0,true,converged_projected,0,19,74,5.0556001948e-12,0.072607300
MOPCGM,P6,100000,5.0,true,converged_trial,0,170,340,9.9005503814e-12,0.749674600
CGPM,P6,100000,5.0,true,converged_trial,0,14,54,8.4260003246e-13,0.051404100
STTDFPM,P6,100000,5.0,true,converged_projected,0,13,40,3.3704001298e-12,0.197735300
SOPP,P6,100000,1/k,true,converged_trial,0,105,210,9.7746737039e-12,0.463770000
SDLP,P6,100000,1/k,true,converged_trial,0,32,139,3.2980698445e-12,0.292696300
MOPCGM,P6,100000,1/k,true,converged_trial,0,150,300,8.8339538122e-12,0.697045500
CGPM,P6,100000,1/k,true,converged_trial,0,38,220,8.2090243800e-12,0.187807200
STTDFPM,P6,100000,1/k,true,converged_trial,0,61,183,6.8418244516e-12,0.341278700
SOPP,P6,100000,k/n,true,converged_trial,0,61,122,7.9710339289e-12,0.329980200
SDLP,P6,100000,k/n,true,converged_trial,0,28,119,4.6876414491e-12,0.268374800
MOPCGM,P6,100000,k/n,true,converged_trial,0,148,296,8.1463439828e-12,0.696268800
CGPM,P6,100000,k/n,true,converged_trial,0,40,214,7.5878292342e-12,0.185281800
STTDFPM,P6,100000,k/n,true,converged_trial,0,67,203,8.9479279962e-12,0.363646500
SOPP,P8,100000,0.4,true,converged_trial,0,590,1672,9.7353537340e-12,2.959989100
SDLP,P8,100000,0.4,true,converged_projected,0,32,162,8.5613160719e-12,0.243108600
MOPCGM,P8,100000,0.4,true,converged_trial,0,132,264,8.9462812548e-12,0.547009500
CGPM,P8,100000,0.4,true,converged_trial,0,50,299,4.0315715773e-12,0.301520400
STTDFPM,P8,100000,0.4,true,converged_trial,0,74,251,7.1185441289e-12,0.307483400
SOPP,P8,100000,0.5,true,converged_trial,0,758,2394,9.4907392734e-12,3.917161400
SDLP,P8,100000,0.5,true,converged_trial,0,20,96,7.7033759475e-12,0.211411400
MOPCGM,P8,100000,0.5,true,converged_trial,0,131,262,9.8626494656e-12,0.384025100
CGPM,P8,100000,0.5,true,converged_trial,0,53,317,7.6957188444e-12,0.311030100
STTDFPM,P8,100000,0.5,true,converged_trial,0,77,253,6.9446397455e-12,0.336889400
SOPP,P8,100000,0.6,true,converged_trial,0,695,1403,9.4619726071e-12,3.274666000
SDLP,P8,100000,0.6,true,converged_projected,0,21,106,8.1423138371e-12,0.084170200
MOPCGM,P8,100000,0.6,true,converged_trial,0,133,266,8.6454074370e-12,0.520795300
CGPM,P8,100000,0.6,true,converged_trial,0,49,297,9.5865083781e-12,0.305396200
STTDFPM,P8,100000,0.6,true,converged_trial,0,65,207,9.5380797830e-12,0.304656100
SOPP,P8,100000,0.8,true,converged_trial,0,595,1487,9.7032508822e-12,3.056003400
SDLP,P8,100000,0.8,true,converged_trial,0,25,120,8.6746729129e-12,0.065562700
MOPCGM,P8,100000,0.8,true,converged_trial,0,125,250,8.9129541174e-12,0.543155200
CGPM,P8,100000,0.8,true,converged_trial,0,55,330,4.1011731143e-12,0.324007100
STTDFPM,P8,100000,0.8,true,converged_trial,0,70,220,9.8385584612e-12,0.294928900
SOPP,P8,100000,1.0,true,converged_trial,0,644,1900,9.8729664361e-12,3.504888400
SDLP,P8,100000,1.0,true,converged_projected,0,19,97,4.3538245861e-12,0.051086800
MOPCGM,P8,100000,1.0,true,converged_trial,0,87,174,8.9186415988e-12,0.306498500
CGPM,P8,100000,1.0,true,converged_trial,0,51,308,6.8811585898e-12,0.327428700
STTDFPM,P8,100000,1.0,true,converged_trial,0,51,162,6.9160011858e-12,0.269346100
SOPP,P8,100000,1.1,true,converged_trial,0,537,1396,9.6931454320e-12,2.682095600
SDLP,P8,100000,1.1,true,converged_projected,0,28,137,9.9265288392e-12,0.096354500
MOPCGM,P8,100000,1.1,true,converged_trial,0,131,262,9.6319303279e-12,0.513832000
CGPM,P8,100000,1.1,true,converged_trial,0,51,308,5.8517063227e-12,0.306007100
STTDFPM,P8,100000,1.1,true,converged_trial,0,74,240,9.5885827182e-12,0.303491600
SOPP,P8,100000,2.0,true,converged_trial,0,824,4853,9.7915472907e-12,5.867407300
SDLP,P8,100000,2.0,true,converged_trial,0,28,132,7.6815427141e-12,0.239869100
MOPCGM,P8,100000,2.0,true,converged_trial,0,136,280,9.9181548927e-12,0.548598900
CGPM,P8,100000,2.0,true,converged_trial,0,49,300,5.2151215144e-12,0.305680500
STTDFPM,P8,100000,2.0,true,converged_trial,0,73,233,5.9387540746e-12,0.300505400
SOPP,P8,100000,5.0,true,converged_trial,0,702,5409,9.9465469940e-12,5.876222500
SDLP,P8,100000,5.0,true,converged_projected,0,25,128,4.8153836262e-12,0.231861200
MOPCGM,P8,100000,5.0,true,converged_trial,0,129,282,9.7103757875e-12,0.387786800
CGPM,P8,100000,5.0,true,converged_trial,0,49,304,9.4961727789e-12,0.305437500
STTDFPM,P8,100000,5.0,true,converged_trial,0,85,305,3.6248844423e-12,0.359180000
SOPP,P8,100000,1/k,true,converged_trial,0,557,1715,9.3400679325e-12,2.901837800
SDLP,P8,100000,1/k,true,converged_projected,0,40,233,7.2187631281e-12,0.312384800
MOPCGM,P8,100000,1/k,true,converged_trial,0,133,266,8.8850389737e-12,0.582709500
CGPM,P8,100000,1/k,true,converged_trial,0,54,332,4.5947189185e-12,0.316116400
STTDFPM,P8,100000,1/k,true,converged_trial,0,80,256,9.2770042479e-12,0.312309200
SOPP,P8,100000,k/n,true,converged_trial,0,610,1946,9.5183149817e-12,3.252959000
SDLP,P8,100000,k/n,true,converged_trial,0,23,115,5.6146008169e-12,0.065526300
MOPCGM,P8,100000,k/n,true,converged_trial,0,133,266,8.4724626389e-12,0.547028300
CGPM,P8,100000,k/n,true,converged_trial,0,60,363,5.9007100259e-12,0.329972200
STTDFPM,P8,100000,k/n,true,converged_trial,0,78,248,8.9010656353e-12,0.312077700
SOPP,P10,100000,0.4,true,converged_trial,0,36,72,6.9514502678e-12,0.228307400
SDLP,P10,100000,0.4,true,converged_projected,0,23,90,9.4090336958e-12,0.053873200
MOPCGM,P10,100000,0.4,true,converged_trial,0,153,306,8.9175170102e-12,0.589596600
CGPM,P10,100000,0.4,true,converged_trial,0,32,154,4.7045168479e-12,0.079365600
STTDFPM,P10,100000,0.4,true,converged_projected,0,15,44,2.5980167667e-12,0.048265100
SOPP,P10,100000,0.5,true,converged_projected,0,33,67,7.7238336309e-12,0.197153600
SDLP,P10,100000,0.5,true,converged_trial,0,25,97,5.2662502029e-12,0.058488500
MOPCGM,P10,100000,0.5,true,converged_trial,0,152,304,8.0749169777e-12,0.583564400
CGPM,P10,100000,0.5,true,converged_trial,0,29,139,5.2662502029e-12,0.234108700
STTDFPM,P10,100000,0.5,true,converged_projected,0,14,44,1.7554167343e-12,0.046080600
SOPP,P10,100000,0.6,true,converged_trial,0,35,70,7.5131836228e-12,0.072919700
SDLP,P10,100000,0.6,true,converged_trial,0,26,101,4.9853835254e-12,0.234189500
MOPCGM,P10,100000,0.6,true,converged_trial,0,150,300,9.4792503652e-12,0.456362000
CGPM,P10,100000,0.6,true,converged_trial,0,32,155,9.4792503652e-12,0.211946900
STTDFPM,P10,100000,0.6,true,converged_trial,0,14,42,4.6343001785e-12,0.024454800
SOPP,P10,100000,0.8,true,converged_trial,0,36,72,6.6705835903e-12,0.232784500
SDLP,P10,100000,0.8,true,converged_trial,0,25,98,6.0386335660e-12,0.058054600
MOPCGM,P10,100000,0.8,true,converged_trial,0,148,296,8.9175170102e-12,0.568486000
CGPM,P10,100000,0.8,true,converged_trial,0,33,161,4.1427834929e-12,0.240238500
STTDFPM,P10,100000,0.8,true,converged_projected,0,14,42,8.0047003084e-12,0.026878800
SOPP,P10,100000,1.0,true,converged_trial,0,36,72,7.7940503002e-12,0.074147000
SDLP,P10,100000,1.0,true,converged_projected,0,21,84,8.3557836552e-12,0.201019400
MOPCGM,P10,100000,1.0,true,converged_trial,0,146,292,8.9175170102e-12,0.430418700
CGPM,P10,100000,1.0,true,converged_trial,0,31,151,4.9853835254e-12,0.230724300
STTDFPM,P10,100000,1.0,true,converged_projected,0,13,41,3.0193167830e-12,0.023065200
SOPP,P10,100000,1.1,true,converged_trial,0,36,72,6.9514502678e-12,0.232885000
SDLP,P10,100000,1.1,true,converged_trial,0,24,95,3.5810501379e-12,0.053411400
MOPCGM,P10,100000,1.1,true,converged_trial,0,145,290,8.9175170102e-12,0.560378400
CGPM,P10,100000,1.1,true,converged_trial,0,29,141,6.3897169128e-12,0.071381000
STTDFPM,P10,100000,1.1,true,converged_projected,0,12,38,3.5810501379e-12,0.024332200
SOPP,P10,100000,2.0,true,converged_projected,0,29,60,7.7940503002e-12,0.216067600
SDLP,P10,100000,2.0,true,converged_trial,0,18,72,7.1621002759e-12,0.040744800
MOPCGM,P10,100000,2.0,true,converged_trial,0,119,238,8.0749169777e-12,0.363568400
CGPM,P10,100000,2.0,true,converged_trial,0,28,139,9.4792503652e-12,0.228273200
STTDFPM,P10,100000,2.0,true,converged_projected,0,11,35,4.1427834929e-12,0.022307400
SOPP,P10,100000,5.0,true,converged_projected,8,42,85,8.3557836552e-12,0.243888700
SDLP,P10,100000,5.0,true,converged_trial,0,29,105,4.9853835254e-12,0.064005200
MOPCGM,P10,100000,5.0,true,converged_trial,0,142,284,8.5664336633e-12,0.550838500
CGPM,P10,100000,5.0,true,converged_trial,0,34,171,4.3534335010e-12,0.088423500
STTDFPM,P10,100000,5.0,false,maxiter,0,2000,4001,8.0761972765e+00,6.746515100
SOPP,P10,100000,1/k,true,converged_projected,6,45,91,8.7006085807e-12,0.124838100
SDLP,P10,100000,1/k,true,converged_trial,0,28,99,7.7803294177e-12,0.196394800
MOPCGM,P10,100000,1/k,true,converged_trial,0,178,356,8.8085597969e-12,0.628267600
CGPM,P10,100000,1/k,true,converged_trial,0,38,176,7.6100879488e-12,0.242878700
STTDFPM,P10,100000,1/k,false,maxiter,0,2000,4009,1.5495639024e+01,6.559713800
SOPP,P10,100000,k/n,true,converged_trial,0,38,76,6.9970567625e-12,0.234186600
SDLP,P10,100000,k/n,true,converged_projected,0,28,104,6.3867338946e-12,0.067566800
MOPCGM,P10,100000,k/n,true,converged_trial,0,161,322,8.5158376839e-12,0.604045500
CGPM,P10,100000,k/n,true,converged_trial,0,39,187,6.2941444898e-12,0.249980300
STTDFPM,P10,100000,k/n,true,converged_trial,0,75,224,6.8817004625e-12,0.296707900
SOPP,P11,100000,0.4,true,converged_trial,0,59,118,9.3157204258e-12,0.330616200
SDLP,P11,100000,0.4,true,converged_projected,0,22,66,8.2313987997e-12,0.070938200
MOPCGM,P11,100000,0.4,true,converged_trial,0,350,700,9.2192673012e-12,1.517567200
CGPM,P11,100000,0.4,true,converged_trial,0,63,188,5.1267554825e-12,0.344500600
STTDFPM,P11,100000,0.4,true,converged_trial,0,64,192,8.1123242793e-12,0.358466000
SOPP,P11,100000,0.5,true,converged_trial,0,59,118,8.9547369606e-12,0.325059000
SDLP,P11,100000,0.5,true,converged_trial,0,24,72,5.5298184540e-12,0.097652100
MOPCGM,P11,100000,0.5,true,converged_trial,0,349,698,9.2022802292e-12,1.662226000
CGPM,P11,100000,0.5,true,converged_trial,0,66,199,5.0065626565e-12,0.354961500
STTDFPM,P11,100000,0.5,true,converged_trial,0,64,192,9.5538669558e-12,0.350572000
SOPP,P11,100000,0.6,true,converged_trial,0,59,118,8.7176943849e-12,0.323356600
SDLP,P11,100000,0.6,true,converged_trial,0,21,60,9.5442778990e-12,0.066534000
MOPCGM,P11,100000,0.6,true,converged_trial,0,348,696,9.1466565155e-12,1.516454600
CGPM,P11,100000,0.6,true,converged_trial,0,59,187,4.6420431316e-12,0.339718900
STTDFPM,P11,100000,0.6,true,converged_trial,0,69,204,6.5806459244e-12,0.363124800
SOPP,P11,100000,0.8,true,converged_trial,0,59,118,8.3204738325e-12,0.324627700
SDLP,P11,100000,0.8,true,converged_trial,0,23,66,5.6155745201e-12,0.094491800
MOPCGM,P11,100000,0.8,true,converged_trial,0,345,690,9.9160663956e-12,1.649660400
CGPM,P11,100000,0.8,true,converged_trial,0,63,240,4.6844699321e-12,0.380426500
STTDFPM,P11,100000,0.8,true,converged_trial,0,64,189,7.1577227461e-12,0.350592000
SOPP,P11,100000,1.0,true,converged_trial,0,59,118,7.9908461361e-12,0.344583200
SDLP,P11,100000,1.0,true,converged_trial,0,25,71,5.3906836420e-12,0.079619100
MOPCGM,P11,100000,1.0,true,converged_trial,0,343,686,9.5843841973e-12,1.553963600
CGPM,P11,100000,1.0,true,converged_trial,0,79,329,7.0859528810e-12,0.617010600
STTDFPM,P11,100000,1.0,true,converged_trial,0,63,188,6.3283221449e-12,0.190634300
SOPP,P11,100000,1.1,true,converged_trial,0,59,118,8.1929650968e-12,0.337672000
SDLP,P11,100000,1.1,true,converged_projected,0,22,65,7.7178411102e-12,0.227083600
MOPCGM,P11,100000,1.1,true,converged_trial,0,342,684,9.4082653965e-12,1.502311800
CGPM,P11,100000,1.1,true,converged_trial,0,66,257,5.4892591752e-12,0.418244600
STTDFPM,P11,100000,1.1,true,converged_trial,0,64,191,6.4147308974e-12,0.362958300
SOPP,P11,100000,2.0,true,converged_trial,0,63,131,8.3678549798e-12,0.344801700
SDLP,P11,100000,2.0,true,converged_projected,0,21,65,6.7553532181e-12,0.069314400
MOPCGM,P11,100000,2.0,true,converged_trial,0,331,662,9.8088794251e-12,1.511999100
CGPM,P11,100000,2.0,true,converged_trial,0,68,257,7.2464074601e-12,0.560532300
STTDFPM,P11,100000,2.0,true,converged_trial,0,62,186,9.4656926207e-12,0.212028400
SOPP,P11,100000,5.0,true,converged_trial,0,82,374,9.3110401912e-12,0.695614400
SDLP,P11,100000,5.0,true,converged_trial,0,37,214,9.7038292443e-12,0.347071100
MOPCGM,P11,100000,5.0,false,line_search_failed,0,657,18184,1.5059763582e+05,20.676486600
CGPM,P11,100000,5.0,true,converged_trial,0,74,532,6.7911802621e-12,0.756199000
STTDFPM,P11,100000,5.0,true,converged_trial,0,64,196,6.7013391696e-12,0.350722600
SOPP,P11,100000,1/k,true,converged_trial,0,59,118,8.4302095247e-12,0.324094900
SDLP,P11,100000,1/k,true,converged_projected,0,25,81,7.0709057363e-12,0.083490000
MOPCGM,P11,100000,1/k,true,converged_trial,0,348,696,9.4307985944e-12,1.657764700
CGPM,P11,100000,1/k,true,converged_trial,0,60,177,7.9309773374e-12,0.202063600
STTDFPM,P11,100000,1/k,true,converged_trial,0,64,192,9.4460038442e-12,0.327321300
SOPP,P11,100000,k/n,true,converged_trial,0,60,120,9.0907638827e-12,0.323637100
SDLP,P11,100000,k/n,true,converged_trial,0,24,69,4.9903386119e-12,0.229236700
MOPCGM,P11,100000,k/n,true,converged_trial,0,353,706,9.7418301830e-12,1.511035000
CGPM,P11,100000,k/n,true,converged_trial,0,61,198,4.2729930946e-12,0.351773800
STTDFPM,P11,100000,k/n,true,converged_trial,0,65,192,6.2709678103e-12,0.351360300
SOPP,P12,100000,0.4,true,converged_projected,0,31,63,8.3206753205e-12,0.095951300
SDLP,P12,100000,0.4,true,converged_projected,0,14,56,4.6167460112e-12,0.206805100
MOPCGM,P12,100000,0.4,true,converged_trial,0,142,284,8.7770836714e-12,0.511438900
CGPM,P12,100000,0.4,true,converged_trial,0,11,44,6.1264044027e-12,0.063110600
STTDFPM,P12,100000,0.4,true,converged_projected,0,12,37,5.8104293905e-12,0.170471800
SOPP,P12,100000,0.5,true,converged_trial,0,30,60,7.3903044514e-12,0.084160800
SDLP,P12,100000,0.5,true,converged_projected,0,14,56,5.3540210396e-12,0.055382900
MOPCGM,P12,100000,0.5,true,converged_trial,0,132,264,8.4786628266e-12,0.644308700
CGPM,P12,100000,0.5,true,converged_trial,0,11,44,7.0216669372e-13,0.040787700
STTDFPM,P12,100000,0.5,true,converged_trial,0,12,36,4.1076751582e-12,0.039440500
SOPP,P12,100000,0.6,true,converged_trial,0,33,66,7.3903044514e-12,0.256573000
SDLP,P12,100000,0.6,true,converged_trial,0,16,63,6.6530294230e-12,0.068327100
MOPCGM,P12,100000,0.6,true,converged_trial,0,143,286,8.6015419980e-12,0.673929200
CGPM,P12,100000,0.6,true,converged_trial,0,11,44,6.1966210720e-12,0.041638600
STTDFPM,P12,100000,0.6,true,converged_projected,0,12,37,6.4950419169e-12,0.036606600
SOPP,P12,100000,0.8,true,converged_projected,0,34,69,7.7238336309e-12,0.255598500
SDLP,P12,100000,0.8,true,converged_trial,0,17,67,5.0556001948e-12,0.065589900
MOPCGM,P12,100000,0.8,true,converged_trial,0,148,296,8.3206753205e-12,0.731964600
CGPM,P12,100000,0.8,true,converged_trial,0,12,48,8.0749169777e-13,0.044539500
STTDFPM,P12,100000,0.8,true,converged_trial,0,13,39,5.1609251988e-12,0.039669700
SOPP,P12,100000,1.0,true,converged_projected,0,35,71,6.2843919088e-12,0.272682900
SDLP,P12,100000,1.0,true,converged_projected,0,17,68,3.9145793175e-12,0.066678800
MOPCGM,P12,100000,1.0,true,converged_trial,0,150,300,8.8648545082e-12,0.697083000
CGPM,P12,100000,1.0,true,converged_trial,0,12,48,1.1059125426e-12,0.046092600
STTDFPM,P12,100000,1.0,true,converged_projected,0,12,37,3.1948584564e-12,0.036501500
SOPP,P12,100000,1.1,true,converged_projected,0,35,71,8.9877336796e-12,0.254768000
SDLP,P12,100000,1.1,true,converged_projected,0,17,68,6.6705835903e-12,0.066133400
MOPCGM,P12,100000,1.1,true,converged_trial,0,151,302,8.8648545082e-12,0.696108700
CGPM,P12,100000,1.1,true,converged_trial,0,11,43,2.0187292444e-12,0.039160300
STTDFPM,P12,100000,1.1,true,converged_projected,0,13,40,4.7045168479e-12,0.063208300
SOPP,P12,100000,2.0,true,converged_trial,0,36,72,7.9169294716e-12,0.246325900
SDLP,P12,100000,2.0,true,converged_trial,0,18,70,4.2305543296e-12,0.070228900
MOPCGM,P12,100000,2.0,true,converged_trial,0,160,320,8.1275794798e-12,0.728079200
CGPM,P12,100000,2.0,true,converged_trial,0,12,46,1.4921042241e-12,0.197455100
STTDFPM,P12,100000,2.0,true,converged_projected,0,14,42,2.4751375953e-12,0.042071200
SOPP,P12,100000,5.0,true,converged_projected,0,38,77,8.5664336633e-12,0.112476700
SDLP,P12,100000,5.0,true,converged_trial,0,19,74,4.2656626643e-12,0.225248900
MOPCGM,P12,100000,5.0,true,converged_trial,0,171,342,8.8648545082e-12,0.754551700
CGPM,P12,100000,5.0,true,converged_trial,0,14,55,1.4745500568e-12,0.051712800
STTDFPM,P12,100000,5.0,true,converged_trial,0,14,42,9.7074545406e-12,0.045128700
SOPP,P12,100000,1/k,true,converged_trial,0,35,70,6.9539296177e-12,0.258608700
SDLP,P12,100000,1/k,true,converged_projected,0,22,83,9.7916095073e-12,0.082875800
MOPCGM,P12,100000,1/k,true,converged_trial,0,150,300,9.9410036817e-12,0.697279500
CGPM,P12,100000,1/k,true,converged_trial,0,52,222,6.9024728840e-12,0.360536100
STTDFPM,P12,100000,1/k,true,converged_trial,0,53,159,9.4870907898e-12,0.316740500
SOPP,P12,100000,k/n,true,converged_trial,0,43,86,9.7215063436e-12,0.123541300
SDLP,P12,100000,k/n,true,converged_trial,0,21,78,4.0285471832e-12,0.241900700
MOPCGM,P12,100000,k/n,true,converged_trial,0,148,296,8.1452535164e-12,0.702144600
CGPM,P12,100000,k/n,true,converged_trial,0,62,269,8.4857345222e-12,0.407432100
STTDFPM,P12,100000,k/n,true,converged_trial,0,71,214,9.9844125094e-12,0.375931700
SOPP,P13,100000,0.4,true,converged_projected,0,26,55,7.6185086268e-12,0.077122100
SDLP,P13,100000,0.4,true,converged_trial,0,19,84,4.0023501542e-12,0.100602000
MOPCGM,P13,100000,0.4,true,converged_trial,0,92,184,7.5131836228e-12,0.529940100
CGPM,P13,100000,0.4,true,converged_trial,0,17,85,5.7226585538e-12,0.075752400
STTDFPM,P13,100000,0.4,true,converged_projected,0,16,50,7.7940503002e-12,0.050806300
SOPP,P13,100000,0.5,true,converged_trial,0,26,54,9.5143586998e-12,0.233021700
SDLP,P13,100000,0.5,true,converged_trial,0,19,84,8.8473003408e-12,0.081777000
MOPCGM,P13,100000,0.5,true,converged_trial,0,94,188,8.4611086593e-12,0.392325200
CGPM,P13,100000,0.5,true,converged_trial,0,18,90,1.8958500730e-12,0.239536800
STTDFPM,P13,100000,0.5,true,converged_trial,0,17,52,6.1439585700e-12,0.051993100
SOPP,P13,100000,0.6,true,converged_projected,0,26,55,8.3206753205e-12,0.078911100
SDLP,P13,100000,0.6,true,converged_projected,0,20,90,1.6852000649e-12,0.242712600
MOPCGM,P13,100000,0.6,true,converged_trial,0,95,190,9.3037086917e-12,0.395429000
CGPM,P13,100000,0.6,true,converged_trial,0,18,90,2.8437751095e-12,0.085785500
STTDFPM,P13,100000,0.6,true,converged_trial,0,17,52,9.3037086917e-12,0.053800300
SOPP,P13,100000,0.8,true,converged_projected,0,28,59,6.8812335984e-12,0.239724500
SDLP,P13,100000,0.8,true,converged_projected,0,20,90,2.8086667749e-12,0.086709600
MOPCGM,P13,100000,0.8,true,converged_trial,0,97,194,8.0749169777e-12,0.409411800
CGPM,P13,100000,0.8,true,converged_trial,0,18,90,4.5640835091e-12,0.238294300
STTDFPM,P13,100000,0.8,true,converged_projected,0,17,53,6.2843919088e-12,0.052462500
SOPP,P13,100000,1.0,true,converged_trial,0,29,60,9.4792503652e-12,0.084374600
SDLP,P13,100000,1.0,true,converged_projected,0,20,90,2.7384501055e-12,0.238957100
MOPCGM,P13,100000,1.0,true,converged_trial,0,98,196,8.0749169777e-12,0.401976500
CGPM,P13,100000,1.0,true,converged_trial,0,18,90,6.0035252313e-12,0.080778000
STTDFPM,P13,100000,1.0,true,converged_projected,0,17,53,8.3557836552e-12,0.077079000
SOPP,P13,100000,1.1,true,converged_trial,0,30,62,6.8461252637e-12,0.227025800
SDLP,P13,100000,1.1,true,converged_projected,0,20,90,2.6331251014e-12,0.086291900
MOPCGM,P13,100000,1.1,true,converged_trial,0,98,196,9.4792503652e-12,0.557155600
CGPM,P13,100000,1.1,true,converged_trial,0,17,84,4.8098418520e-12,0.074328900
STTDFPM,P13,100000,1.1,true,converged_trial,0,18,55,3.7917001461e-12,0.057069600
SOPP,P13,100000,2.0,true,converged_projected,0,29,59,9.4441420305e-12,0.238465600
SDLP,P13,100000,2.0,true,converged_projected,0,18,81,2.9842084483e-12,0.077504100
MOPCGM,P13,100000,2.0,true,converged_trial,0,102,204,7.5482919574e-12,0.416466000
CGPM,P13,100000,2.0,true,converged_trial,0,19,94,1.7554167343e-12,0.241500600
STTDFPM,P13,100000,2.0,true,converged_projected,0,18,55,9.0228420142e-12,0.056011000
SOPP,P13,100000,5.0,true,converged_trial,0,30,61,6.6003669209e-12,0.112208000
SDLP,P13,100000,5.0,true,converged_trial,0,20,89,8.9526253449e-12,0.250690700
MOPCGM,P13,100000,5.0,true,converged_trial,0,106,212,8.9175170102e-12,0.441659000
CGPM,P13,100000,5.0,true,converged_trial,0,19,94,4.1076751582e-12,0.103260600
STTDFPM,P13,100000,5.0,true,converged_trial,0,18,55,7.0567752718e-12,0.215153700
SOPP,P13,100000,1/k,true,converged_projected,0,29,61,6.1973370935e-12,0.084858600
SDLP,P13,100000,1/k,true,converged_trial,0,25,105,4.2732080783e-12,0.257954500
MOPCGM,P13,100000,1/k,true,converged_trial,0,96,192,8.2606949247e-12,0.398679000
CGPM,P13,100000,1/k,true,converged_trial,0,51,254,8.2929113095e-12,0.381094100
STTDFPM,P13,100000,1/k,true,converged_trial,0,53,160,6.6267991446e-12,0.195442900
SOPP,P13,100000,k/n,true,converged_trial,0,316,947,9.7145554992e-12,2.202942600
SDLP,P13,100000,k/n,true,converged_trial,0,59,236,6.2292205971e-12,0.390033300
MOPCGM,P13,100000,k/n,true,converged_trial,0,96,192,7.9573164006e-12,0.397683600
CGPM,P13,100000,k/n,true,converged_trial,0,55,275,4.9508720674e-12,0.404867700
STTDFPM,P13,100000,k/n,true,converged_trial,0,62,187,9.5634129977e-12,0.348024100
SOPP,P14,100000,0.4,true,converged_projected,0,27,57,7.6185086268e-12,0.080352100
SDLP,P14,100000,0.4,true,converged_trial,0,25,111,7.6185086268e-12,0.129899700
MOPCGM,P14,100000,0.4,true,converged_trial,0,91,182,8.6366503327e-12,0.532086700
CGPM,P14,100000,0.4,true,converged_trial,0,16,80,3.7565918114e-12,0.070903000
STTDFPM,P14,100000,0.4,true,converged_trial,0,18,55,4.5289751745e-12,0.056617000
SOPP,P14,100000,0.5,true,converged_trial,0,26,54,6.8110169290e-12,0.230171500
SDLP,P14,100000,0.5,true,converged_trial,0,25,111,4.9853835254e-12,0.107204600
MOPCGM,P14,100000,0.5,true,converged_trial,0,90,180,7.3025336146e-12,0.386186700
CGPM,P14,100000,0.5,true,converged_trial,0,16,80,2.2469334199e-12,0.229402200
STTDFPM,P14,100000,0.5,true,converged_projected,0,17,53,8.0047003084e-12,0.057886500
SOPP,P14,100000,0.6,true,converged_projected,0,25,53,6.5652585862e-12,0.073424700
SDLP,P14,100000,0.6,true,converged_trial,0,25,111,2.0362834118e-12,0.263988300
MOPCGM,P14,100000,0.6,true,converged_trial,0,87,174,7.7238336309e-12,0.390127900
CGPM,P14,100000,0.6,true,converged_trial,0,15,75,6.2141752394e-12,0.070669800
STTDFPM,P14,100000,0.6,true,converged_trial,0,17,52,6.9163419331e-12,0.053280000
SOPP,P14,100000,0.8,true,converged_projected,0,27,57,5.6875502191e-12,0.236418900
SDLP,P14,100000,0.8,true,converged_trial,0,25,111,4.5289751745e-12,0.110049000
MOPCGM,P14,100000,0.8,true,converged_trial,0,89,178,8.3908919899e-12,0.409466200
CGPM,P14,100000,0.8,true,converged_trial,0,16,80,1.6149833955e-12,0.206572100
STTDFPM,P14,100000,0.8,true,converged_projected,0,17,53,6.6003669209e-12,0.055165400
SOPP,P14,100000,1.0,true,converged_projected,0,28,59,6.6003669209e-12,0.103376400
SDLP,P14,100000,1.0,true,converged_projected,0,26,117,4.0374584889e-12,0.244828900
MOPCGM,P14,100000,1.0,true,converged_trial,0,92,184,7.1621002759e-12,0.404769400
CGPM,P14,100000,1.0,true,converged_trial,0,16,80,3.6161584726e-12,0.092048400
STTDFPM,P14,100000,1.0,true,converged_trial,0,18,55,5.6875502191e-12,0.197872100
SOPP,P14,100000,1.1,true,converged_trial,0,29,59,8.2855669858e-12,0.086137000
SDLP,P14,100000,1.1,true,converged_projected,0,24,108,7.3727502840e-12,0.256014300
MOPCGM,P14,100000,1.1,true,converged_trial,0,93,186,7.5834002921e-12,0.394064200
CGPM,P14,100000,1.1,true,converged_trial,0,16,79,3.3352917951e-12,0.071841700
STTDFPM,P14,100000,1.1,true,converged_trial,0,18,55,6.7759085944e-12,0.057541000
SOPP,P14,100000,2.0,true,converged_trial,0,32,69,9.5143586998e-12,0.256070700
SDLP,P14,100000,2.0,true,converged_trial,0,25,106,3.1597501217e-12,0.105677900
MOPCGM,P14,100000,2.0,true,converged_trial,0,112,224,7.6887252962e-12,0.614668400
CGPM,P14,100000,2.0,true,converged_trial,0,18,84,4.5289751745e-12,0.077772400
STTDFPM,P14,100000,2.0,false,maxiter,0,2000,4001,1.8873579031e+02,8.636674800
SOPP,P14,100000,5.0,true,converged_trial,0,29,59,7.8291586349e-12,0.108902700
SDLP,P14,100000,5.0,true,converged_projected,0,26,116,5.0556001948e-12,0.305938500
MOPCGM,P14,100000,5.0,true,converged_trial,0,137,274,9.0930586836e-12,0.554877800
CGPM,P14,100000,5.0,true,converged_trial,0,19,87,2.7033417708e-12,0.216482100
STTDFPM,P14,100000,5.0,true,converged_projected,0,19,58,5.6875502191e-12,0.057907400
SOPP,P14,100000,1/k,true,converged_projected,0,29,61,9.5162080615e-12,0.243524200
SDLP,P14,100000,1/k,true,converged_trial,0,40,165,8.2713860317e-12,0.167028800
MOPCGM,P14,100000,1/k,true,converged_trial,0,94,188,8.7696246411e-12,0.559195700
CGPM,P14,100000,1/k,true,converged_trial,0,78,389,5.3700361663e-12,0.520377400
STTDFPM,P14,100000,1/k,true,converged_trial,0,54,163,8.3502510402e-12,0.345226700
SOPP,P14,100000,k/n,true,converged_trial,0,432,1297,9.5037024596e-12,2.839696500
SDLP,P14,100000,k/n,true,converged_trial,0,60,241,9.0125619033e-12,0.400746400
MOPCGM,P14,100000,k/n,true,converged_trial,0,92,184,8.0892391895e-12,0.407145200
CGPM,P14,100000,k/n,true,converged_trial,0,83,414,9.3472450806e-12,0.692949000
STTDFPM,P14,100000,k/n,true,converged_trial,0,62,187,9.2497393832e-12,0.348458700
SOPP,P15,100000,0.4,true,converged_projected,0,1,8,0.0000000000e+00,0.011682500
SDLP,P15,100000,0.4,true,converged_projected,0,1,5,0.0000000000e+00,0.007772300
MOPCGM,P15,100000,0.4,true,converged_trial,0,46,92,6.6705835903e-12,0.352713900
CGPM,P15,100000,0.4,true,converged_trial,0,14,84,3.5810501379e-12,0.139091200
STTDFPM,P15,100000,0.4,true,converged_projected,0,1,6,0.0000000000e+00,0.009389200
SOPP,P15,100000,0.5,true,converged_projected,0,1,8,0.0000000000e+00,0.012244800
SDLP,P15,100000,0.5,true,converged_projected,0,1,5,0.0000000000e+00,0.007799400
MOPCGM,P15,100000,0.5,true,converged_trial,0,46,92,7.7940503002e-12,0.350403700
CGPM,P15,100000,0.5,true,converged_projected,0,1,3,0.0000000000e+00,0.005635100
STTDFPM,P15,100000,0.5,true,converged_projected,0,1,3,0.0000000000e+00,0.004721500
SOPP,P15,100000,0.6,true,converged_trial,0,25,56,8.0749169777e-12,0.122574100
SDLP,P15,100000,0.6,true,converged_projected,0,1,5,0.0000000000e+00,0.007488800
MOPCGM,P15,100000,0.6,true,converged_trial,0,46,92,8.7068670021e-12,0.343310700
CGPM,P15,100000,0.6,true,converged_trial,0,14,84,3.8619168154e-12,0.144529600
STTDFPM,P15,100000,0.6,true,converged_projected,0,1,6,0.0000000000e+00,0.009519600
SOPP,P15,100000,0.8,true,converged_trial,0,24,54,7.0918836065e-12,0.136695500
SDLP,P15,100000,0.8,true,converged_projected,0,1,3,0.0000000000e+00,0.004957300
MOPCGM,P15,100000,0.8,true,converged_trial,0,46,92,9.4792503652e-12,0.327097500
CGPM,P15,100000,0.8,true,converged_trial,0,14,84,3.5108334686e-12,0.161346600
STTDFPM,P15,100000,0.8,true,converged_projected,0,1,6,0.0000000000e+00,0.009812400
SOPP,P15,100000,1.0,true,converged_projected,0,1,4,0.0000000000e+00,0.139854500
SDLP,P15,100000,1.0,true,converged_projected,0,1,6,0.0000000000e+00,0.009493700
MOPCGM,P15,100000,1.0,true,converged_trial,0,46,92,8.4962169940e-12,0.192664500
CGPM,P15,100000,1.0,true,converged_trial,0,15,92,3.8619168154e-12,0.311658900
STTDFPM,P15,100000,1.0,true,converged_projected,0,1,6,0.0000000000e+00,0.009851900
SOPP,P15,100000,1.1,true,converged_projected,0,1,4,0.0000000000e+00,0.007184000
SDLP,P15,100000,1.1,true,converged_projected,0,1,6,0.0000000000e+00,0.009587700
MOPCGM,P15,100000,1.1,true,converged_trial,0,46,92,6.9514502678e-12,0.197729700
CGPM,P15,100000,1.1,true,converged_projected,0,2,10,0.0000000000e+00,0.018638000
STTDFPM,P15,100000,1.1,true,converged_projected,0,3,13,0.0000000000e+00,0.025357700
SOPP,P15,100000,2.0,true,converged_projected,0,1,3,0.0000000000e+00,0.005593500
SDLP,P15,100000,2.0,true,converged_projected,0,2,14,0.0000000000e+00,0.024030500
MOPCGM,P15,100000,2.0,true,converged_projected,0,1,4,0.0000000000e+00,0.007269400
CGPM,P15,100000,2.0,true,converged_projected,0,2,13,0.0000000000e+00,0.024147300
STTDFPM,P15,100000,2.0,true,converged_projected,0,1,4,0.0000000000e+00,0.007479700
SOPP,P15,100000,5.0,true,converged_projected,0,1,13,0.0000000000e+00,0.046200400
SDLP,P15,100000,5.0,true,converged_projected,0,1,15,0.0000000000e+00,0.161085500
MOPCGM,P15,100000,5.0,true,converged_projected,0,1,10,0.0000000000e+00,0.019102800
CGPM,P15,100000,5.0,true,converged_trial,0,16,117,2.8788834442e-12,0.210282300
STTDFPM,P15,100000,5.0,true,converged_projected,0,1,14,0.0000000000e+00,0.030329200
SOPP,P15,100000,1/k,true,converged_trial,0,719,4386,9.6125816087e-12,10.315968000
SDLP,P15,100000,1/k,true,converged_trial,0,22,111,5.4323718830e-12,0.173513000
MOPCGM,P15,100000,1/k,true,converged_trial,0,39,78,7.0849903361e-12,0.309435200
CGPM,P15,100000,1/k,true,converged_trial,0,45,279,4.3277423166e-12,0.600737500
STTDFPM,P15,100000,1/k,true,converged_projected,0,21,72,0.0000000000e+00,0.134660200
SOPP,P15,100000,k/n,true,converged_trial,0,816,4951,9.7421391800e-12,11.880336600
SDLP,P15,100000,k/n,true,converged_trial,0,27,136,6.5104595828e-12,0.219934100
MOPCGM,P15,100000,k/n,true,converged_trial,0,46,92,7.3702270007e-12,0.346312000
CGPM,P15,100000,k/n,true,converged_trial,0,57,354,8.4245072689e-12,0.743157500
STTDFPM,P15,100000,k/n,true,converged_projected,0,17,56,0.0000000000e+00,0.262501000
SOPP,P16,100000,0.4,true,converged_trial,0,229,748,8.5386651200e-12,1.231129500
SDLP,P16,100000,0.4,true,converged_trial,0,80,331,7.3757318266e-12,0.359558900
MOPCGM,P16,100000,0.4,true,converged_trial,0,378,756,9.8092410360e-12,1.452523900
CGPM,P16,100000,0.4,true,converged_trial,0,49,293,8.7060100185e-12,0.294566800
STTDFPM,P16,100000,0.4,true,converged_trial,0,164,495,9.9750927387e-12,0.625994400
SOPP,P16,100000,0.5,true,converged_trial,0,298,1095,9.8732114304e-12,1.711066700
SDLP,P16,100000,0.5,true,converged_trial,0,79,328,7.4169332190e-12,0.347496100
MOPCGM,P16,100000,0.5,true,converged_trial,0,376,752,9.7698960668e-12,1.460838300
CGPM,P16,100000,0.5,true,converged_trial,0,172,933,9.9615131059e-12,0.936364600
STTDFPM,P16,100000,0.5,true,converged_trial,0,161,486,9.1834543893e-12,0.631367300
SOPP,P16,100000,0.6,true,converged_trial,0,249,853,7.9771885173e-12,1.414758700
SDLP,P16,100000,0.6,true,converged_trial,0,78,324,9.5215685091e-12,0.353824800
MOPCGM,P16,100000,0.6,true,converged_trial,0,374,748,9.7892705647e-12,1.430454400
CGPM,P16,100000,0.6,true,converged_trial,0,186,1005,9.8787311739e-12,1.014338900
STTDFPM,P16,100000,0.6,true,converged_trial,0,159,480,9.2041067387e-12,0.626166000
SOPP,P16,100000,0.8,true,converged_trial,0,249,853,8.8232847091e-12,1.445334600
SDLP,P16,100000,0.8,true,converged_trial,0,77,320,8.0871656339e-12,0.346193600
MOPCGM,P16,100000,0.8,true,converged_trial,0,370,740,9.7875076975e-12,1.414688600
CGPM,P16,100000,0.8,true,converged_trial,0,94,528,9.9380117547e-12,0.571244900
STTDFPM,P16,100000,0.8,true,converged_trial,0,153,462,9.6282543810e-12,0.617078900
SOPP,P16,100000,1.0,true,converged_trial,0,252,855,8.7597929597e-12,1.285296800
SDLP,P16,100000,1.0,true,converged_trial,0,58,250,7.8485962350e-12,0.296760400
MOPCGM,P16,100000,1.0,true,converged_trial,0,366,732,9.5496781591e-12,1.400083900
CGPM,P16,100000,1.0,true,converged_trial,0,199,1071,9.7687773685e-12,1.023734900
STTDFPM,P16,100000,1.0,true,converged_trial,0,152,460,9.3855455559e-12,0.586882700
SOPP,P16,100000,1.1,true,converged_trial,0,251,863,9.4918446412e-12,1.424171500
SDLP,P16,100000,1.1,true,converged_trial,0,73,304,9.2618978936e-12,0.331094800
MOPCGM,P16,100000,1.1,true,converged_trial,0,363,726,9.7964741522e-12,1.450461800
CGPM,P16,100000,1.1,true,converged_trial,0,195,1049,9.9343133412e-12,1.017268800
STTDFPM,P16,100000,1.1,true,converged_trial,0,149,451,9.0147207974e-12,0.580611000
SOPP,P16,100000,2.0,true,converged_trial,0,274,963,9.8427935890e-12,1.660821600
SDLP,P16,100000,2.0,true,converged_trial,0,72,301,9.8552493915e-12,0.329712800
MOPCGM,P16,100000,2.0,true,converged_trial,0,322,644,9.8903930595e-12,1.215997300
CGPM,P16,100000,2.0,true,converged_trial,0,199,1074,9.8320823340e-12,0.999518900
STTDFPM,P16,100000,2.0,true,converged_trial,0,121,368,9.5512430788e-12,0.556946700
SOPP,P16,100000,5.0,true,converged_trial,0,307,1069,9.6205891719e-12,1.581474600
SDLP,P16,100000,5.0,true,converged_trial,0,89,364,8.9915754911e-12,0.516826000
MOPCGM,P16,100000,5.0,true,converged_trial,0,388,776,9.5098042939e-12,1.440801500
CGPM,P16,100000,5.0,true,converged_trial,0,184,1000,9.3354316777e-12,0.972122800
STTDFPM,P16,100000,5.0,true,converged_trial,0,140,423,9.5359104027e-12,0.596202200
SOPP,P16,100000,1/k,true,converged_trial,0,311,1017,8.6815539353e-12,1.760743300
SDLP,P16,100000,1/k,true,converged_trial,0,81,334,9.7605134626e-12,0.351632900
MOPCGM,P16,100000,1/k,true,converged_trial,0,376,752,9.5453903319e-12,1.317033500
CGPM,P16,100000,1/k,true,converged_trial,0,333,1770,9.5377272117e-12,1.969315800
STTDFPM,P16,100000,1/k,true,converged_trial,0,164,494,9.4952636344e-12,0.641100100
SOPP,P16,100000,k/n,true,converged_trial,0,369,922,9.4233181714e-12,1.861933600
SDLP,P16,100000,k/n,true,converged_trial,0,75,310,8.0163830701e-12,0.340459200
MOPCGM,P16,100000,k/n,true,converged_trial,0,377,754,9.5929185053e-12,1.471789100
CGPM,P16,100000,k/n,true,converged_trial,0,274,1462,9.6349862789e-12,1.533031400
STTDFPM,P16,100000,k/n,true,converged_trial,0,162,489,9.2350415956e-12,0.633557700
SOPP,P17,100000,0.4,true,converged_trial,0,52,104,8.4982918717e-12,0.328411200
SDLP,P17,100000,0.4,true,converged_projected,0,1,3,0.0000000000e+00,0.002367500
MOPCGM,P17,100000,0.4,true,converged_trial,0,287,574,9.1834085270e-12,1.205528300
CGPM,P17,100000,0.4,true,converged_trial,0,17,51,8.7735305741e-12,0.078717300
STTDFPM,P17,100000,0.4,true,converged_projected,0,8,25,3.4115105030e-13,0.154292800
SOPP,P17,100000,0.5,true,converged_projected,0,52,105,7.6903907284e-12,0.169180400
SDLP,P17,100000,0.5,true,converged_projected,0,1,3,0.0000000000e+00,0.002174700
MOPCGM,P17,100000,0.5,true,converged_trial,0,289,578,9.2204811761e-12,1.318849300
CGPM,P17,100000,0.5,true,converged_trial,0,18,54,1.6962982866e-12,0.052835600
STTDFPM,P17,100000,0.5,true,converged_projected,0,8,25,4.8223688229e-13,0.044422400
SOPP,P17,100000,0.6,true,converged_projected,0,52,105,9.0783991090e-12,0.285326100
SDLP,P17,100000,0.6,true,converged_projected,0,1,3,0.0000000000e+00,0.002029000
MOPCGM,P17,100000,0.6,true,converged_trial,0,290,580,9.8585709641e-12,1.343392800
CGPM,P17,100000,0.6,true,converged_trial,0,18,54,1.9547123805e-12,0.053310400
STTDFPM,P17,100000,0.6,true,converged_projected,0,8,25,5.6200364916e-13,0.023749100
SOPP,P17,100000,0.8,true,converged_trial,0,53,106,8.6803386524e-12,0.301105900
SDLP,P17,100000,0.8,true,converged_projected,0,1,3,0.0000000000e+00,0.002794800
MOPCGM,P17,100000,0.8,true,converged_trial,0,293,586,9.3498128024e-12,1.344265500
CGPM,P17,100000,0.8,true,converged_trial,0,18,54,2.3595004518e-12,0.051843500
STTDFPM,P17,100000,0.8,true,converged_trial,0,8,24,7.5864882827e-12,0.023294000
SOPP,P17,100000,1.0,true,converged_projected,0,53,107,7.4644344125e-12,0.315722100
SDLP,P17,100000,1.0,true,converged_projected,0,1,3,0.0000000000e+00,0.002249600
MOPCGM,P17,100000,1.0,true,converged_trial,0,295,590,9.1895802601e-12,1.346924700
CGPM,P17,100000,1.0,true,converged_trial,0,18,54,2.6105004372e-12,0.054880400
STTDFPM,P17,100000,1.0,true,converged_projected,0,1,4,0.0000000000e+00,0.002723600
SOPP,P17,100000,1.1,true,converged_projected,0,53,107,7.8856716792e-12,0.308960200
SDLP,P17,100000,1.1,true,converged_projected,0,1,3,0.0000000000e+00,0.002482500
MOPCGM,P17,100000,1.1,true,converged_trial,0,295,590,9.9437348071e-12,1.358928300
CGPM,P17,100000,1.1,true,converged_trial,0,18,54,2.6790150567e-12,0.051687900
STTDFPM,P17,100000,1.1,true,converged_projected,0,1,4,0.0000000000e+00,0.002742700
SOPP,P17,100000,2.0,true,converged_trial,0,53,106,8.9224091557e-12,0.303045100
SDLP,P17,100000,2.0,true,converged_projected,0,2,7,0.0000000000e+00,0.006835900
MOPCGM,P17,100000,2.0,true,converged_trial,0,299,598,9.9729090256e-12,1.357739000
CGPM,P17,100000,2.0,true,converged_trial,0,17,51,8.3309115257e-12,0.048138900
STTDFPM,P17,100000,2.0,true,converged_projected,0,1,4,0.0000000000e+00,0.002815100
SOPP,P17,100000,5.0,true,converged_projected,0,52,106,7.4265445389e-12,0.309597000
SDLP,P17,100000,5.0,true,converged_projected,0,1,4,0.0000000000e+00,0.003025200
MOPCGM,P17,100000,5.0,true,converged_trial,0,304,608,9.0425255750e-12,1.222812200
CGPM,P17,100000,5.0,true,converged_trial,0,19,60,2.0003692359e-12,0.214627000
STTDFPM,P17,100000,5.0,true,converged_projected,0,7,22,9.5630200768e-12,0.021249700
SOPP,P17,100000,1/k,true,converged_trial,0,44,88,9.7740154622e-12,0.143021100
SDLP,P17,100000,1/k,true,converged_projected,0,1,3,0.0000000000e+00,0.002072300
MOPCGM,P17,100000,1/k,true,converged_trial,0,243,486,9.2010462182e-12,1.070995200
CGPM,P17,100000,1/k,true,converged_trial,0,46,139,9.9079486489e-12,0.278896900
STTDFPM,P17,100000,1/k,true,converged_projected,0,26,82,9.1824969184e-12,0.096810400
SOPP,P17,100000,k/n,true,converged_projected,0,52,105,8.4875547059e-12,0.279424000
SDLP,P17,100000,k/n,true,converged_projected,0,1,3,0.0000000000e+00,0.002110900
MOPCGM,P17,100000,k/n,true,converged_trial,0,290,580,9.2945350197e-12,1.341870300
CGPM,P17,100000,k/n,true,converged_trial,0,56,170,4.8015677794e-12,0.345557900
STTDFPM,P17,100000,k/n,true,converged_trial,0,28,85,7.2319306562e-12,0.080755000
SOPP,P18,100000,0.4,true,converged_trial,0,11,22,8.8473003408e-12,0.045261700
SDLP,P18,100000,0.4,true,converged_trial,0,3,9,9.2686003570e-12,0.014969700
MOPCGM,P18,100000,0.4,true,converged_trial,0,55,110,9.7601170426e-12,0.360947400
CGPM,P18,100000,0.4,true,converged_trial,0,5,15,1.8256334037e-12,0.024786700
STTDFPM,P18,100000,0.4,true,converged_projected,0,4,12,2.5278000974e-12,0.192578000
SOPP,P18,100000,0.5,true,converged_trial,0,11,22,8.8473003408e-12,0.050610000
SDLP,P18,100000,0.5,true,converged_trial,0,3,9,9.2686003570e-12,0.014840300
MOPCGM,P18,100000,0.5,true,converged_trial,0,55,110,9.7601170426e-12,0.369566500
CGPM,P18,100000,0.5,true,converged_trial,0,5,15,1.8256334037e-12,0.026005900
STTDFPM,P18,100000,0.5,true,converged_projected,0,4,12,1.1936833793e-12,0.019573900
SOPP,P18,100000,0.6,true,converged_trial,0,11,22,8.8473003408e-12,0.045893400
SDLP,P18,100000,0.6,true,converged_trial,0,3,9,9.2686003570e-12,0.014140300
MOPCGM,P18,100000,0.6,true,converged_trial,0,55,110,9.7601170426e-12,0.365853500
CGPM,P18,100000,0.6,true,converged_trial,0,5,15,1.8256334037e-12,0.024791900
STTDFPM,P18,100000,0.6,true,converged_projected,0,4,12,6.3195002434e-13,0.040772400
SOPP,P18,100000,0.8,true,converged_trial,0,11,22,8.8473003408e-12,0.179580800
SDLP,P18,100000,0.8,true,converged_trial,0,3,9,9.2686003570e-12,0.014750600
MOPCGM,P18,100000,0.8,true,converged_trial,0,55,110,9.7601170426e-12,0.373050000
CGPM,P18,100000,0.8,true,converged_trial,0,5,15,1.8256334037e-12,0.025443700
STTDFPM,P18,100000,0.8,true,converged_projected,0,4,12,2.8086667749e-13,0.020613700
SOPP,P18,100000,1.0,true,converged_trial,0,11,22,8.8473003408e-12,0.047933100
SDLP,P18,100000,1.0,true,converged_trial,0,3,9,9.2686003570e-12,0.013781100
MOPCGM,P18,100000,1.0,true,converged_trial,0,54,108,9.7601170426e-12,0.359489300
CGPM,P18,100000,1.0,true,converged_trial,0,1,2,0.0000000000e+00,0.002711600
STTDFPM,P18,100000,1.0,true,converged_projected,0,2,7,3.0895334523e-12,0.009969200
SOPP,P18,100000,1.1,true,converged_trial,0,50,100,7.6536169615e-12,0.370571300
SDLP,P18,100000,1.1,true,converged_trial,0,7,20,3.9321334848e-12,0.187887100
MOPCGM,P18,100000,1.1,true,converged_trial,0,274,548,9.6899003733e-12,1.839040700
CGPM,P18,100000,1.1,true,converged_trial,0,16,47,1.8958500730e-12,0.079352700
STTDFPM,P18,100000,1.1,true,converged_projected,0,3,9,1.0532500406e-12,0.014103400
SOPP,P18,100000,2.0,true,converged_trial,0,54,108,8.3557836552e-12,0.381659800
SDLP,P18,100000,2.0,true,converged_trial,0,6,17,6.0386335660e-12,0.029676900
MOPCGM,P18,100000,2.0,true,converged_trial,0,301,602,8.9877336796e-12,2.103943900
CGPM,P18,100000,2.0,true,converged_trial,0,18,53,6.0386335660e-12,0.113435600
STTDFPM,P18,100000,2.0,true,converged_trial,0,4,11,5.0556001948e-12,0.155123200
SOPP,P18,100000,5.0,true,converged_trial,0,57,114,9.0579503489e-12,0.394103400
SDLP,P18,100000,5.0,true,converged_trial,0,7,19,9.3388170264e-12,0.034660700
MOPCGM,P18,100000,5.0,true,converged_trial,0,326,652,9.4792503652e-12,2.201321600
CGPM,P18,100000,5.0,true,converged_trial,0,20,58,4.2832168317e-12,0.120678200
STTDFPM,P18,100000,5.0,true,converged_trial,0,5,15,5.4769002110e-12,0.174564000
SOPP,P18,100000,1/k,true,converged_trial,0,11,22,8.8473003408e-12,0.043965900
SDLP,P18,100000,1/k,true,converged_trial,0,3,9,9.2686003570e-12,0.015194300
MOPCGM,P18,100000,1/k,true,converged_trial,0,284,569,9.0461872865e-12,1.900751100
CGPM,P18,100000,1/k,true,converged_trial,0,56,171,5.6701843119e-12,0.595327900
STTDFPM,P18,100000,1/k,true,converged_trial,0,59,179,7.4392037034e-12,0.466996200
SOPP,P18,100000,k/n,true,converged_trial,0,11,22,8.8473003408e-12,0.045106100
SDLP,P18,100000,k/n,true,converged_trial,0,3,9,9.2686003570e-12,0.015232400
MOPCGM,P18,100000,k/n,true,converged_trial,0,55,110,9.7601022289e-12,0.388741400
CGPM,P18,100000,k/n,true,converged_trial,0,9,28,9.8237744177e-12,0.045421500
STTDFPM,P18,100000,k/n,true,converged_projected,0,3,10,4.1427632609e-12,0.015444500
SOPP,P19,100000,0.4,true,converged_projected,0,33,114,6.8945363658e-12,0.260100200
SDLP,P19,100000,0.4,true,converged_trial,0,24,100,4.0900524199e-12,0.238439800
MOPCGM,P19,100000,0.4,false,line_search_failed,0,1,52,8.0953043151e+06,0.020554900
CGPM,P19,100000,0.4,true,converged_trial,0,34,200,5.0514173658e-12,0.278811400
STTDFPM,P19,100000,0.4,false,stalled_direction,0,3,21,7.4631244826e-03,0.012795500
SOPP,P19,100000,0.5,true,converged_projected,0,33,118,6.8945363658e-12,0.252356000
SDLP,P19,100000,0.5,true,converged_trial,0,24,100,4.0900524199e-12,0.077581200
MOPCGM,P19,100000,0.5,false,line_search_failed,0,1,52,1.5811230184e+07,0.025370400
CGPM,P19,100000,0.5,true,converged_trial,0,35,215,5.0514173658e-12,0.310625400
STTDFPM,P19,100000,0.5,false,stalled_direction,0,3,22,7.4630604471e-03,0.142882500
SOPP,P19,100000,0.6,false,line_search_failed,0,1,52,2.7321889245e+07,0.022755900
SDLP,P19,100000,0.6,true,converged_trial,0,24,101,4.0899838490e-12,0.073198600
MOPCGM,P19,100000,0.6,false,line_search_failed,0,1,52,2.7321889245e+07,0.021554900
CGPM,P19,100000,0.6,false,line_search_failed,0,1,25,2.7321889245e+07,0.164222900
STTDFPM,P19,100000,0.6,false,line_search_failed,0,1,19,2.7321889245e+07,0.007905900
SOPP,P19,100000,0.8,false,line_search_failed,0,1,52,6.4763193497e+07,0.021735500
SDLP,P19,100000,0.8,true,converged_trial,0,24,102,4.0899838490e-12,0.074415900
MOPCGM,P19,100000,0.8,false,line_search_failed,0,1,52,6.4763193497e+07,0.177719400
CGPM,P19,100000,0.8,false,line_search_failed,0,1,25,6.4763193497e+07,0.009594000
STTDFPM,P19,100000,0.8,false,line_search_failed,0,1,19,6.4763193497e+07,0.009418600
SOPP,P19,100000,1.0,false,line_search_failed,0,1,52,1.2649079018e+08,0.024877100
SDLP,P19,100000,1.0,true,converged_trial,0,24,102,4.0900524199e-12,0.094928800
MOPCGM,P19,100000,1.0,false,line_search_failed,0,1,52,1.2649079018e+08,0.165361800
CGPM,P19,100000,1.0,false,line_search_failed,0,1,25,1.2649079018e+08,0.017492000
STTDFPM,P19,100000,1.0,false,line_search_failed,0,1,19,1.2649079018e+08,0.012705100
SOPP,P19,100000,1.1,false,line_search_failed,0,1,52,1.6835931478e+08,0.025870200
SDLP,P19,100000,1.1,true,converged_trial,0,28,117,6.2433864710e-12,0.248785400
MOPCGM,P19,100000,1.1,false,line_search_failed,0,1,52,1.6835931478e+08,0.020604300
CGPM,P19,100000,1.1,false,line_search_failed,0,1,25,1.6835931478e+08,0.012430200
STTDFPM,P19,100000,1.1,false,line_search_failed,0,1,19,1.6835931478e+08,0.008322800
SOPP,P19,100000,2.0,false,line_search_failed,0,1,52,1.0119282188e+09,0.022681100
SDLP,P19,100000,2.0,true,converged_trial,0,24,104,4.0900524199e-12,0.240672200
MOPCGM,P19,100000,2.0,false,line_search_failed,0,1,52,1.0119282188e+09,0.019935900
CGPM,P19,100000,2.0,false,line_search_failed,0,1,25,1.0119282188e+09,0.010523700
STTDFPM,P19,100000,2.0,false,line_search_failed,0,1,19,1.0119282188e+09,0.009059600
SOPP,P19,100000,5.0,false,line_search_failed,0,1,52,1.5811386720e+10,0.021894900
SDLP,P19,100000,5.0,true,converged_trial,0,24,107,4.0884752877e-12,0.230813400
MOPCGM,P19,100000,5.0,false,line_search_failed,0,1,52,1.5811386720e+10,0.022591400
CGPM,P19,100000,5.0,false,line_search_failed,0,1,25,1.5811386720e+10,0.010074700
STTDFPM,P19,100000,5.0,false,line_search_failed,0,1,19,1.5811386720e+10,0.009657500
SOPP,P19,100000,1/k,true,converged_trial,0,1649,3302,9.9904975345e-12,8.652946700
SDLP,P19,100000,1/k,false,maxiter,0,2000,5102,6.2693512182e-11,9.460729200
MOPCGM,P19,100000,1/k,false,maxiter,0,2000,4001,9.3499947004e-04,8.608359300
CGPM,P19,100000,1/k,false,maxiter,0,2000,8007,7.7018892763e-04,12.180007800
STTDFPM,P19,100000,1/k,false,line_search_failed,0,6,34,9.0190728396e-03,0.018714500
SOPP,P19,100000,k/n,true,converged_trial,0,1596,3242,9.9521361378e-12,8.260111900
SDLP,P19,100000,k/n,true,converged_trial,0,1823,4672,9.6809870072e-12,8.659217900
MOPCGM,P19,100000,k/n,false,line_search_failed,0,1,52,2.4343589927e+07,0.021323700
CGPM,P19,100000,k/n,false,line_search_failed,0,1,25,2.4343589927e+07,0.010540300
STTDFPM,P19,100000,k/n,false,line_search_failed,0,1,19,2.4343589927e+07,0.008082300
SOPP,P20,100000,0.4,true,converged_trial,0,29,58,9.6805097414e-12,0.299099400
SDLP,P20,100000,0.4,true,converged_trial,0,26,113,5.2874824100e-12,0.229439100
MOPCGM,P20,100000,0.4,true,converged_trial,0,105,210,8.8437426307e-12,0.790628700
CGPM,P20,100000,0.4,true,converged_trial,0,16,75,6.1242495208e-12,0.143539300
STTDFPM,P20,100000,0.4,true,converged_projected,0,3,7,0.0000000000e+00,0.013069000
SOPP,P20,100000,0.5,true,converged_projected,0,29,59,8.0069755199e-12,0.308489000
SDLP,P20,100000,0.5,true,converged_trial,0,28,123,2.8709969196e-12,0.251173700
MOPCGM,P20,100000,0.5,true,converged_trial,0,103,206,9.0529344083e-12,0.810507700
CGPM,P20,100000,0.5,true,converged_trial,0,17,81,1.7312221894e-12,0.162218900
STTDFPM,P20,100000,0.5,true,converged_trial,0,19,58,6.6364489180e-12,0.116230000
SOPP,P20,100000,0.6,true,converged_projected,0,29,59,9.8897015191e-12,0.312664200
SDLP,P20,100000,0.6,true,converged_trial,0,30,131,3.8231399662e-12,0.261011600
MOPCGM,P20,100000,0.6,true,converged_trial,0,101,202,9.8897015191e-12,0.771892400
CGPM,P20,100000,0.6,true,converged_trial,0,16,76,2.3587975224e-12,0.148141900
STTDFPM,P20,100000,0.6,true,converged_trial,0,16,49,5.0782906323e-12,0.100357600
SOPP,P20,100000,0.8,true,converged_projected,0,28,57,9.4713179637e-12,0.294701300
SDLP,P20,100000,0.8,true,converged_trial,0,30,132,4.2415235216e-12,0.262031700
MOPCGM,P20,100000,0.8,true,converged_trial,0,98,196,8.8437426307e-12,0.786805200
CGPM,P20,100000,0.8,true,converged_trial,0,15,72,7.1702084092e-12,0.138262900
STTDFPM,P20,100000,0.8,true,converged_trial,0,20,59,8.3099831394e-12,0.121117800
SOPP,P20,100000,1.0,true,converged_trial,0,29,58,7.7977837422e-12,0.300015200
SDLP,P20,100000,1.0,true,converged_trial,0,27,120,8.6345508530e-12,0.238700300
MOPCGM,P20,100000,1.0,true,converged_trial,0,95,190,8.4253590753e-12,0.745652300
CGPM,P20,100000,1.0,true,converged_trial,0,16,78,1.5220304117e-12,0.152679200
STTDFPM,P20,100000,1.0,true,converged_projected,0,17,53,6.5426330761e-12,0.108042300
SOPP,P20,100000,1.1,true,converged_trial,0,29,58,7.1702084092e-12,0.299061600
SDLP,P20,100000,1.1,true,converged_projected,0,2,5,0.0000000000e+00,0.008084000
MOPCGM,P20,100000,1.1,true,converged_trial,0,93,186,9.6805097414e-12,0.591530700
CGPM,P20,100000,1.1,true,converged_trial,0,15,73,3.4047564109e-12,0.142030300
STTDFPM,P20,100000,1.1,true,converged_projected,0,17,53,6.6364489180e-12,0.272514200
SOPP,P20,100000,2.0,true,converged_trial,0,29,63,8.0069755199e-12,0.151423200
SDLP,P20,100000,2.0,true,converged_trial,0,32,143,1.9404139671e-12,0.442713700
MOPCGM,P20,100000,2.0,true,converged_trial,0,86,172,9.5651338055e-12,0.563320100
CGPM,P20,100000,2.0,true,converged_projected,0,1,3,0.0000000000e+00,0.003738700
STTDFPM,P20,100000,2.0,true,converged_projected,0,1,3,0.0000000000e+00,0.003911300
SOPP,P20,100000,5.0,true,converged_projected,2,3,8,0.0000000000e+00,0.019427100
SDLP,P20,100000,5.0,true,converged_projected,0,2,7,0.0000000000e+00,0.015378200
MOPCGM,P20,100000,5.0,false,invalid_trial_residual,0,7,24,Inf,0.092028000
CGPM,P20,100000,5.0,false,maxiter,0,2000,28017,4.1693561025e-11,82.849864100
STTDFPM,P20,100000,5.0,true,converged_projected,0,4,15,0.0000000000e+00,0.059721600
SOPP,P20,100000,1/k,true,converged_trial,0,585,1739,9.8783668923e-12,5.857177300
SDLP,P20,100000,1/k,true,converged_trial,0,45,174,7.3347997453e-12,0.516364000
MOPCGM,P20,100000,1/k,true,converged_trial,0,157,314,8.7158684527e-12,0.983030100
CGPM,P20,100000,1/k,true,converged_trial,0,133,634,7.1485778077e-12,1.696035600
STTDFPM,P20,100000,1/k,false,line_search_failed,0,3,24,2.6325976292e+00,0.030623400
SOPP,P20,100000,k/n,true,converged_trial,0,33,66,9.1385348502e-12,0.163856100
SDLP,P20,100000,k/n,true,converged_trial,0,51,204,5.7472628537e-12,0.569064000
MOPCGM,P20,100000,k/n,true,converged_trial,0,111,222,8.9052924626e-12,0.823301700
CGPM,P20,100000,k/n,true,converged_trial,0,124,615,7.3569119016e-12,1.505825300
STTDFPM,P20,100000,k/n,true,converged_trial,0,71,209,8.7017862837e-12,0.596050500
SOPP,P1,120000,0.4,true,converged_trial,0,52,104,9.3094123168e-12,0.556611800
SDLP,P1,120000,0.4,true,converged_projected,0,1,3,0.0000000000e+00,0.003528000
MOPCGM,P1,120000,0.4,true,converged_trial,0,288,576,9.0539280090e-12,1.946496000
CGPM,P1,120000,0.4,true,converged_trial,0,17,51,9.6109212087e-12,0.080866000
STTDFPM,P1,120000,0.4,true,converged_projected,0,8,25,3.7371225155e-13,0.038135600
SOPP,P1,120000,0.5,true,converged_projected,0,52,105,8.4244009560e-12,0.387726500
SDLP,P1,120000,0.5,true,converged_projected,0,1,3,0.0000000000e+00,0.003133300
MOPCGM,P1,120000,0.5,true,converged_trial,0,290,580,9.0904779561e-12,1.921975900
CGPM,P1,120000,0.5,true,converged_trial,0,18,54,1.8582016716e-12,0.083734200
STTDFPM,P1,120000,0.5,true,converged_projected,0,8,25,5.2826403697e-13,0.053699100
SOPP,P1,120000,0.6,true,converged_projected,0,52,105,9.9448879560e-12,0.496572600
SDLP,P1,120000,0.6,true,converged_projected,0,1,3,0.0000000000e+00,0.003265100
MOPCGM,P1,120000,0.6,true,converged_trial,0,291,582,9.7195710633e-12,1.628013200
CGPM,P1,120000,0.6,true,converged_trial,0,18,54,2.1412801284e-12,0.223875800
STTDFPM,P1,120000,0.6,true,converged_projected,0,8,25,6.1564415222e-13,0.033615500
SOPP,P1,120000,0.8,true,converged_trial,0,53,106,9.5088345735e-12,0.366957900
SDLP,P1,120000,0.8,true,converged_projected,0,1,3,0.0000000000e+00,0.003673200
MOPCGM,P1,120000,0.8,true,converged_trial,0,294,588,9.2179860846e-12,1.821168700
CGPM,P1,120000,0.8,true,converged_trial,0,18,54,2.5847032438e-12,0.071896200
STTDFPM,P1,120000,0.8,true,converged_trial,0,8,24,8.3105815293e-12,0.030475800
SOPP,P1,120000,1.0,true,converged_projected,0,53,107,8.1768782134e-12,0.362742800
SDLP,P1,120000,1.0,true,converged_projected,0,1,3,0.0000000000e+00,0.002564200
MOPCGM,P1,120000,1.0,true,converged_trial,0,296,592,9.0600127244e-12,1.723685800
CGPM,P1,120000,1.0,true,converged_trial,0,18,54,2.8596599517e-12,0.069267500
STTDFPM,P1,120000,1.0,true,converged_projected,0,1,4,0.0000000000e+00,0.003265600
SOPP,P1,120000,1.1,true,converged_projected,0,53,107,8.6383205195e-12,0.377514600
SDLP,P1,120000,1.1,true,converged_projected,0,1,3,0.0000000000e+00,0.002589800
MOPCGM,P1,120000,1.1,true,converged_trial,0,296,592,9.8035341474e-12,1.680083300
CGPM,P1,120000,1.1,true,converged_trial,0,18,54,2.9347139569e-12,0.228673500
STTDFPM,P1,120000,1.1,true,converged_projected,0,1,4,0.0000000000e+00,0.004166100
SOPP,P1,120000,2.0,true,converged_trial,0,53,106,9.7740095237e-12,0.340685000
SDLP,P1,120000,2.0,true,converged_projected,0,2,7,0.0000000000e+00,0.007830700
MOPCGM,P1,120000,2.0,true,converged_trial,0,300,600,9.8322970271e-12,1.705453400
CGPM,P1,120000,2.0,true,converged_trial,0,17,51,9.1260563344e-12,0.059146200
STTDFPM,P1,120000,2.0,true,converged_projected,0,1,4,0.0000000000e+00,0.003839200
SOPP,P1,120000,5.0,true,converged_projected,0,52,106,8.1353719365e-12,0.332637200
SDLP,P1,120000,5.0,true,converged_projected,0,1,4,0.0000000000e+00,0.003976000
MOPCGM,P1,120000,5.0,true,converged_trial,0,304,608,9.9055904685e-12,1.707539500
CGPM,P1,120000,5.0,true,converged_trial,0,19,60,2.1912947077e-12,0.072787000
STTDFPM,P1,120000,5.0,true,converged_trial,0,8,24,4.7140936329e-12,0.026320600
SOPP,P1,120000,1/k,true,converged_trial,0,44,88,9.7740217239e-12,0.296512700
SDLP,P1,120000,1/k,true,converged_projected,0,1,3,0.0000000000e+00,0.003050500
MOPCGM,P1,120000,1/k,true,converged_trial,0,243,486,9.2010514271e-12,1.359320600
CGPM,P1,120000,1/k,true,converged_trial,0,48,144,5.7655558519e-12,0.325461100
STTDFPM,P1,120000,1/k,true,converged_trial,0,28,84,7.8385338572e-12,0.114538000
SOPP,P1,120000,k/n,true,converged_projected,0,52,105,9.2976398934e-12,0.332210700
SDLP,P1,120000,k/n,true,converged_projected,0,1,3,0.0000000000e+00,0.002615000
MOPCGM,P1,120000,k/n,true,converged_trial,0,291,582,9.1634770000e-12,1.656161300
CGPM,P1,120000,k/n,true,converged_trial,0,54,162,6.5055856967e-12,0.379399400
STTDFPM,P1,120000,k/n,true,converged_trial,0,38,114,6.6732932579e-12,0.319937100
SOPP,P2,120000,0.4,true,converged_projected,0,52,105,7.9994584247e-12,0.361665900
SDLP,P2,120000,0.4,true,converged_projected,0,2,6,0.0000000000e+00,0.008870600
MOPCGM,P2,120000,0.4,true,converged_trial,0,290,580,9.2301439961e-12,1.777654100
CGPM,P2,120000,0.4,true,converged_trial,0,17,50,4.9227434948e-12,0.070226000
STTDFPM,P2,120000,0.4,true,converged_projected,0,1,3,0.0000000000e+00,0.003121100
SOPP,P2,120000,0.5,true,converged_trial,0,53,106,7.6148688910e-12,0.363044000
SDLP,P2,120000,0.5,true,converged_projected,0,2,6,0.0000000000e+00,0.007494900
MOPCGM,P2,120000,0.5,true,converged_trial,0,292,584,9.8454869772e-12,1.760161900
CGPM,P2,120000,0.5,true,converged_trial,0,17,50,7.9225402867e-12,0.071523600
STTDFPM,P2,120000,0.5,true,converged_projected,0,1,3,0.0000000000e+00,0.003251000
SOPP,P2,120000,0.6,true,converged_trial,0,53,106,9.3070617705e-12,0.370079100
SDLP,P2,120000,0.6,true,converged_projected,0,2,6,0.0000000000e+00,0.008344200
MOPCGM,P2,120000,0.6,true,converged_trial,0,295,590,9.0763084065e-12,1.793436900
CGPM,P2,120000,0.6,true,converged_trial,0,18,53,1.9229467656e-12,0.075755200
STTDFPM,P2,120000,0.6,true,converged_projected,0,1,3,0.0000000000e+00,0.004456300
SOPP,P2,120000,0.8,true,converged_projected,0,53,107,9.4608978683e-12,0.395764800
SDLP,P2,120000,0.8,true,converged_projected,0,2,6,0.0000000000e+00,0.008263100
MOPCGM,P2,120000,0.8,true,converged_trial,0,298,596,9.6916508679e-12,1.821383700
CGPM,P2,120000,0.8,true,converged_trial,0,18,53,3.6920573664e-12,0.211365400
STTDFPM,P2,120000,0.8,true,converged_projected,0,1,3,0.0000000000e+00,0.003928300
SOPP,P2,120000,1.0,true,converged_trial,0,54,108,9.1532259857e-12,0.362928900
SDLP,P2,120000,1.0,true,converged_projected,0,2,6,0.0000000000e+00,0.008298700
MOPCGM,P2,120000,1.0,true,converged_trial,0,301,602,9.7685690471e-12,1.824447300
CGPM,P2,120000,1.0,true,converged_trial,0,18,53,6.6149365310e-12,0.074533100
STTDFPM,P2,120000,1.0,true,converged_projected,0,1,3,0.0000000000e+00,0.015327900
SOPP,P2,120000,1.1,true,converged_projected,0,54,109,7.5379510751e-12,0.372665600
SDLP,P2,120000,1.1,true,converged_projected,0,2,6,0.0000000000e+00,0.010762800
MOPCGM,P2,120000,1.1,true,converged_trial,0,303,606,9.1532262567e-12,1.836450200
CGPM,P2,120000,1.1,true,converged_trial,0,18,53,8.5378829717e-12,0.227419200
STTDFPM,P2,120000,1.1,true,converged_projected,0,1,3,0.0000000000e+00,0.003542500
SOPP,P2,120000,2.0,true,converged_projected,0,55,111,8.6148008816e-12,0.367352000
SDLP,P2,120000,2.0,true,converged_projected,0,2,5,0.0000000000e+00,0.007001000
MOPCGM,P2,120000,2.0,true,converged_trial,0,312,624,9.6916508780e-12,1.854192900
CGPM,P2,120000,2.0,true,converged_trial,0,16,46,4.4612360123e-12,0.063925400
STTDFPM,P2,120000,2.0,true,converged_projected,0,2,6,0.0000000000e+00,0.007899300
SOPP,P2,120000,5.0,true,converged_trial,0,58,116,7.9994578077e-12,0.400796200
SDLP,P2,120000,5.0,true,converged_projected,0,3,7,0.0000000000e+00,0.010980300
MOPCGM,P2,120000,5.0,true,converged_trial,0,333,666,9.0763083677e-12,2.078387200
CGPM,P2,120000,5.0,true,converged_trial,0,19,54,7.9225401912e-12,0.098951100
STTDFPM,P2,120000,5.0,true,converged_projected,0,2,7,0.0000000000e+00,0.162458100
SOPP,P2,120000,1/k,true,converged_projected,0,44,89,9.4897987800e-12,0.188302900
SDLP,P2,120000,1/k,true,converged_projected,0,2,6,0.0000000000e+00,0.142607700
MOPCGM,P2,120000,1/k,true,converged_trial,0,247,494,9.5306904233e-12,1.493885900
CGPM,P2,120000,1/k,true,converged_trial,0,47,140,6.5430809800e-12,0.345239900
STTDFPM,P2,120000,1/k,true,converged_trial,0,45,134,6.6747334249e-12,0.186845400
SOPP,P2,120000,k/n,true,converged_trial,0,53,106,9.2519020320e-12,0.386166900
SDLP,P2,120000,k/n,true,converged_projected,0,2,6,0.0000000000e+00,0.007394300
MOPCGM,P2,120000,k/n,true,converged_trial,0,295,590,9.4413724059e-12,1.790025400
CGPM,P2,120000,k/n,true,converged_trial,0,58,173,5.3881785375e-12,0.375175700
STTDFPM,P2,120000,k/n,true,converged_trial,0,58,173,7.2960995930e-12,0.416498700
SOPP,P3,120000,0.4,true,converged_projected,0,51,103,9.6917319394e-12,0.464550600
SDLP,P3,120000,0.4,true,converged_projected,0,1,3,0.0000000000e+00,0.002976800
MOPCGM,P3,120000,0.4,true,converged_trial,0,286,572,9.1533023872e-12,1.467232000
CGPM,P3,120000,0.4,true,converged_trial,0,17,51,4.6151104473e-12,0.213815400
STTDFPM,P3,120000,0.4,true,converged_projected,0,1,4,0.0000000000e+00,0.003410000
SOPP,P3,120000,0.5,true,converged_trial,0,52,104,8.1533617903e-12,0.333960400
SDLP,P3,120000,0.5,true,converged_projected,0,1,3,0.0000000000e+00,0.002630400
MOPCGM,P3,120000,0.5,true,converged_trial,0,287,574,9.7686504468e-12,1.695783000
CGPM,P3,120000,0.5,true,converged_trial,0,17,51,4.7689474622e-12,0.058964200
STTDFPM,P3,120000,0.5,true,converged_projected,0,1,4,0.0000000000e+00,0.003094400
SOPP,P3,120000,0.6,true,converged_trial,0,52,104,8.5379543275e-12,0.333912100
SDLP,P3,120000,0.6,true,converged_projected,0,1,3,0.0000000000e+00,0.002379600
MOPCGM,P3,120000,0.6,true,converged_trial,0,288,576,9.9994059692e-12,1.633005700
CGPM,P3,120000,0.6,true,converged_trial,0,17,51,4.6151104473e-12,0.060611600
STTDFPM,P3,120000,0.6,true,converged_projected,0,1,4,0.0000000000e+00,0.002947100
SOPP,P3,120000,0.8,true,converged_projected,0,51,103,9.9224874617e-12,0.328163200
SDLP,P3,120000,0.8,true,converged_projected,0,2,7,0.0000000000e+00,0.006168100
MOPCGM,P3,120000,0.8,true,converged_trial,0,290,580,9.7686504468e-12,1.647038700
CGPM,P3,120000,0.8,true,converged_trial,0,17,51,3.3074958206e-12,0.058745600
STTDFPM,P3,120000,0.8,true,converged_projected,0,1,4,0.0000000000e+00,0.003590800
SOPP,P3,120000,1.0,true,converged_projected,0,50,101,7.9226062679e-12,0.327312100
SDLP,P3,120000,1.0,true,converged_projected,0,2,7,0.0000000000e+00,0.007410100
MOPCGM,P3,120000,1.0,true,converged_trial,0,291,582,9.9994059692e-12,1.650628000
CGPM,P3,120000,1.0,true,converged_trial,0,18,56,5.3842955219e-12,0.067460900
STTDFPM,P3,120000,1.0,true,converged_projected,0,1,4,0.0000000000e+00,0.002976000
SOPP,P3,120000,1.1,true,converged_projected,0,1,3,0.0000000000e+00,0.002658700
SDLP,P3,120000,1.1,true,converged_projected,0,2,7,0.0000000000e+00,0.007229500
MOPCGM,P3,120000,1.1,true,converged_trial,0,292,584,9.4609764170e-12,1.646509300
CGPM,P3,120000,1.1,true,converged_trial,0,18,56,5.3073770144e-12,0.063956300
STTDFPM,P3,120000,1.1,true,converged_projected,0,1,4,0.0000000000e+00,0.027091900
SOPP,P3,120000,2.0,true,converged_projected,0,52,108,9.9994059692e-12,0.343152500
SDLP,P3,120000,2.0,true,converged_projected,0,4,15,0.0000000000e+00,0.156340100
MOPCGM,P3,120000,2.0,true,converged_trial,0,294,588,9.3071394021e-12,1.498422500
CGPM,P3,120000,2.0,true,converged_trial,0,18,57,5.3842955219e-12,0.220903600
STTDFPM,P3,120000,2.0,true,converged_projected,0,1,5,0.0000000000e+00,0.003600300
SOPP,P3,120000,5.0,true,converged_projected,0,54,122,9.7686504468e-12,0.387315800
SDLP,P3,120000,5.0,true,converged_projected,0,4,18,0.0000000000e+00,0.018498800
MOPCGM,P3,120000,5.0,true,converged_trial,0,286,583,9.6148134319e-12,1.630292000
CGPM,P3,120000,5.0,true,converged_trial,0,19,68,5.4612140293e-12,0.077982200
STTDFPM,P3,120000,5.0,true,converged_projected,0,1,8,0.0000000000e+00,0.006299000
SOPP,P3,120000,1/k,true,converged_projected,0,45,91,9.0071232714e-12,0.320490800
SDLP,P3,120000,1/k,true,converged_projected,0,16,48,9.1474879171e-12,0.081148400
MOPCGM,P3,120000,1/k,true,converged_trial,0,240,480,9.3093792517e-12,1.304175800
CGPM,P3,120000,1/k,true,converged_trial,0,42,128,9.6139655834e-12,0.305051900
STTDFPM,P3,120000,1/k,true,converged_trial,0,51,152,7.6251956969e-12,0.339236500
SOPP,P3,120000,k/n,true,converged_trial,0,53,106,9.7187127316e-12,0.345284900
SDLP,P3,120000,k/n,true,converged_trial,0,21,63,5.5118551939e-12,0.102024100
MOPCGM,P3,120000,k/n,true,converged_trial,0,288,576,9.0043945590e-12,1.610243900
CGPM,P3,120000,k/n,true,converged_trial,0,64,194,4.2273508739e-12,0.384459400
STTDFPM,P3,120000,k/n,true,converged_trial,0,61,182,7.9893068215e-12,0.365438300
SOPP,P4,120000,0.4,true,converged_projected,0,29,61,9.7441765533e-12,0.244599800
SDLP,P4,120000,0.4,true,converged_projected,0,1,4,0.0000000000e+00,0.002256700
MOPCGM,P4,120000,0.4,true,converged_trial,0,89,178,7.2552060681e-12,0.383322900
CGPM,P4,120000,0.4,true,converged_trial,0,54,270,4.5998300841e-12,0.371065600
STTDFPM,P4,120000,0.4,true,converged_projected,0,1,5,0.0000000000e+00,0.002873400
SOPP,P4,120000,0.5,true,converged_projected,0,87,177,9.7956165113e-12,0.580946300
SDLP,P4,120000,0.5,true,converged_projected,0,1,4,0.0000000000e+00,0.002604000
MOPCGM,P4,120000,0.5,true,converged_trial,0,89,178,9.2212617083e-12,0.536238200
CGPM,P4,120000,0.5,true,converged_trial,0,57,285,4.5614212805e-12,0.378682300
STTDFPM,P4,120000,0.5,true,converged_projected,0,1,5,0.0000000000e+00,0.003179100
SOPP,P4,120000,0.6,true,converged_trial,0,207,553,7.7891498090e-12,1.327086100
SDLP,P4,120000,0.6,true,converged_projected,0,1,4,0.0000000000e+00,0.002428400
MOPCGM,P4,120000,0.6,true,converged_trial,0,90,180,7.8773811452e-12,0.545447100
CGPM,P4,120000,0.6,true,converged_trial,0,47,235,6.3739332337e-12,0.338578800
STTDFPM,P4,120000,0.6,true,converged_projected,0,1,5,0.0000000000e+00,0.002665500
SOPP,P4,120000,0.8,true,converged_trial,0,211,559,8.4639157270e-12,1.491981800
SDLP,P4,120000,0.8,true,converged_projected,0,1,4,0.0000000000e+00,0.002310800
MOPCGM,P4,120000,0.8,true,converged_trial,0,91,182,7.6084627994e-12,0.403418700
CGPM,P4,120000,0.8,true,converged_trial,0,59,294,9.9885660427e-12,0.577882700
STTDFPM,P4,120000,0.8,true,converged_projected,0,1,5,0.0000000000e+00,0.003221200
SOPP,P4,120000,1.0,true,converged_trial,0,213,563,7.0401428302e-12,1.336186200
SDLP,P4,120000,1.0,true,converged_projected,0,6,24,1.9151306865e-13,0.043273000
MOPCGM,P4,120000,1.0,true,converged_trial,0,91,182,9.8499204198e-12,0.513405400
CGPM,P4,120000,1.0,true,converged_trial,0,53,264,6.6558111798e-12,0.364747500
STTDFPM,P4,120000,1.0,true,converged_projected,0,1,5,0.0000000000e+00,0.002717600
SOPP,P4,120000,1.1,true,converged_trial,0,219,579,8.7175873894e-12,1.547211600
SDLP,P4,120000,1.1,true,converged_projected,0,6,24,6.0339609470e-13,0.037847500
MOPCGM,P4,120000,1.1,true,converged_trial,0,92,184,7.7211309626e-12,0.396870100
CGPM,P4,120000,1.1,true,converged_trial,0,62,309,7.0610717146e-12,0.564281400
STTDFPM,P4,120000,1.1,true,converged_projected,0,1,5,0.0000000000e+00,0.002752700
SOPP,P4,120000,2.0,true,converged_trial,0,98,234,8.0143072618e-12,0.633260800
SDLP,P4,120000,2.0,true,converged_projected,0,5,20,0.0000000000e+00,0.015839200
MOPCGM,P4,120000,2.0,true,converged_trial,0,94,188,8.2369747199e-12,0.392541300
CGPM,P4,120000,2.0,true,converged_trial,0,50,249,6.3282495967e-12,0.380613200
STTDFPM,P4,120000,2.0,true,converged_trial,0,28,86,8.5014965975e-12,0.214906700
SOPP,P4,120000,5.0,false,maxiter,13,2000,66004,1.9159968376e+09,77.428141800
SDLP,P4,120000,5.0,false,line_search_failed,0,6,62,2.5303111968e+103,0.041267400
MOPCGM,P4,120000,5.0,true,converged_trial,0,101,202,9.2464945120e-12,0.584190500
CGPM,P4,120000,5.0,true,converged_trial,0,58,289,5.6991879817e-12,0.378969200
STTDFPM,P4,120000,5.0,true,converged_trial,0,43,127,9.1641159547e-12,0.276433100
SOPP,P4,120000,1/k,true,converged_trial,0,107,259,7.1041410517e-12,0.656914400
SDLP,P4,120000,1/k,true,converged_trial,0,46,184,7.5138189617e-12,0.319970700
MOPCGM,P4,120000,1/k,true,converged_trial,0,90,180,7.8110960407e-12,0.543937700
CGPM,P4,120000,1/k,true,converged_trial,0,56,279,9.2812869555e-12,0.373008500
STTDFPM,P4,120000,1/k,true,converged_projected,0,14,44,0.0000000000e+00,0.059410000
SOPP,P4,120000,k/n,true,converged_trial,0,637,1912,9.8926137153e-12,4.429628900
SDLP,P4,120000,k/n,true,converged_trial,0,37,147,2.7689306437e-12,0.311418000
MOPCGM,P4,120000,k/n,true,converged_trial,0,90,180,9.8279468745e-12,0.388278500
CGPM,P4,120000,k/n,true,converged_trial,0,82,413,7.8365394145e-12,0.646216800
STTDFPM,P4,120000,k/n,true,converged_projected,0,3,11,1.0771142875e-16,0.032415500
SOPP,P5,120000,0.4,true,converged_trial,0,55,110,9.0763838797e-12,0.601082500
SDLP,P5,120000,0.4,true,converged_trial,0,22,66,6.7688669113e-12,0.150385100
MOPCGM,P5,120000,0.4,true,converged_trial,0,304,608,9.8455768264e-12,2.339243600
CGPM,P5,120000,0.4,true,converged_trial,0,30,90,8.0278837423e-12,0.352888900
STTDFPM,P5,120000,0.4,true,converged_projected,0,8,25,7.6918507455e-13,0.055936000
SOPP,P5,120000,0.5,true,converged_trial,0,55,110,8.9225443230e-12,0.453499300
SDLP,P5,120000,0.5,true,converged_trial,0,22,66,6.4612337419e-12,0.305845800
MOPCGM,P5,120000,0.5,true,converged_trial,0,304,608,9.3840685016e-12,2.354645100
CGPM,P5,120000,0.5,true,converged_trial,0,26,78,7.0707339268e-12,0.358914500
STTDFPM,P5,120000,0.5,true,converged_projected,0,8,25,7.6918507455e-13,0.055319200
SOPP,P5,120000,0.6,true,converged_trial,0,55,110,8.4610409946e-12,0.475359700
SDLP,P5,120000,0.6,true,converged_trial,0,22,66,6.1536144332e-12,0.157223400
MOPCGM,P5,120000,0.6,true,converged_trial,0,303,606,9.8455768264e-12,2.491519300
CGPM,P5,120000,0.6,true,converged_trial,0,28,84,7.9841833616e-12,0.184446500
STTDFPM,P5,120000,0.6,true,converged_projected,0,8,25,7.6918097222e-13,0.054429000
SOPP,P5,120000,0.8,true,converged_trial,0,55,110,7.6918482072e-12,0.650512600
SDLP,P5,120000,0.8,true,converged_trial,0,22,66,5.5384189084e-12,0.150038400
MOPCGM,P5,120000,0.8,true,converged_trial,0,303,606,9.0763944832e-12,2.349623900
CGPM,P5,120000,0.8,true,converged_trial,0,30,90,3.7180605755e-12,0.357804700
STTDFPM,P5,120000,0.8,true,converged_projected,0,8,25,6.1534581618e-13,0.056165100
SOPP,P5,120000,1.0,true,converged_projected,0,54,109,9.0763838797e-12,0.452451100
SDLP,P5,120000,1.0,true,converged_trial,0,22,66,4.9232281808e-12,0.150669400
MOPCGM,P5,120000,1.0,true,converged_trial,0,301,602,9.9994138385e-12,2.476334700
CGPM,P5,120000,1.0,true,converged_trial,0,24,72,8.3819049197e-12,0.163235100
STTDFPM,P5,120000,1.0,true,converged_projected,0,8,25,6.1535446948e-13,0.055165000
SOPP,P5,120000,1.1,true,converged_projected,0,54,109,8.7687124363e-12,0.446611200
SDLP,P5,120000,1.1,true,converged_trial,0,22,66,4.6156469655e-12,0.310572700
MOPCGM,P5,120000,1.1,true,converged_trial,0,301,602,9.3840685016e-12,2.301400200
CGPM,P5,120000,1.1,true,converged_trial,0,28,84,6.1524286459e-12,0.343590300
STTDFPM,P5,120000,1.1,true,converged_projected,0,8,25,6.1535094408e-13,0.053707100
SOPP,P5,120000,2.0,true,converged_trial,0,53,106,9.3840579096e-12,0.444151100
SDLP,P5,120000,2.0,true,converged_trial,0,21,63,7.6924652999e-12,0.146546900
MOPCGM,P5,120000,2.0,true,converged_trial,0,293,586,9.6917425207e-12,2.348558500
CGPM,P5,120000,2.0,true,converged_trial,0,29,87,7.4615030387e-12,0.323116700
STTDFPM,P5,120000,2.0,true,converged_projected,0,8,25,1.5383701491e-13,0.054198200
SOPP,P5,120000,5.0,true,converged_trial,0,55,110,9.0763864654e-12,0.456138600
SDLP,P5,120000,5.0,true,converged_trial,0,22,66,6.6329114432e-12,0.307488300
MOPCGM,P5,120000,5.0,true,converged_trial,0,304,608,9.5379055111e-12,2.320947400
CGPM,P5,120000,5.0,true,converged_trial,0,33,99,9.9429268325e-12,0.374998500
STTDFPM,P5,120000,5.0,true,converged_projected,0,8,25,9.2302208946e-13,0.054088500
SOPP,P5,120000,1/k,true,converged_projected,0,55,111,7.9994497055e-12,0.471214500
SDLP,P5,120000,1/k,true,converged_trial,0,22,66,7.8760656787e-12,0.148878800
MOPCGM,P5,120000,1/k,true,converged_trial,0,306,612,9.5452634455e-12,2.481831900
CGPM,P5,120000,1/k,true,converged_trial,0,35,105,4.6766549103e-12,0.234392500
STTDFPM,P5,120000,1/k,true,converged_projected,0,8,25,9.1951660222e-13,0.213842200
SOPP,P5,120000,k/n,true,converged_trial,0,55,110,8.8561817579e-12,0.454637200
SDLP,P5,120000,k/n,true,converged_trial,0,22,66,8.0420156333e-12,0.150016500
MOPCGM,P5,120000,k/n,true,converged_trial,0,304,608,9.5363493162e-12,2.484902300
CGPM,P5,120000,k/n,true,converged_trial,0,39,117,4.1163695351e-12,0.264400000
STTDFPM,P5,120000,k/n,true,converged_projected,0,8,25,7.8251694377e-13,0.075340500
SOPP,P6,120000,0.4,true,converged_trial,0,33,66,8.0764432828e-12,0.253737700
SDLP,P6,120000,0.4,true,converged_trial,0,16,63,7.2303397008e-12,0.228893500
MOPCGM,P6,120000,0.4,true,converged_trial,0,143,286,9.4609764170e-12,0.751924200
CGPM,P6,120000,0.4,true,converged_trial,0,11,44,6.8072879098e-12,0.048257300
STTDFPM,P6,120000,0.4,true,converged_projected,0,12,37,6.9995841784e-12,0.207543600
SOPP,P6,120000,0.5,true,converged_trial,0,30,60,8.0764432828e-12,0.102721300
SDLP,P6,120000,0.5,true,converged_projected,0,14,56,5.9227250741e-12,0.220754500
MOPCGM,P6,120000,0.5,true,converged_trial,0,132,264,9.2686801484e-12,0.719821100
CGPM,P6,120000,0.5,true,converged_trial,0,11,44,7.6918507455e-13,0.049314900
STTDFPM,P6,120000,0.5,true,converged_trial,0,12,36,4.4612734324e-12,0.044832700
SOPP,P6,120000,0.6,true,converged_projected,0,31,63,9.0379246260e-12,0.263539800
SDLP,P6,120000,0.6,true,converged_projected,0,14,56,5.0766214921e-12,0.076951600
MOPCGM,P6,120000,0.6,true,converged_trial,0,142,284,9.6148134319e-12,0.814997200
CGPM,P6,120000,0.6,true,converged_trial,0,11,44,6.7688286561e-12,0.182540700
STTDFPM,P6,120000,0.6,true,converged_projected,0,12,37,6.3842361188e-12,0.047157400
SOPP,P6,120000,0.8,true,converged_trial,0,33,66,7.2303397008e-12,0.286335300
SDLP,P6,120000,0.8,true,converged_projected,0,16,64,8.3071988052e-12,0.077709700
MOPCGM,P6,120000,0.8,true,converged_trial,0,148,296,9.3071394021e-12,0.823811000
CGPM,P6,120000,0.8,true,converged_trial,0,12,48,1.5383701491e-12,0.185954500
STTDFPM,P6,120000,0.8,true,converged_trial,0,13,39,8.6148728350e-12,0.049889000
SOPP,P6,120000,1.0,true,converged_trial,0,35,70,7.0765026859e-12,0.278742800
SDLP,P6,120000,1.0,true,converged_projected,0,17,68,4.0766808951e-12,0.079419900
MOPCGM,P6,120000,1.0,true,converged_trial,0,151,302,8.9225468648e-12,0.786696100
CGPM,P6,120000,1.0,true,converged_trial,0,12,48,3.3844143280e-12,0.213047500
STTDFPM,P6,120000,1.0,true,converged_projected,0,13,40,2.4229329848e-12,0.048280300
SOPP,P6,120000,1.1,true,converged_projected,0,35,71,7.1534211933e-12,0.123070200
SDLP,P6,120000,1.1,true,converged_projected,0,17,68,5.9227250741e-12,0.233164000
MOPCGM,P6,120000,1.1,true,converged_trial,0,152,304,8.9225468648e-12,0.793043700
CGPM,P6,120000,1.1,true,converged_trial,0,12,48,4.6151104473e-12,0.206702300
STTDFPM,P6,120000,1.1,true,converged_projected,0,13,40,2.8459847758e-12,0.049541700
SOPP,P6,120000,2.0,true,converged_projected,0,37,75,9.6917319394e-12,0.158750500
SDLP,P6,120000,2.0,true,converged_projected,0,19,75,8.3841173126e-12,0.238160200
MOPCGM,P6,120000,2.0,true,converged_trial,0,158,316,8.5379543275e-12,0.802778800
CGPM,P6,120000,2.0,true,converged_trial,0,12,47,8.4610358201e-12,0.207291600
STTDFPM,P6,120000,2.0,true,converged_projected,0,13,40,7.2303397008e-12,0.051586300
SOPP,P6,120000,5.0,true,converged_projected,0,38,77,9.0763838797e-12,0.290648700
SDLP,P6,120000,5.0,true,converged_projected,0,19,74,5.3842955219e-12,0.088195600
MOPCGM,P6,120000,5.0,true,converged_trial,0,171,342,8.7687098499e-12,1.044425200
CGPM,P6,120000,5.0,true,converged_trial,0,14,54,3.2305773131e-12,0.062411500
STTDFPM,P6,120000,5.0,true,converged_projected,0,13,40,3.6920883579e-12,0.048032400
SOPP,P6,120000,1/k,true,converged_trial,0,101,202,9.0000955074e-12,0.682458900
SDLP,P6,120000,1/k,true,converged_trial,0,31,133,9.7729687637e-12,0.291714600
MOPCGM,P6,120000,1/k,true,converged_trial,0,150,300,9.6942462475e-12,0.932101200
CGPM,P6,120000,1/k,true,converged_trial,0,39,225,7.8954098938e-12,0.391665300
STTDFPM,P6,120000,1/k,true,converged_trial,0,56,169,4.2593182160e-12,0.367275700
SOPP,P6,120000,k/n,true,converged_trial,0,62,124,8.7711350452e-12,0.371989700
SDLP,P6,120000,k/n,true,converged_trial,0,27,113,9.7703380793e-12,0.286860600
MOPCGM,P6,120000,k/n,true,converged_trial,0,148,296,8.9249126311e-12,0.772144300
CGPM,P6,120000,k/n,true,converged_trial,0,41,219,8.3780011704e-12,0.384946800
STTDFPM,P6,120000,k/n,true,converged_trial,0,63,192,5.9095376331e-12,0.400475000
SOPP,P8,120000,0.4,true,converged_trial,0,680,1876,9.6933844183e-12,4.308789900
SDLP,P8,120000,0.4,true,converged_projected,0,27,145,2.1980588570e-12,0.250483400
MOPCGM,P8,120000,0.4,true,converged_trial,0,132,264,8.6647368881e-12,0.603414800
CGPM,P8,120000,0.4,true,converged_trial,0,52,311,8.3094287131e-12,0.492831000
STTDFPM,P8,120000,0.4,true,converged_trial,0,72,250,6.9345046221e-12,0.339660200
SOPP,P8,120000,0.5,true,converged_trial,0,871,3092,9.4623936164e-12,6.079676600
SDLP,P8,120000,0.5,true,converged_projected,0,26,120,7.4628744404e-12,0.221754800
MOPCGM,P8,120000,0.5,true,converged_trial,0,131,262,9.5519510818e-12,0.617383300
CGPM,P8,120000,0.5,true,converged_trial,0,49,293,7.2582871072e-12,0.334983300
STTDFPM,P8,120000,0.5,true,converged_trial,0,80,262,7.2555946980e-12,0.525083500
SOPP,P8,120000,0.6,true,converged_trial,0,721,1501,9.9638176198e-12,4.079332100
SDLP,P8,120000,0.6,true,converged_projected,0,20,101,7.2108544957e-12,0.239680500
MOPCGM,P8,120000,0.6,true,converged_trial,0,132,264,9.9642220522e-12,0.604978100
CGPM,P8,120000,0.6,true,converged_trial,0,51,309,6.1357308344e-12,0.334359900
STTDFPM,P8,120000,0.6,true,converged_trial,0,55,176,9.0754997444e-12,0.284379700
SOPP,P8,120000,0.8,true,converged_trial,0,600,1497,9.6412064376e-12,3.711183500
SDLP,P8,120000,0.8,true,converged_trial,0,24,114,9.6745024915e-12,0.078934100
MOPCGM,P8,120000,0.8,true,converged_trial,0,125,250,8.6328833781e-12,0.581967700
CGPM,P8,120000,0.8,true,converged_trial,0,53,318,8.2539639040e-12,0.503900800
STTDFPM,P8,120000,0.8,true,converged_trial,0,73,230,7.7121430757e-12,0.337879900
SOPP,P8,120000,1.0,true,converged_trial,0,614,1857,9.7986588766e-12,4.048518700
SDLP,P8,120000,1.0,true,converged_trial,0,19,96,6.6388440501e-12,0.226807900
MOPCGM,P8,120000,1.0,true,converged_trial,0,87,174,8.6227569506e-12,0.338810700
CGPM,P8,120000,1.0,true,converged_trial,0,53,320,5.9952593073e-12,0.345456600
STTDFPM,P8,120000,1.0,true,converged_trial,0,60,191,4.7306886041e-12,0.311519000
SOPP,P8,120000,1.1,true,converged_trial,0,553,1438,9.4988047305e-12,3.462103500
SDLP,P8,120000,1.1,true,converged_trial,0,33,158,6.0552753262e-12,0.262455500
MOPCGM,P8,120000,1.1,true,converged_trial,0,131,262,9.3284416969e-12,0.589223100
CGPM,P8,120000,1.1,true,converged_trial,0,55,332,9.2198200553e-12,0.352521600
STTDFPM,P8,120000,1.1,true,converged_trial,0,78,250,7.8422063203e-12,0.541244700
SOPP,P8,120000,2.0,true,converged_trial,0,914,6259,9.4351163830e-12,9.267584700
SDLP,P8,120000,2.0,true,converged_trial,0,30,145,5.1544683290e-12,0.267370700
MOPCGM,P8,120000,2.0,true,converged_trial,0,136,280,9.6723785699e-12,0.613212800
CGPM,P8,120000,2.0,true,converged_trial,0,55,336,9.4887923094e-12,0.365681900
STTDFPM,P8,120000,2.0,true,converged_trial,0,77,247,9.4831684609e-12,0.488125600
SOPP,P8,120000,5.0,true,converged_trial,0,915,4512,9.9859337431e-12,7.476292600
SDLP,P8,120000,5.0,true,converged_trial,0,24,125,5.0109809782e-12,0.238416300
MOPCGM,P8,120000,5.0,true,converged_trial,0,129,282,9.3163770591e-12,0.594544700
CGPM,P8,120000,5.0,true,converged_trial,0,54,340,6.6352875135e-12,0.356873000
STTDFPM,P8,120000,5.0,true,converged_trial,0,81,291,9.2315327661e-12,0.522716600
SOPP,P8,120000,1/k,true,converged_trial,0,606,1883,9.9635834667e-12,4.020247000
SDLP,P8,120000,1/k,true,converged_projected,0,46,265,3.5917978275e-12,0.345227900
MOPCGM,P8,120000,1/k,true,converged_trial,0,133,266,8.6055045003e-12,0.764931900
CGPM,P8,120000,1/k,true,converged_trial,0,55,339,5.2102221592e-12,0.355037900
STTDFPM,P8,120000,1/k,true,converged_trial,0,77,246,8.9495964240e-12,0.345833400
SOPP,P8,120000,k/n,true,converged_trial,0,594,1945,9.9830826749e-12,4.177609300
SDLP,P8,120000,k/n,true,converged_projected,0,23,116,4.4471682078e-12,0.098687300
MOPCGM,P8,120000,k/n,true,converged_trial,0,132,264,9.7656360639e-12,0.588494000
CGPM,P8,120000,k/n,true,converged_trial,0,62,375,3.9128991947e-12,0.504273400
STTDFPM,P8,120000,k/n,true,converged_trial,0,78,247,7.6216834705e-12,0.368164000
SOPP,P10,120000,0.4,true,converged_trial,0,36,72,7.6149322381e-12,0.222198500
SDLP,P10,120000,0.4,true,converged_trial,0,24,93,3.4613328355e-12,0.225578300
MOPCGM,P10,120000,0.4,true,converged_trial,0,153,306,9.7686504468e-12,0.640531400
CGPM,P10,120000,0.4,true,converged_trial,0,32,154,5.1535399995e-12,0.265185300
STTDFPM,P10,120000,0.4,true,converged_projected,0,15,44,2.8459847758e-12,0.036889400
SOPP,P10,120000,0.5,true,converged_projected,0,33,67,8.4610358201e-12,0.243119200
SDLP,P10,120000,0.5,true,converged_trial,0,25,97,5.7688880592e-12,0.068503700
MOPCGM,P10,120000,0.5,true,converged_trial,0,152,304,8.8456283574e-12,0.784068800
CGPM,P10,120000,0.5,true,converged_trial,0,29,139,5.7688880592e-12,0.086217300
STTDFPM,P10,120000,0.5,true,converged_projected,0,14,44,1.9229626864e-12,0.059029200
SOPP,P10,120000,0.6,true,converged_trial,0,35,70,8.2302802977e-12,0.225020600
SDLP,P10,120000,0.6,true,converged_trial,0,26,101,5.7688880592e-12,0.230047900
MOPCGM,P10,120000,0.6,true,converged_trial,0,151,302,8.2302802977e-12,0.630681800
CGPM,P10,120000,0.6,true,converged_trial,0,33,160,4.2305179100e-12,0.264161400
STTDFPM,P10,120000,0.6,true,converged_trial,0,14,42,5.0766214921e-12,0.030274100
SOPP,P10,120000,0.8,true,converged_trial,0,36,72,7.3072582083e-12,0.250808400
SDLP,P10,120000,0.8,true,converged_trial,0,25,98,6.9226656710e-12,0.228957400
MOPCGM,P10,120000,0.8,true,converged_trial,0,148,296,9.7686504468e-12,0.626457100
CGPM,P10,120000,0.8,true,converged_trial,0,33,161,4.5381919399e-12,0.260256800
STTDFPM,P10,120000,0.8,true,converged_projected,0,14,42,8.7687098499e-12,0.033500400
SOPP,P10,120000,1.0,true,converged_trial,0,36,72,8.5379543275e-12,0.248503700
SDLP,P10,120000,1.0,true,converged_projected,0,21,84,8.8456283574e-12,0.062088500
MOPCGM,P10,120000,1.0,true,converged_trial,0,146,292,9.7686504468e-12,0.777239700
CGPM,P10,120000,1.0,true,converged_trial,0,31,151,5.4612140293e-12,0.098478300
STTDFPM,P10,120000,1.0,true,converged_projected,0,13,41,3.3074958206e-12,0.056903500
SOPP,P10,120000,1.1,true,converged_trial,0,36,72,7.6149322381e-12,0.222183900
SDLP,P10,120000,1.1,true,converged_trial,0,24,95,3.9228438802e-12,0.233922100
MOPCGM,P10,120000,1.1,true,converged_trial,0,145,290,9.7686504468e-12,0.619689000
CGPM,P10,120000,1.1,true,converged_trial,0,29,141,6.9995841784e-12,0.108811100
STTDFPM,P10,120000,1.1,true,converged_projected,0,12,38,3.9228438802e-12,0.163620300
SOPP,P10,120000,2.0,true,converged_projected,0,29,60,8.5379543275e-12,0.074810100
SDLP,P10,120000,2.0,true,converged_trial,0,18,72,7.8456877604e-12,0.207902100
MOPCGM,P10,120000,2.0,true,converged_trial,0,119,238,8.8456283574e-12,0.427194100
CGPM,P10,120000,2.0,true,converged_trial,0,29,144,4.2305179100e-12,0.220078500
STTDFPM,P10,120000,2.0,true,converged_projected,0,11,35,4.5381919399e-12,0.028489200
SOPP,P10,120000,5.0,true,converged_projected,8,42,85,9.1533023872e-12,0.288277900
SDLP,P10,120000,5.0,true,converged_trial,0,29,105,5.4612140293e-12,0.103206900
MOPCGM,P10,120000,5.0,true,converged_trial,0,142,284,9.3840579096e-12,0.746185600
CGPM,P10,120000,5.0,true,converged_trial,0,34,171,4.7689474622e-12,0.128269500
STTDFPM,P10,120000,5.0,false,maxiter,0,2000,4001,8.8470308544e+00,8.402944500
SOPP,P10,120000,1/k,true,converged_projected,6,45,91,9.1812917465e-12,0.265192900
SDLP,P10,120000,1/k,true,converged_projected,0,27,98,5.2834881525e-12,0.097804500
MOPCGM,P10,120000,1/k,true,converged_trial,0,178,356,9.6023652512e-12,0.832277200
CGPM,P10,120000,1/k,true,converged_trial,0,38,176,9.5312895892e-12,0.265057600
STTDFPM,P10,120000,1/k,false,maxiter,0,2000,4009,1.6794789464e+01,8.454115300
SOPP,P10,120000,k/n,true,converged_trial,0,38,76,7.6643162786e-12,0.249232000
SDLP,P10,120000,k/n,true,converged_trial,0,29,106,3.8806521460e-12,0.081519500
MOPCGM,P10,120000,k/n,true,converged_trial,0,161,322,9.3289551411e-12,0.808716100
CGPM,P10,120000,k/n,true,converged_trial,0,39,187,6.8972743215e-12,0.269465800
STTDFPM,P10,120000,k/n,true,converged_trial,0,75,224,7.5379619053e-12,0.332912600
SOPP,P11,120000,0.4,true,converged_projected,0,59,119,7.9421619203e-12,0.372615400
SDLP,P11,120000,0.4,true,converged_trial,0,23,68,5.8298244285e-12,0.088687100
MOPCGM,P11,120000,0.4,true,converged_trial,0,351,702,9.9531161920e-12,2.004798600
CGPM,P11,120000,0.4,true,converged_trial,0,63,188,5.5573764173e-12,0.388829900
STTDFPM,P11,120000,0.4,true,converged_trial,0,64,192,8.9537383730e-12,0.401222500
SOPP,P11,120000,0.5,true,converged_projected,0,59,119,7.6383063996e-12,0.513212200
SDLP,P11,120000,0.5,true,converged_trial,0,25,76,9.1938585984e-12,0.097811800
MOPCGM,P11,120000,0.5,true,converged_trial,0,350,700,9.9345676113e-12,2.001896600
CGPM,P11,120000,0.5,true,converged_trial,0,66,199,5.4532092938e-12,0.400631200
STTDFPM,P11,120000,0.5,true,converged_trial,0,65,195,6.5977029978e-12,0.415074800
SOPP,P11,120000,0.6,true,converged_projected,0,59,119,7.4371589478e-12,0.359698700
SDLP,P11,120000,0.6,true,converged_trial,0,21,60,7.8531464014e-12,0.232591600
MOPCGM,P11,120000,0.6,true,converged_trial,0,349,698,9.8763147339e-12,1.842905500
CGPM,P11,120000,0.6,true,converged_trial,0,66,221,4.8786600545e-12,0.568848600
STTDFPM,P11,120000,0.6,true,converged_trial,0,71,209,7.8568774903e-12,0.410127200
SOPP,P11,120000,0.8,true,converged_trial,0,59,118,9.6746612312e-12,0.357436500
SDLP,P11,120000,0.8,true,converged_projected,0,22,64,9.4326362924e-12,0.238604900
MOPCGM,P11,120000,0.8,true,converged_trial,0,347,694,9.6405488933e-12,1.911237200
CGPM,P11,120000,0.8,true,converged_trial,0,74,312,7.9819084971e-12,0.720827900
STTDFPM,P11,120000,0.8,true,converged_trial,0,64,189,7.8243461253e-12,0.410694200
SOPP,P11,120000,1.0,true,converged_trial,0,59,118,9.2909942718e-12,0.359181100
SDLP,P11,120000,1.0,true,converged_projected,0,23,66,6.5094226607e-12,0.116120000
MOPCGM,P11,120000,1.0,true,converged_trial,0,345,690,9.3149215034e-12,1.990404800
CGPM,P11,120000,1.0,true,converged_trial,0,69,274,4.8102202703e-12,0.488058600
STTDFPM,P11,120000,1.0,true,converged_trial,0,63,188,7.0347109825e-12,0.528449600
SOPP,P11,120000,1.1,true,converged_trial,0,59,118,9.5280132003e-12,0.373087500
SDLP,P11,120000,1.1,true,converged_trial,0,22,64,6.3366837833e-12,0.088305100
MOPCGM,P11,120000,1.1,true,converged_trial,0,344,688,9.1459863609e-12,2.026030300
CGPM,P11,120000,1.1,true,converged_trial,0,62,258,5.8730620776e-12,0.439331400
STTDFPM,P11,120000,1.1,true,converged_trial,0,64,191,7.0823319454e-12,0.392170200
SOPP,P11,120000,2.0,true,converged_trial,0,63,131,9.7212959817e-12,0.381643900
SDLP,P11,120000,2.0,true,converged_projected,0,21,65,4.9788489318e-12,0.238562800
MOPCGM,P11,120000,2.0,true,converged_trial,0,333,666,9.5368947679e-12,1.810403900
CGPM,P11,120000,2.0,true,converged_trial,0,61,218,3.9057883293e-12,0.408879800
STTDFPM,P11,120000,2.0,true,converged_trial,0,63,189,6.5169271923e-12,0.417867900
SOPP,P11,120000,5.0,true,converged_trial,0,80,362,8.9797323639e-12,0.896829000
SDLP,P11,120000,5.0,true,converged_trial,0,35,208,5.7949195740e-12,0.372832000
MOPCGM,P11,120000,5.0,false,line_search_failed,0,657,18184,1.7006356197e+05,25.590900300
CGPM,P11,120000,5.0,true,converged_trial,0,56,205,8.1561676682e-12,0.402071400
STTDFPM,P11,120000,5.0,true,converged_trial,0,64,196,7.2979274811e-12,0.401735300
SOPP,P11,120000,1/k,true,converged_trial,0,59,118,9.8040543420e-12,0.370802100
SDLP,P11,120000,1/k,true,converged_projected,0,27,85,4.0770073911e-12,0.264629900
MOPCGM,P11,120000,1/k,true,converged_trial,0,350,700,9.1679408068e-12,2.011680400
CGPM,P11,120000,1/k,true,converged_trial,0,60,177,8.8665577696e-12,0.371740700
STTDFPM,P11,120000,1/k,true,converged_trial,0,65,195,6.3787797620e-12,0.393903100
SOPP,P11,120000,k/n,true,converged_projected,0,60,121,7.7532544484e-12,0.384418500
SDLP,P11,120000,k/n,true,converged_trial,0,24,69,8.8960790822e-12,0.247811400
MOPCGM,P11,120000,k/n,true,converged_trial,0,355,710,9.4695277249e-12,1.866083200
CGPM,P11,120000,k/n,true,converged_trial,0,63,211,3.9655874774e-12,0.561293500
STTDFPM,P11,120000,k/n,true,converged_trial,0,65,192,6.9153859152e-12,0.398950700
SOPP,P12,120000,0.4,true,converged_projected,0,31,63,9.1148431335e-12,0.108344300
SDLP,P12,120000,0.4,true,converged_projected,0,14,56,5.0189326115e-12,0.219349700
MOPCGM,P12,120000,0.4,true,converged_trial,0,142,284,9.6148134319e-12,0.751284700
CGPM,P12,120000,0.4,true,converged_trial,0,11,44,6.7111397755e-12,0.049165800
STTDFPM,P12,120000,0.4,true,converged_projected,0,12,37,6.3650064919e-12,0.067168500
SOPP,P12,120000,0.5,true,converged_trial,0,30,60,8.0956729097e-12,0.235050800
SDLP,P12,120000,0.5,true,converged_projected,0,14,56,5.8650361935e-12,0.064794800
MOPCGM,P12,120000,0.5,true,converged_trial,0,132,264,9.2879097752e-12,0.887147500
CGPM,P12,120000,0.5,true,converged_trial,0,11,44,7.6918507455e-13,0.046450800
STTDFPM,P12,120000,0.5,true,converged_trial,0,12,36,4.4997326861e-12,0.045622600
SOPP,P12,120000,0.6,true,converged_trial,0,33,66,8.1533617903e-12,0.155937600
SDLP,P12,120000,0.6,true,converged_trial,0,16,63,7.2880285814e-12,0.208987400
MOPCGM,P12,120000,0.6,true,converged_trial,0,143,286,9.4802060439e-12,0.741871900
CGPM,P12,120000,0.6,true,converged_trial,0,11,44,6.7880582829e-12,0.050743000
STTDFPM,P12,120000,0.6,true,converged_projected,0,12,37,7.0957323128e-12,0.204131800
SOPP,P12,120000,0.8,true,converged_projected,0,34,69,8.4610358201e-12,0.118238000
SDLP,P12,120000,0.8,true,converged_trial,0,17,67,5.5381325368e-12,0.249604600
MOPCGM,P12,120000,0.8,true,converged_trial,0,148,296,9.1148431335e-12,0.766113200
CGPM,P12,120000,0.8,true,converged_trial,0,12,48,8.8456283574e-13,0.057540800
STTDFPM,P12,120000,0.8,true,converged_trial,0,13,39,5.6535102980e-12,0.056838700
SOPP,P12,120000,1.0,true,converged_projected,0,35,71,6.8842064173e-12,0.274275800
SDLP,P12,120000,1.0,true,converged_projected,0,17,68,4.2882067906e-12,0.233675000
MOPCGM,P12,120000,1.0,true,converged_trial,0,150,300,9.6917319394e-12,0.777982700
CGPM,P12,120000,1.0,true,converged_trial,0,12,48,1.2114664924e-12,0.054208900
STTDFPM,P12,120000,1.0,true,converged_projected,0,12,37,3.5190217161e-12,0.200049100
SOPP,P12,120000,1.1,true,converged_projected,0,35,71,9.8455689543e-12,0.119038400
SDLP,P12,120000,1.1,true,converged_projected,0,17,68,7.2687989545e-12,0.236623400
MOPCGM,P12,120000,1.1,true,converged_trial,0,151,302,9.6917319394e-12,0.773906100
CGPM,P12,120000,1.1,true,converged_trial,0,11,43,2.2114070893e-12,0.049015300
STTDFPM,P12,120000,1.1,true,converged_projected,0,13,40,5.1535399995e-12,0.203533100
SOPP,P12,120000,2.0,true,converged_trial,0,36,72,8.6148728350e-12,0.126509200
SDLP,P12,120000,2.0,true,converged_trial,0,18,70,4.6343400742e-12,0.257536900
MOPCGM,P12,120000,2.0,true,converged_trial,0,160,320,8.9033172380e-12,0.813671200
CGPM,P12,120000,2.0,true,converged_trial,0,12,46,1.6345182834e-12,0.051729500
STTDFPM,P12,120000,2.0,true,converged_projected,0,14,42,2.7113773878e-12,0.210361900
SOPP,P12,120000,5.0,true,converged_projected,0,38,77,9.3840579096e-12,0.152883600
SDLP,P12,120000,5.0,true,converged_trial,0,19,74,4.6727993279e-12,0.220691700
MOPCGM,P12,120000,5.0,true,converged_trial,0,171,342,9.7109615662e-12,1.001410800
CGPM,P12,120000,5.0,true,converged_trial,0,14,55,1.6152886566e-12,0.062860800
STTDFPM,P12,120000,5.0,true,converged_projected,0,14,43,1.7883552983e-12,0.051895800
SOPP,P12,120000,1/k,true,converged_trial,0,35,70,7.5055115691e-12,0.274241700
SDLP,P12,120000,1/k,true,converged_projected,0,24,91,6.2085746346e-12,0.110911200
MOPCGM,P12,120000,1/k,true,converged_trial,0,151,302,8.8239858665e-12,0.927068700
CGPM,P12,120000,1/k,true,converged_trial,0,55,241,4.8208629641e-12,0.427853900
STTDFPM,P12,120000,1/k,true,converged_trial,0,53,159,6.8905571192e-12,0.377739800
SOPP,P12,120000,k/n,true,converged_projected,0,43,87,6.5312282331e-12,0.302878200
SDLP,P12,120000,k/n,true,converged_projected,0,24,89,3.9086272169e-12,0.107620800
MOPCGM,P12,120000,k/n,true,converged_trial,0,148,296,8.9227435041e-12,0.923600400
CGPM,P12,120000,k/n,true,converged_trial,0,62,270,7.3250603492e-12,0.465771900
STTDFPM,P12,120000,k/n,true,converged_trial,0,72,217,7.0123591837e-12,0.426804200
SOPP,P13,120000,0.4,true,converged_projected,0,26,55,8.3456580589e-12,0.248098800
SDLP,P13,120000,0.4,true,converged_trial,0,19,84,4.3843549250e-12,0.097378200
MOPCGM,P13,120000,0.4,true,converged_trial,0,92,184,8.2302802977e-12,0.592273000
CGPM,P13,120000,0.4,true,converged_trial,0,17,85,6.2688583576e-12,0.089141400
STTDFPM,P13,120000,0.4,true,converged_projected,0,16,50,8.5379543275e-12,0.084542200
SOPP,P13,120000,0.5,true,converged_projected,0,26,55,5.6150510442e-12,0.225043400
SDLP,P13,120000,0.5,true,converged_trial,0,19,84,9.6917319394e-12,0.265290800
MOPCGM,P13,120000,0.5,true,converged_trial,0,94,188,9.2686801484e-12,0.445402700
CGPM,P13,120000,0.5,true,converged_trial,0,18,90,2.0767997013e-12,0.119220300
STTDFPM,P13,120000,0.5,true,converged_trial,0,17,52,6.7303694023e-12,0.197699100
SOPP,P13,120000,0.6,true,converged_projected,0,26,55,9.1148431335e-12,0.095102100
SDLP,P13,120000,0.6,true,converged_projected,0,20,90,1.8460441789e-12,0.256309600
MOPCGM,P13,120000,0.6,true,converged_trial,0,96,192,7.3841767157e-12,0.448266700
CGPM,P13,120000,0.6,true,converged_trial,0,18,90,3.1151995519e-12,0.248723500
STTDFPM,P13,120000,0.6,true,converged_projected,0,17,53,4.2689771638e-12,0.069223000
SOPP,P13,120000,0.8,true,converged_projected,0,28,59,7.5380137306e-12,0.268993000
SDLP,P13,120000,0.8,true,converged_projected,0,20,90,3.0767402982e-12,0.103367500
MOPCGM,P13,120000,0.8,true,converged_trial,0,97,194,8.8456283574e-12,0.614134400
CGPM,P13,120000,0.8,true,converged_trial,0,18,90,4.9997029846e-12,0.096230600
STTDFPM,P13,120000,0.8,true,converged_projected,0,17,53,6.9226656710e-12,0.063851900
SOPP,P13,120000,1.0,true,converged_projected,0,29,61,5.6150510442e-12,0.260145700
SDLP,P13,120000,1.0,true,converged_projected,0,20,90,2.9998217908e-12,0.126392500
MOPCGM,P13,120000,1.0,true,converged_trial,0,98,196,8.8456283574e-12,0.599193400
CGPM,P13,120000,1.0,true,converged_trial,0,18,90,6.5765323874e-12,0.117284800
STTDFPM,P13,120000,1.0,true,converged_projected,0,17,53,9.1533023872e-12,0.212290800
SOPP,P13,120000,1.1,true,converged_trial,0,30,62,7.4995544769e-12,0.128684100
SDLP,P13,120000,1.1,true,converged_projected,0,20,90,2.9229032833e-12,0.234313800
MOPCGM,P13,120000,1.1,true,converged_trial,0,99,198,7.4995544769e-12,0.480001800
CGPM,P13,120000,1.1,true,converged_trial,0,17,84,5.2689177607e-12,0.225938200
STTDFPM,P13,120000,1.1,true,converged_trial,0,18,55,4.1535994026e-12,0.069074800
SOPP,P13,120000,2.0,true,converged_trial,0,30,60,6.5380731337e-12,0.259651300
SDLP,P13,120000,2.0,true,converged_projected,0,18,81,3.2690365669e-12,0.092496200
MOPCGM,P13,120000,2.0,true,converged_trial,0,102,204,8.2687395514e-12,0.628534300
CGPM,P13,120000,2.0,true,converged_trial,0,19,94,1.9229626864e-12,0.101586300
STTDFPM,P13,120000,2.0,true,converged_projected,0,18,55,9.8840282080e-12,0.220546600
SOPP,P13,120000,5.0,true,converged_trial,0,30,61,7.2303397008e-12,0.106779800
SDLP,P13,120000,5.0,true,converged_trial,0,20,89,9.8071097006e-12,0.257617600
MOPCGM,P13,120000,5.0,true,converged_trial,0,106,212,9.7686504468e-12,0.509675600
CGPM,P13,120000,5.0,true,converged_trial,0,19,94,4.4997326861e-12,0.235828100
STTDFPM,P13,120000,5.0,true,converged_trial,0,18,55,7.7303099993e-12,0.070890200
SOPP,P13,120000,1/k,true,converged_projected,0,29,61,6.3981390968e-12,0.260829000
SDLP,P13,120000,1/k,true,converged_trial,0,46,187,6.7052342198e-12,0.385534000
MOPCGM,P13,120000,1/k,true,converged_trial,0,96,192,9.0546526188e-12,0.450536200
CGPM,P13,120000,1/k,true,converged_trial,0,53,264,7.6304221791e-12,0.600454200
STTDFPM,P13,120000,1/k,true,converged_trial,0,53,160,5.9988329004e-12,0.353362200
SOPP,P13,120000,k/n,true,converged_trial,0,317,950,9.6876690326e-12,2.496823100
SDLP,P13,120000,k/n,true,converged_trial,0,59,236,6.8243826565e-12,0.606557300
MOPCGM,P13,120000,k/n,true,converged_trial,0,96,192,8.7167964383e-12,0.485915000
CGPM,P13,120000,k/n,true,converged_trial,0,55,275,5.4237275518e-12,0.498697800
STTDFPM,P13,120000,k/n,true,converged_trial,0,63,190,6.6793692116e-12,0.533577600
SOPP,P14,120000,0.4,true,converged_projected,0,27,57,8.3456580589e-12,0.096182100
SDLP,P14,120000,0.4,true,converged_trial,0,25,111,8.3456580589e-12,0.296837300
MOPCGM,P14,120000,0.4,true,converged_trial,0,91,182,9.4609764170e-12,0.441060500
CGPM,P14,120000,0.4,true,converged_trial,0,16,80,4.1151401489e-12,0.266231200
STTDFPM,P14,120000,0.4,true,converged_trial,0,18,55,4.9612437309e-12,0.071418200
SOPP,P14,120000,0.5,true,converged_trial,0,26,54,7.4610952232e-12,0.253861100
SDLP,P14,120000,0.5,true,converged_trial,0,25,111,5.4612140293e-12,0.133078000
MOPCGM,P14,120000,0.5,true,converged_trial,0,90,180,7.9995247754e-12,0.598183300
CGPM,P14,120000,0.5,true,converged_trial,0,16,80,2.4613922386e-12,0.094477100
STTDFPM,P14,120000,0.5,true,converged_projected,0,17,53,8.7687098499e-12,0.076526000
SOPP,P14,120000,0.6,true,converged_projected,0,25,53,7.1918804471e-12,0.279819900
SDLP,P14,120000,0.6,true,converged_trial,0,25,111,2.2306367162e-12,0.131458000
MOPCGM,P14,120000,0.6,true,converged_trial,0,87,174,8.4610358201e-12,0.591652800
CGPM,P14,120000,0.6,true,converged_trial,0,15,75,6.8072879098e-12,0.083936500
STTDFPM,P14,120000,0.6,true,converged_trial,0,17,52,7.5764729844e-12,0.067176600
SOPP,P14,120000,0.8,true,converged_projected,0,27,57,6.2303991039e-12,0.251444400
SDLP,P14,120000,0.8,true,converged_trial,0,25,111,4.9612437309e-12,0.153683600
MOPCGM,P14,120000,0.8,true,converged_trial,0,89,178,9.1917616409e-12,0.570754100
CGPM,P14,120000,0.8,true,converged_trial,0,16,80,1.7691256715e-12,0.092688100
STTDFPM,P14,120000,0.8,true,converged_projected,0,17,53,7.2303397008e-12,0.225984900
SOPP,P14,120000,1.0,true,converged_projected,0,28,59,7.2303397008e-12,0.100920900
SDLP,P14,120000,1.0,true,converged_projected,0,26,117,4.3074364175e-12,0.295763000
MOPCGM,P14,120000,1.0,true,converged_trial,0,92,184,7.8456877604e-12,0.459594500
CGPM,P14,120000,1.0,true,converged_trial,0,16,80,3.9613031340e-12,0.243387200
STTDFPM,P14,120000,1.0,true,converged_trial,0,18,55,6.2303991039e-12,0.070767800
SOPP,P14,120000,1.1,true,converged_trial,0,29,59,9.1917616409e-12,0.260509100
SDLP,P14,120000,1.1,true,converged_projected,0,24,108,8.0764432828e-12,0.127639800
MOPCGM,P14,120000,1.1,true,converged_trial,0,93,186,8.3071988052e-12,0.617102100
CGPM,P14,120000,1.1,true,converged_trial,0,16,79,3.6536291041e-12,0.087735100
STTDFPM,P14,120000,1.1,true,converged_trial,0,18,55,7.4226359694e-12,0.092233400
SOPP,P14,120000,2.0,true,converged_projected,0,32,70,5.5381325368e-12,0.249355400
SDLP,P14,120000,2.0,true,converged_trial,0,25,106,3.4613328355e-12,0.283757500
MOPCGM,P14,120000,2.0,true,converged_trial,0,112,224,8.4225765664e-12,0.686614800
CGPM,P14,120000,2.0,true,converged_trial,0,18,84,4.9612437309e-12,0.100156900
STTDFPM,P14,120000,2.0,false,maxiter,0,2000,4001,2.0674969952e+02,10.742979400
SOPP,P14,120000,5.0,true,converged_trial,0,29,59,8.5764135813e-12,0.102577300
SDLP,P14,120000,5.0,true,converged_projected,0,26,116,5.5381325368e-12,0.301955800
MOPCGM,P14,120000,5.0,true,converged_trial,0,137,274,9.9609467155e-12,0.745800700
CGPM,P14,120000,5.0,true,converged_trial,0,19,87,2.9613625370e-12,0.252353600
STTDFPM,P14,120000,5.0,true,converged_projected,0,19,58,6.3457768651e-12,0.087345900
SOPP,P14,120000,1/k,true,converged_trial,0,30,62,6.5468511658e-12,0.266333600
SDLP,P14,120000,1/k,true,converged_projected,0,24,105,7.6275780906e-12,0.123954800
MOPCGM,P14,120000,1/k,true,converged_trial,0,94,188,9.6287331380e-12,0.633405800
CGPM,P14,120000,1/k,true,converged_trial,0,78,389,5.0705337555e-12,0.611185400
STTDFPM,P14,120000,1/k,true,converged_trial,0,54,163,8.0009750739e-12,0.361394800
SOPP,P14,120000,k/n,true,converged_trial,0,433,1300,9.7177314260e-12,3.623222700
SDLP,P14,120000,k/n,true,converged_trial,0,55,222,8.3790992578e-12,0.423745400
MOPCGM,P14,120000,k/n,true,converged_trial,0,92,184,8.8607871303e-12,0.440407500
CGPM,P14,120000,k/n,true,converged_trial,0,85,424,5.0877354853e-12,0.799533300
STTDFPM,P14,120000,k/n,true,converged_trial,0,63,190,6.7042340115e-12,0.541768800
SOPP,P15,120000,0.4,true,converged_projected,0,1,8,0.0000000000e+00,0.013861800
SDLP,P15,120000,0.4,true,converged_projected,0,1,5,0.0000000000e+00,0.009339100
MOPCGM,P15,120000,0.4,true,converged_trial,0,46,92,7.3841767157e-12,0.231405000
CGPM,P15,120000,0.4,true,converged_trial,0,14,84,3.9228438802e-12,0.322004500
STTDFPM,P15,120000,0.4,true,converged_projected,0,1,6,0.0000000000e+00,0.011190900
SOPP,P15,120000,0.5,true,converged_projected,0,1,8,0.0000000000e+00,0.015508700
SDLP,P15,120000,0.5,true,converged_projected,0,1,5,0.0000000000e+00,0.008868600
MOPCGM,P15,120000,0.5,true,converged_trial,0,46,92,8.5379543275e-12,0.398706200
CGPM,P15,120000,0.5,true,converged_trial,0,14,84,4.1535994026e-12,0.200889000
STTDFPM,P15,120000,0.5,true,converged_projected,0,1,3,0.0000000000e+00,0.007344200
SOPP,P15,120000,0.6,true,converged_trial,0,25,56,8.7687098499e-12,0.332230900
SDLP,P15,120000,0.6,true,converged_projected,0,1,5,0.0000000000e+00,0.009596800
MOPCGM,P15,120000,0.6,true,converged_trial,0,46,92,9.5378949245e-12,0.236792700
CGPM,P15,120000,0.6,true,converged_trial,0,14,84,4.2305179100e-12,0.321169500
STTDFPM,P15,120000,0.6,true,converged_projected,0,1,6,0.0000000000e+00,0.011683800
SOPP,P15,120000,0.8,true,converged_trial,0,24,54,7.6918507455e-12,0.139171700
SDLP,P15,120000,0.8,true,converged_projected,0,1,3,0.0000000000e+00,0.005808800
MOPCGM,P15,120000,0.8,true,converged_trial,0,47,94,5.0766214921e-12,0.391367900
CGPM,P15,120000,0.8,true,converged_trial,0,14,84,3.8459253728e-12,0.322571900
STTDFPM,P15,120000,0.8,true,converged_projected,0,1,6,0.0000000000e+00,0.011932600
SOPP,P15,120000,1.0,true,converged_projected,0,1,4,0.0000000000e+00,0.008066700
SDLP,P15,120000,1.0,true,converged_projected,0,1,6,0.0000000000e+00,0.011178200
MOPCGM,P15,120000,1.0,true,converged_trial,0,46,92,9.3071394021e-12,0.235660100
CGPM,P15,120000,1.0,true,converged_trial,0,15,92,4.2305179100e-12,0.337143500
STTDFPM,P15,120000,1.0,true,converged_projected,0,1,6,0.0000000000e+00,0.011917300
SOPP,P15,120000,1.1,true,converged_projected,0,1,4,0.0000000000e+00,0.007960900
SDLP,P15,120000,1.1,true,converged_projected,0,1,6,0.0000000000e+00,0.011808700
MOPCGM,P15,120000,1.1,true,converged_trial,0,46,92,7.6149322381e-12,0.389680500
CGPM,P15,120000,1.1,true,converged_trial,0,15,92,4.3074364175e-12,0.188788600
STTDFPM,P15,120000,1.1,true,converged_projected,0,3,13,0.0000000000e+00,0.027766100
SOPP,P15,120000,2.0,true,converged_projected,0,1,3,0.0000000000e+00,0.006769600
SDLP,P15,120000,2.0,true,converged_projected,0,2,14,0.0000000000e+00,0.029940100
MOPCGM,P15,120000,2.0,true,converged_projected,0,1,4,0.0000000000e+00,0.008103400
CGPM,P15,120000,2.0,true,converged_projected,0,2,13,0.0000000000e+00,0.049297800
STTDFPM,P15,120000,2.0,true,converged_projected,0,1,4,0.0000000000e+00,0.008620100
SOPP,P15,120000,5.0,true,converged_projected,0,1,13,0.0000000000e+00,0.166346600
SDLP,P15,120000,5.0,true,converged_projected,0,1,15,0.0000000000e+00,0.035646800
MOPCGM,P15,120000,5.0,true,converged_projected,0,1,10,0.0000000000e+00,0.023900000
CGPM,P15,120000,5.0,true,converged_trial,0,16,117,3.1536588057e-12,0.257060000
STTDFPM,P15,120000,5.0,true,converged_projected,0,1,14,0.0000000000e+00,0.036588900
SOPP,P15,120000,1/k,true,converged_trial,0,719,4386,9.6118032299e-12,12.642651600
SDLP,P15,120000,1/k,true,converged_trial,0,22,111,5.4323718830e-12,0.363441700
MOPCGM,P15,120000,1/k,true,converged_trial,0,39,78,7.0850003326e-12,0.350067500
CGPM,P15,120000,1/k,true,converged_trial,0,50,308,5.3207389008e-12,0.781369400
STTDFPM,P15,120000,1/k,true,converged_projected,0,21,72,0.0000000000e+00,0.179560900
SOPP,P15,120000,k/n,true,converged_trial,0,818,4963,9.8549218186e-12,14.630856500
SDLP,P15,120000,k/n,true,converged_trial,0,27,136,7.1311858177e-12,0.423275200
MOPCGM,P15,120000,k/n,true,converged_trial,0,46,92,8.0735894866e-12,0.383964300
CGPM,P15,120000,k/n,true,converged_trial,0,55,342,3.7231630265e-12,0.871970400
STTDFPM,P15,120000,k/n,true,converged_projected,0,17,56,0.0000000000e+00,0.261474300
SOPP,P16,120000,0.4,true,converged_trial,0,384,996,9.2993288194e-12,2.386202100
SDLP,P16,120000,0.4,true,converged_trial,0,78,322,9.9694002749e-12,0.557243300
MOPCGM,P16,120000,0.4,true,converged_trial,0,378,756,9.7363311487e-12,1.767417500
CGPM,P16,120000,0.4,true,converged_trial,0,74,422,9.5844614446e-12,0.572274400
STTDFPM,P16,120000,0.4,true,converged_trial,0,164,495,9.4721844262e-12,0.859649900
SOPP,P16,120000,0.5,true,converged_trial,0,299,1098,9.7678852941e-12,2.196386700
SDLP,P16,120000,0.5,true,converged_trial,0,79,328,7.2509508311e-12,0.553922300
MOPCGM,P16,120000,0.5,true,converged_trial,0,376,752,9.6974597205e-12,1.754293200
CGPM,P16,120000,0.5,true,converged_trial,0,53,317,8.3130606189e-12,0.352583000
STTDFPM,P16,120000,0.5,true,converged_trial,0,160,483,9.6764896834e-12,0.856758600
SOPP,P16,120000,0.6,true,converged_trial,0,259,881,9.5828959596e-12,1.778350000
SDLP,P16,120000,0.6,true,converged_trial,0,78,325,7.4260980616e-12,0.552547700
MOPCGM,P16,120000,0.6,true,converged_trial,0,374,748,9.7170162731e-12,1.762118400
CGPM,P16,120000,0.6,true,converged_trial,0,200,1077,9.5537652616e-12,1.316515400
STTDFPM,P16,120000,0.6,true,converged_trial,0,157,474,9.6264171376e-12,0.832633600
SOPP,P16,120000,0.8,true,converged_trial,0,249,855,9.0769311261e-12,1.739900100
SDLP,P16,120000,0.8,true,converged_trial,0,78,325,7.2896716371e-12,0.546598000
MOPCGM,P16,120000,0.8,true,converged_trial,0,370,740,9.7154647430e-12,1.771698500
CGPM,P16,120000,0.8,true,converged_trial,0,93,525,9.8655621608e-12,0.658125200
STTDFPM,P16,120000,0.8,true,converged_trial,0,154,465,9.2827775133e-12,0.839479600
SOPP,P16,120000,1.0,true,converged_trial,0,248,847,9.5185396580e-12,1.746121800
SDLP,P16,120000,1.0,true,converged_trial,0,69,290,9.2345165128e-12,0.365103000
MOPCGM,P16,120000,1.0,true,converged_trial,0,365,730,9.9981038341e-12,1.722774700
CGPM,P16,120000,1.0,true,converged_trial,0,54,323,8.9877071357e-12,0.343216800
STTDFPM,P16,120000,1.0,true,converged_trial,0,148,447,9.7755210740e-12,0.840096800
SOPP,P16,120000,1.1,true,converged_trial,0,266,920,8.7092605002e-12,1.788882100
SDLP,P16,120000,1.1,true,converged_trial,0,74,309,7.1080190155e-12,0.551897500
MOPCGM,P16,120000,1.1,true,converged_trial,0,363,726,9.7242221595e-12,1.739839300
CGPM,P16,120000,1.1,true,converged_trial,0,169,915,9.6029231857e-12,1.190377300
STTDFPM,P16,120000,1.1,true,converged_trial,0,149,451,9.3187138788e-12,0.676055100
SOPP,P16,120000,2.0,true,converged_trial,0,279,972,8.9163150306e-12,1.960292600
SDLP,P16,120000,2.0,true,converged_trial,0,73,306,9.7983285362e-12,0.392225700
MOPCGM,P16,120000,2.0,true,converged_trial,0,322,644,9.8099709068e-12,1.554271600
CGPM,P16,120000,2.0,true,converged_trial,0,221,1186,9.6745148888e-12,1.658797100
STTDFPM,P16,120000,2.0,true,converged_trial,0,128,390,9.7707263641e-12,0.611541500
SOPP,P16,120000,5.0,true,converged_trial,0,234,771,7.8218743003e-12,1.666059700
SDLP,P16,120000,5.0,true,converged_trial,0,89,364,8.1947787414e-12,0.581957400
MOPCGM,P16,120000,5.0,true,converged_trial,0,387,774,9.9560568151e-12,1.784756800
CGPM,P16,120000,5.0,true,converged_trial,0,221,1190,9.8048887087e-12,1.564424300
STTDFPM,P16,120000,5.0,true,converged_trial,0,156,472,9.2515014477e-12,0.823970700
SOPP,P16,120000,1/k,true,converged_trial,0,320,1052,9.8395742943e-12,2.241466800
SDLP,P16,120000,1/k,true,converged_trial,0,86,353,7.0423450968e-12,0.577235100
MOPCGM,P16,120000,1/k,true,converged_trial,0,375,750,9.9924826202e-12,1.740235800
CGPM,P16,120000,1/k,true,converged_trial,0,265,1419,9.5262051209e-12,1.820649600
STTDFPM,P16,120000,1/k,true,converged_trial,0,163,491,9.0296113010e-12,0.905450900
SOPP,P16,120000,k/n,true,converged_trial,0,370,921,9.5924903160e-12,2.351535000
SDLP,P16,120000,k/n,true,converged_trial,0,69,289,8.5600886562e-12,0.366239400
MOPCGM,P16,120000,k/n,true,converged_trial,0,377,754,9.5215843554e-12,1.752816000
CGPM,P16,120000,k/n,true,converged_trial,0,172,936,9.6713003173e-12,1.203681700
STTDFPM,P16,120000,k/n,true,converged_trial,0,160,483,9.0786472526e-12,0.878493900
SOPP,P17,120000,0.4,true,converged_trial,0,52,104,9.3094123168e-12,0.334489000
SDLP,P17,120000,0.4,true,converged_projected,0,1,3,0.0000000000e+00,0.002584000
MOPCGM,P17,120000,0.4,true,converged_trial,0,288,576,9.0539280090e-12,1.637924100
CGPM,P17,120000,0.4,true,converged_trial,0,17,51,9.6109212087e-12,0.062034200
STTDFPM,P17,120000,0.4,true,converged_projected,0,8,25,3.7371225155e-13,0.028320200
SOPP,P17,120000,0.5,true,converged_projected,0,52,105,8.4244009560e-12,0.338389700
SDLP,P17,120000,0.5,true,converged_projected,0,1,3,0.0000000000e+00,0.002611600
MOPCGM,P17,120000,0.5,true,converged_trial,0,290,580,9.0904779561e-12,1.633184700
CGPM,P17,120000,0.5,true,converged_trial,0,18,54,1.8582016716e-12,0.070070500
STTDFPM,P17,120000,0.5,true,converged_projected,0,8,25,5.2826403697e-13,0.028860600
SOPP,P17,120000,0.6,true,converged_projected,0,52,105,9.9448879560e-12,0.339315500
SDLP,P17,120000,0.6,true,converged_projected,0,1,3,0.0000000000e+00,0.002643500
MOPCGM,P17,120000,0.6,true,converged_trial,0,291,582,9.7195710633e-12,1.671276700
CGPM,P17,120000,0.6,true,converged_trial,0,18,54,2.1412801284e-12,0.086697600
STTDFPM,P17,120000,0.6,true,converged_projected,0,8,25,6.1564415222e-13,0.164442600
SOPP,P17,120000,0.8,true,converged_trial,0,53,106,9.5088345735e-12,0.333076900
SDLP,P17,120000,0.8,true,converged_projected,0,1,3,0.0000000000e+00,0.002724900
MOPCGM,P17,120000,0.8,true,converged_trial,0,294,588,9.2179860846e-12,1.503697800
CGPM,P17,120000,0.8,true,converged_trial,0,18,54,2.5847032438e-12,0.221765600
STTDFPM,P17,120000,0.8,true,converged_trial,0,8,24,8.3105815293e-12,0.028672800
SOPP,P17,120000,1.0,true,converged_projected,0,53,107,8.1768782134e-12,0.345588600
SDLP,P17,120000,1.0,true,converged_projected,0,1,3,0.0000000000e+00,0.003274100
MOPCGM,P17,120000,1.0,true,converged_trial,0,296,592,9.0600127244e-12,1.696549800
CGPM,P17,120000,1.0,true,converged_trial,0,18,54,2.8596599517e-12,0.063002600
STTDFPM,P17,120000,1.0,true,converged_projected,0,1,4,0.0000000000e+00,0.003257400
SOPP,P17,120000,1.1,true,converged_projected,0,53,107,8.6383205195e-12,0.333103300
SDLP,P17,120000,1.1,true,converged_projected,0,1,3,0.0000000000e+00,0.004354200
MOPCGM,P17,120000,1.1,true,converged_trial,0,296,592,9.8035341474e-12,1.673493700
CGPM,P17,120000,1.1,true,converged_trial,0,18,54,2.9347139569e-12,0.062482300
STTDFPM,P17,120000,1.1,true,converged_projected,0,1,4,0.0000000000e+00,0.003843800
SOPP,P17,120000,2.0,true,converged_trial,0,53,106,9.7740095237e-12,0.331762100
SDLP,P17,120000,2.0,true,converged_projected,0,2,7,0.0000000000e+00,0.007478900
MOPCGM,P17,120000,2.0,true,converged_trial,0,300,600,9.8322970271e-12,1.675384900
CGPM,P17,120000,2.0,true,converged_trial,0,17,51,9.1260563344e-12,0.059934800
STTDFPM,P17,120000,2.0,true,converged_projected,0,1,4,0.0000000000e+00,0.003541900
SOPP,P17,120000,5.0,true,converged_projected,0,52,106,8.1353719365e-12,0.329441700
SDLP,P17,120000,5.0,true,converged_projected,0,1,4,0.0000000000e+00,0.003760100
MOPCGM,P17,120000,5.0,true,converged_trial,0,304,608,9.9055904685e-12,1.727996900
CGPM,P17,120000,5.0,true,converged_trial,0,19,60,2.1912947077e-12,0.207589200
STTDFPM,P17,120000,5.0,true,converged_trial,0,8,24,4.7140936329e-12,0.028880500
SOPP,P17,120000,1/k,true,converged_trial,0,44,88,9.7740217239e-12,0.313607200
SDLP,P17,120000,1/k,true,converged_projected,0,1,3,0.0000000000e+00,0.002950700
MOPCGM,P17,120000,1/k,true,converged_trial,0,243,486,9.2010514271e-12,1.331748900
CGPM,P17,120000,1/k,true,converged_trial,0,47,142,5.6392424363e-12,0.183823700
STTDFPM,P17,120000,1/k,true,converged_projected,0,26,82,9.1828710910e-12,0.224290000
SOPP,P17,120000,k/n,true,converged_projected,0,52,105,9.2976398934e-12,0.354058300
SDLP,P17,120000,k/n,true,converged_projected,0,1,3,0.0000000000e+00,0.002840100
MOPCGM,P17,120000,k/n,true,converged_trial,0,291,582,9.1634770000e-12,1.683301800
CGPM,P17,120000,k/n,true,converged_trial,0,57,172,3.7686671426e-12,0.358384300
STTDFPM,P17,120000,k/n,true,converged_trial,0,28,85,7.9221010570e-12,0.095615100
SOPP,P18,120000,0.4,true,converged_trial,0,11,22,9.6917319394e-12,0.205934200
SDLP,P18,120000,0.4,true,converged_projected,0,3,10,1.4614516417e-12,0.019881800
MOPCGM,P18,120000,0.4,true,converged_trial,0,56,112,9.6917319394e-12,0.416192400
CGPM,P18,120000,0.4,true,converged_trial,0,5,15,1.9998811938e-12,0.030363300
STTDFPM,P18,120000,0.4,true,converged_projected,0,4,12,2.7690662684e-12,0.022756100
SOPP,P18,120000,0.5,true,converged_trial,0,11,22,9.6917319394e-12,0.237678400
SDLP,P18,120000,0.5,true,converged_projected,0,3,10,1.4614516417e-12,0.022069600
MOPCGM,P18,120000,0.5,true,converged_trial,0,56,112,9.6917319394e-12,0.449281400
CGPM,P18,120000,0.5,true,converged_trial,0,5,15,1.9998811938e-12,0.030176700
STTDFPM,P18,120000,0.5,true,converged_projected,0,4,12,1.3076146267e-12,0.021914900
SOPP,P18,120000,0.6,true,converged_trial,0,11,22,9.6917319394e-12,0.208487700
SDLP,P18,120000,0.6,true,converged_projected,0,3,10,1.4614516417e-12,0.019557800
MOPCGM,P18,120000,0.6,true,converged_trial,0,56,112,9.6917319394e-12,0.422797500
CGPM,P18,120000,0.6,true,converged_trial,0,5,15,1.9998811938e-12,0.029589400
STTDFPM,P18,120000,0.6,true,converged_projected,0,4,12,6.9226656710e-13,0.023634500
SOPP,P18,120000,0.8,true,converged_trial,0,11,22,9.6917319394e-12,0.240139300
SDLP,P18,120000,0.8,true,converged_projected,0,3,10,1.4614516417e-12,0.022715500
MOPCGM,P18,120000,0.8,true,converged_trial,0,56,112,9.6917319394e-12,0.434481600
CGPM,P18,120000,0.8,true,converged_trial,0,5,15,1.9998811938e-12,0.030818000
STTDFPM,P18,120000,0.8,true,converged_projected,0,4,12,3.0767402982e-13,0.022121000
SOPP,P18,120000,1.0,true,converged_trial,0,11,22,9.6917319394e-12,0.212492200
SDLP,P18,120000,1.0,true,converged_projected,0,3,10,1.4614516417e-12,0.021627300
MOPCGM,P18,120000,1.0,true,converged_trial,0,55,110,9.6917319394e-12,0.476997400
CGPM,P18,120000,1.0,true,converged_trial,0,1,2,0.0000000000e+00,0.004238800
STTDFPM,P18,120000,1.0,true,converged_projected,0,2,7,3.3844143280e-12,0.012587900
SOPP,P18,120000,1.1,true,converged_trial,0,50,100,8.1533617903e-12,0.471195000
SDLP,P18,120000,1.1,true,converged_trial,0,7,20,4.3074364175e-12,0.174601200
MOPCGM,P18,120000,1.1,true,converged_trial,0,275,550,9.5378949245e-12,2.271883200
CGPM,P18,120000,1.1,true,converged_trial,0,16,47,2.0767997013e-12,0.228356000
STTDFPM,P18,120000,1.1,true,converged_projected,0,3,9,1.1537776118e-12,0.017649100
SOPP,P18,120000,2.0,true,converged_trial,0,54,108,9.1533023872e-12,0.452246600
SDLP,P18,120000,2.0,true,converged_trial,0,6,17,6.6149916412e-12,0.167697400
MOPCGM,P18,120000,2.0,true,converged_trial,0,301,602,9.8455689543e-12,2.539107700
CGPM,P18,120000,2.0,true,converged_trial,0,18,53,6.6149916412e-12,0.278094700
STTDFPM,P18,120000,2.0,true,converged_trial,0,4,11,5.5381325368e-12,0.022184100
SOPP,P18,120000,5.0,true,converged_trial,0,57,114,9.9224874617e-12,0.465113700
SDLP,P18,120000,5.0,true,converged_projected,0,7,20,7.7687692530e-12,0.065537100
MOPCGM,P18,120000,5.0,true,converged_trial,0,327,654,9.2302208946e-12,2.758360300
CGPM,P18,120000,5.0,true,converged_trial,0,20,58,4.6920289548e-12,0.271802800
STTDFPM,P18,120000,5.0,true,converged_trial,0,5,15,5.9996435815e-12,0.049576900
SOPP,P18,120000,1/k,true,converged_trial,0,11,22,9.6917319394e-12,0.075620200
SDLP,P18,120000,1/k,true,converged_projected,0,3,10,1.4614516417e-12,0.019129900
MOPCGM,P18,120000,1/k,true,converged_trial,0,277,555,9.4700876624e-12,2.393223800
CGPM,P18,120000,1/k,true,converged_trial,0,56,171,6.2291689867e-12,0.657411700
STTDFPM,P18,120000,1/k,true,converged_trial,0,59,179,9.8256311298e-12,0.537280000
SOPP,P18,120000,k/n,true,converged_trial,0,11,22,9.6917319394e-12,0.216106000
SDLP,P18,120000,k/n,true,converged_projected,0,3,10,1.4614516417e-12,0.019871200
MOPCGM,P18,120000,k/n,true,converged_trial,0,56,112,9.6917190687e-12,0.442048200
CGPM,P18,120000,k/n,true,converged_trial,0,11,34,1.9947132106e-12,0.095468200
STTDFPM,P18,120000,k/n,true,converged_projected,0,3,10,4.7689277777e-12,0.165677900
SOPP,P19,120000,0.4,true,converged_projected,0,32,125,9.3547627749e-12,0.303825700
SDLP,P19,120000,0.4,true,converged_trial,0,23,97,6.5497160718e-12,0.091448300
MOPCGM,P19,120000,0.4,false,line_search_failed,0,1,52,1.0641581593e+07,0.051987700
CGPM,P19,120000,0.4,true,converged_trial,0,32,204,5.3863987623e-12,0.462685800
STTDFPM,P19,120000,0.4,false,stalled_direction,0,3,22,8.1754094880e-03,0.014774300
SOPP,P19,120000,0.5,true,converged_projected,0,32,129,9.3552134693e-12,0.302378700
SDLP,P19,120000,0.5,true,converged_trial,0,19,95,8.3469350263e-12,0.245771400
MOPCGM,P19,120000,0.5,false,line_search_failed,0,1,52,2.0784436482e+07,0.025205300
CGPM,P19,120000,0.5,true,converged_trial,0,31,174,5.3863987623e-12,0.299857700
STTDFPM,P19,120000,0.5,false,stalled_direction,0,3,22,8.1753510323e-03,0.012924700
SOPP,P19,120000,0.6,false,line_search_failed,0,1,52,3.5915597697e+07,0.027731700
SDLP,P19,120000,0.6,true,converged_trial,0,23,98,6.5497160718e-12,0.249052800
MOPCGM,P19,120000,0.6,false,line_search_failed,0,1,52,3.5915597697e+07,0.022573900
CGPM,P19,120000,0.6,false,line_search_failed,0,1,25,3.5915597697e+07,0.014093400
STTDFPM,P19,120000,0.6,false,line_search_failed,0,1,19,3.5915597697e+07,0.009024900
SOPP,P19,120000,0.8,false,line_search_failed,0,1,52,8.5133484164e+07,0.052572400
SDLP,P19,120000,0.8,true,converged_trial,0,23,99,6.5497160718e-12,0.219309300
MOPCGM,P19,120000,0.8,false,line_search_failed,0,1,52,8.5133484164e+07,0.024169000
CGPM,P19,120000,0.8,false,line_search_failed,0,1,25,8.5133484164e+07,0.035085000
STTDFPM,P19,120000,0.8,false,line_search_failed,0,1,19,8.5133484164e+07,0.143954700
SOPP,P19,120000,1.0,false,line_search_failed,0,1,52,1.6627653112e+08,0.028367100
SDLP,P19,120000,1.0,true,converged_trial,0,27,119,8.3658641903e-12,0.253080300
MOPCGM,P19,120000,1.0,false,line_search_failed,0,1,52,1.6627653112e+08,0.022114600
CGPM,P19,120000,1.0,false,line_search_failed,0,1,25,1.6627653112e+08,0.013351200
STTDFPM,P19,120000,1.0,false,line_search_failed,0,1,19,1.6627653112e+08,0.009889400
SOPP,P19,120000,1.1,false,line_search_failed,0,1,52,2.2131414294e+08,0.026847600
SDLP,P19,120000,1.1,true,converged_trial,0,23,100,6.5497160718e-12,0.241141300
MOPCGM,P19,120000,1.1,false,line_search_failed,0,1,52,2.2131414294e+08,0.024528000
CGPM,P19,120000,1.1,false,line_search_failed,0,1,25,2.2131414294e+08,0.013111200
STTDFPM,P19,120000,1.1,false,line_search_failed,0,1,19,2.2131414294e+08,0.008813900
SOPP,P19,120000,2.0,false,line_search_failed,0,1,52,1.3302143274e+09,0.179956700
SDLP,P19,120000,2.0,true,converged_trial,0,27,123,8.3627844453e-12,0.103106700
MOPCGM,P19,120000,2.0,false,line_search_failed,0,1,52,1.3302143274e+09,0.185764700
CGPM,P19,120000,2.0,false,line_search_failed,0,1,25,1.3302143274e+09,0.013431400
STTDFPM,P19,120000,2.0,false,line_search_failed,0,1,19,1.3302143274e+09,0.013096300
SOPP,P19,120000,5.0,false,line_search_failed,0,1,52,2.0784607959e+10,0.027027800
SDLP,P19,120000,5.0,true,converged_trial,0,23,104,6.5497160718e-12,0.245473700
MOPCGM,P19,120000,5.0,false,line_search_failed,0,1,52,2.0784607959e+10,0.026505500
CGPM,P19,120000,5.0,false,line_search_failed,0,1,25,2.0784607959e+10,0.014289600
STTDFPM,P19,120000,5.0,false,line_search_failed,0,1,19,2.0784607959e+10,0.008331200
SOPP,P19,120000,1/k,true,converged_trial,0,1509,3022,9.9415073497e-12,9.940007300
SDLP,P19,120000,1/k,true,converged_trial,0,1960,5002,9.5276258983e-12,11.497638400
MOPCGM,P19,120000,1/k,false,maxiter,0,2000,4001,8.0624707227e-04,10.860752200
CGPM,P19,120000,1/k,false,maxiter,0,2000,8011,5.6056329483e-07,15.511688200
STTDFPM,P19,120000,1/k,false,line_search_failed,0,6,34,9.9341962450e-03,0.023293400
SOPP,P19,120000,k/n,false,line_search_failed,0,1,52,3.2000400000e+07,0.027550200
SDLP,P19,120000,k/n,true,converged_trial,0,1667,4275,9.8954642866e-12,9.976366200
MOPCGM,P19,120000,k/n,false,line_search_failed,0,1,52,3.2000400000e+07,0.024401100
CGPM,P19,120000,k/n,false,line_search_failed,0,1,25,3.2000400000e+07,0.013504200
STTDFPM,P19,120000,k/n,false,line_search_failed,0,1,19,3.2000400000e+07,0.009568200
SOPP,P20,120000,0.4,true,converged_projected,0,29,59,5.5629722940e-12,0.338180800
SDLP,P20,120000,0.4,true,converged_trial,0,26,113,5.7921297306e-12,0.297507800
MOPCGM,P20,120000,0.4,true,converged_trial,0,105,210,9.6878061520e-12,0.863459900
CGPM,P20,120000,0.4,true,converged_trial,0,16,75,6.7087594768e-12,0.332287300
STTDFPM,P20,120000,0.4,true,converged_projected,0,3,7,0.0000000000e+00,0.016480100
SOPP,P20,120000,0.5,true,converged_projected,0,29,59,9.0003338424e-12,0.176074400
SDLP,P20,120000,0.5,true,converged_trial,0,28,123,3.1450102951e-12,0.461052500
MOPCGM,P20,120000,0.5,true,converged_trial,0,103,206,9.9169635886e-12,0.884575800
CGPM,P20,120000,0.5,true,converged_trial,0,17,81,1.8964533091e-12,0.185790600
STTDFPM,P20,120000,0.5,true,converged_trial,0,19,58,7.2698441531e-12,0.296657900
SOPP,P20,120000,0.6,true,converged_trial,0,30,60,6.9379169134e-12,0.176702700
SDLP,P20,120000,0.6,true,converged_trial,0,30,131,4.1880276747e-12,0.473694000
MOPCGM,P20,120000,0.6,true,converged_trial,0,102,204,7.6253892230e-12,0.878420100
CGPM,P20,120000,0.6,true,converged_trial,0,16,76,2.5839256188e-12,0.173256800
STTDFPM,P20,120000,0.6,true,converged_trial,0,16,49,5.5629722940e-12,0.278505700
SOPP,P20,120000,0.8,true,converged_trial,0,29,58,6.2504446037e-12,0.186625900
SDLP,P20,120000,0.8,true,converged_trial,0,30,132,4.6463425478e-12,0.472754600
MOPCGM,P20,120000,0.8,true,converged_trial,0,98,196,9.6878061520e-12,0.863525300
CGPM,P20,120000,0.8,true,converged_trial,0,15,72,7.8545466596e-12,0.166347200
STTDFPM,P20,120000,0.8,true,converged_trial,0,20,59,9.1031036456e-12,0.170518200
SOPP,P20,120000,1.0,true,converged_trial,0,29,58,8.5420189693e-12,0.326859300
SDLP,P20,120000,1.0,true,converged_trial,0,27,120,9.4586487155e-12,0.449815800
MOPCGM,P20,120000,1.0,true,converged_trial,0,95,190,9.2294912789e-12,0.848788000
CGPM,P20,120000,1.0,true,converged_trial,0,16,78,1.6672958726e-12,0.178520900
STTDFPM,P20,120000,1.0,true,converged_projected,0,17,53,7.3962317865e-12,0.129698100
SOPP,P20,120000,1.1,true,converged_trial,0,29,58,7.8545466596e-12,0.333310800
SDLP,P20,120000,1.1,true,converged_projected,0,2,5,0.0000000000e+00,0.010008900
MOPCGM,P20,120000,1.1,true,converged_trial,0,94,188,7.3962317865e-12,0.855303600
CGPM,P20,120000,1.1,true,converged_trial,0,15,73,3.7297128016e-12,0.169260500
STTDFPM,P20,120000,1.1,true,converged_projected,0,17,53,7.0406867166e-12,0.154429700
SOPP,P20,120000,2.0,true,converged_trial,0,29,63,8.7711764058e-12,0.320771100
SDLP,P20,120000,2.0,true,converged_trial,0,32,143,2.1256107457e-12,0.512811300
MOPCGM,P20,120000,2.0,true,converged_trial,0,87,174,7.2698441531e-12,0.701298300
CGPM,P20,120000,2.0,true,converged_projected,0,1,3,0.0000000000e+00,0.004542600
STTDFPM,P20,120000,2.0,true,converged_projected,0,1,3,0.0000000000e+00,0.005020400
SOPP,P20,120000,5.0,true,converged_projected,2,3,9,0.0000000000e+00,0.161698600
SDLP,P20,120000,5.0,true,converged_projected,0,2,5,0.0000000000e+00,0.011671000
MOPCGM,P20,120000,5.0,false,nonfinite,0,7,28,NaN,0.132545700
CGPM,P20,120000,5.0,false,maxiter,0,2000,28017,4.5672977641e-11,102.539791100
STTDFPM,P20,120000,5.0,true,converged_projected,0,3,7,0.0000000000e+00,0.020858300
SOPP,P20,120000,1/k,true,converged_trial,0,587,1742,9.8662405813e-12,7.092329100
SDLP,P20,120000,1/k,false,line_search_failed,0,13,85,7.2910388555e+113,1.194236200
MOPCGM,P20,120000,1/k,true,converged_trial,0,158,316,9.2953280979e-12,1.271153000
CGPM,P20,120000,1/k,true,converged_trial,0,131,626,7.1281774068e-12,2.102169700
STTDFPM,P20,120000,1/k,false,line_search_failed,0,3,24,2.6324306476e+00,0.037184800
SOPP,P20,120000,k/n,true,converged_projected,0,33,67,5.4167804050e-12,0.198838500
SDLP,P20,120000,k/n,true,converged_trial,0,39,159,6.4071331775e-12,0.540077900
MOPCGM,P20,120000,k/n,true,converged_trial,0,112,224,7.1226523905e-12,0.918988900
CGPM,P20,120000,k/n,true,converged_trial,0,121,601,7.2017915301e-12,2.034763600
STTDFPM,P20,120000,k/n,true,converged_trial,0,71,209,9.8730291531e-12,0.678320800
