method,sparsity_ratio,measurement_ratio,noise_ratio,trial,converged,iterations,f_evals,cpu_time,mse,rel_err
SOPP,0.05,0.25,0.0000,1,true,459,918,6.762480700,2.4739762041e-10,6.7561413323e-02
SDLP,0.05,0.25,0.0000,1,true,337,674,4.297610000,2.4943652710e-10,6.7839242925e-02
MOPCGM,0.05,0.25,0.0000,1,true,4080,8160,50.314275600,2.4907615052e-10,6.7790219409e-02
CGPM,0.05,0.25,0.0000,1,true,1334,2937,15.980454000,2.3653122991e-10,6.6061010416e-02
STTDFPM,0.05,0.25,0.0000,1,true,355,749,4.260881600,2.1391041145e-10,6.2822747871e-02
SOPP,0.05,0.25,0.0000,2,true,419,838,5.406415600,2.0454390416e-10,6.3646519367e-02
SDLP,0.05,0.25,0.0000,2,true,306,613,3.553417100,2.0560722724e-10,6.3811738386e-02
MOPCGM,0.05,0.25,0.0000,2,true,3721,7442,44.935492900,2.0585335155e-10,6.3849920222e-02
CGPM,0.05,0.25,0.0000,2,true,1229,2705,15.628960200,1.9377943889e-10,6.1949133313e-02
STTDFPM,0.05,0.25,0.0000,2,true,354,745,4.635618800,1.3238827152e-10,5.1204265860e-02
SOPP,0.05,0.25,0.0000,3,true,438,877,5.320881000,3.1517133468e-10,8.5671687070e-02
SDLP,0.05,0.25,0.0000,3,true,322,644,3.490165700,3.1356864117e-10,8.5453582755e-02
MOPCGM,0.05,0.25,0.0000,3,true,3898,7796,44.743579000,3.1567524948e-10,8.5740148228e-02
CGPM,0.05,0.25,0.0000,3,true,1279,2816,16.199086400,2.9763029595e-10,8.3253506035e-02
STTDFPM,0.05,0.25,0.0000,3,true,383,792,4.246701600,1.7253614519e-10,6.3387556285e-02
SOPP,0.05,0.25,0.0000,4,true,277,554,3.292569200,2.3272518616e-10,6.2970108251e-02
SDLP,0.05,0.25,0.0000,4,true,197,394,2.120521300,2.3135846871e-10,6.2784934756e-02
MOPCGM,0.05,0.25,0.0000,4,true,2444,4888,29.367387500,2.3265559509e-10,6.2960692671e-02
CGPM,0.05,0.25,0.0000,4,true,827,1823,10.176539400,2.2632247759e-10,6.2097853880e-02
STTDFPM,0.05,0.25,0.0000,4,true,214,476,2.713820400,1.9248358877e-10,5.7267681424e-02
SOPP,0.05,0.25,0.0000,5,true,383,766,4.533180200,1.6112361110e-10,5.7837299397e-02
SDLP,0.05,0.25,0.0000,5,true,279,558,3.640616500,1.6039807828e-10,5.7706933014e-02
MOPCGM,0.05,0.25,0.0000,5,true,3398,6796,36.959724800,1.6156518892e-10,5.7916500062e-02
CGPM,0.05,0.25,0.0000,5,true,1115,2456,13.729519400,1.5888690480e-10,5.7434449829e-02
STTDFPM,0.05,0.25,0.0000,5,true,293,630,3.520935700,1.2964091642e-10,5.1879939269e-02
SOPP,0.05,0.25,0.0010,1,true,459,918,5.461420800,2.4864310861e-10,6.7731263991e-02
SDLP,0.05,0.25,0.0010,1,true,337,675,4.061814400,2.4799920498e-10,6.7643506323e-02
MOPCGM,0.05,0.25,0.0010,1,true,4082,8164,46.646171900,2.4943764391e-10,6.7839394794e-02
CGPM,0.05,0.25,0.0010,1,true,1334,2937,18.044201100,2.3790333665e-10,6.6252341776e-02
STTDFPM,0.05,0.25,0.0010,1,true,376,800,4.908738900,1.6990878629e-10,5.5989796087e-02
SOPP,0.05,0.25,0.0010,2,true,418,837,5.128688900,2.1065503671e-10,6.4590301468e-02
SDLP,0.05,0.25,0.0010,2,true,306,613,3.523644800,2.0976696604e-10,6.4454009131e-02
MOPCGM,0.05,0.25,0.0010,2,true,3718,7436,46.984842600,2.1116310631e-10,6.4668145809e-02
CGPM,0.05,0.25,0.0010,2,true,1229,2705,16.434527500,1.9804998496e-10,6.2628036313e-02
STTDFPM,0.05,0.25,0.0010,2,true,350,734,4.288106200,1.3494015085e-10,5.1695409928e-02
SOPP,0.05,0.25,0.0010,3,true,437,874,5.766238200,3.2819861854e-10,8.7424335130e-02
SDLP,0.05,0.25,0.0010,3,true,321,642,4.060768000,3.2596110606e-10,8.7125815312e-02
MOPCGM,0.05,0.25,0.0010,3,true,3886,7772,48.601470700,3.2825002976e-10,8.7431182227e-02
CGPM,0.05,0.25,0.0010,3,true,1274,2805,18.332216000,3.1139538530e-10,8.5156940527e-02
STTDFPM,0.05,0.25,0.0010,3,true,352,743,4.419502200,2.8031847433e-10,8.0795993244e-02
SOPP,0.05,0.25,0.0010,4,true,277,554,3.690605700,2.3615336574e-10,6.3432206189e-02
SDLP,0.05,0.25,0.0010,4,true,196,393,2.301991900,2.3721179958e-10,6.3574198095e-02
MOPCGM,0.05,0.25,0.0010,4,true,2441,4882,29.659755100,2.3725801311e-10,6.3580390546e-02
CGPM,0.05,0.25,0.0010,4,true,822,1812,10.776995700,2.3525270758e-10,6.3311129553e-02
STTDFPM,0.05,0.25,0.0010,4,true,206,452,2.696797000,2.0054004314e-10,5.8453873950e-02
SOPP,0.05,0.25,0.0010,5,true,383,766,4.751005900,1.6370972172e-10,5.8299609793e-02
SDLP,0.05,0.25,0.0010,5,true,279,558,3.401974700,1.6295651169e-10,5.8165340199e-02
MOPCGM,0.05,0.25,0.0010,5,true,3396,6792,40.892778500,1.6489436158e-10,5.8510164030e-02
CGPM,0.05,0.25,0.0010,5,true,1115,2456,14.383517300,1.6155142067e-10,5.7914032246e-02
STTDFPM,0.05,0.25,0.0010,5,true,290,620,3.637475700,1.3924095482e-10,5.3766517676e-02
SOPP,0.05,0.25,0.0100,1,true,428,856,6.186492200,8.7590120693e-10,1.2712428679e-01
SDLP,0.05,0.25,0.0100,1,true,313,627,4.504734000,8.7557492116e-10,1.2710060677e-01
MOPCGM,0.05,0.25,0.0100,1,true,3804,7608,48.072739200,8.7646697039e-10,1.2716533632e-01
CGPM,0.05,0.25,0.0100,1,true,1254,2761,15.159624200,8.4233199778e-10,1.2466444741e-01
STTDFPM,0.05,0.25,0.0100,1,true,345,726,3.959095900,7.9261029363e-10,1.2092910012e-01
SOPP,0.05,0.25,0.0100,2,true,386,773,4.923834700,7.8273083917e-10,1.2450523444e-01
SDLP,0.05,0.25,0.0100,2,true,281,563,3.227801500,7.8417511124e-10,1.2462004821e-01
MOPCGM,0.05,0.25,0.0100,2,true,3430,6860,39.278394900,7.8358234451e-10,1.2457293847e-01
CGPM,0.05,0.25,0.0100,2,true,1144,2518,13.923564800,7.4933484265e-10,1.2182021210e-01
STTDFPM,0.05,0.25,0.0100,2,true,308,652,3.519183700,6.7500565137e-10,1.1562056633e-01
SOPP,0.05,0.25,0.0100,3,true,385,770,4.335348700,1.2082906094e-09,1.6774503089e-01
SDLP,0.05,0.25,0.0100,3,true,280,561,3.077020100,1.2087113355e-09,1.6777423271e-01
MOPCGM,0.05,0.25,0.0100,3,true,3414,6828,38.858210400,1.2120206017e-09,1.6800374578e-01
CGPM,0.05,0.25,0.0100,3,true,1134,2497,15.822962300,1.1677225606e-09,1.6490499066e-01
STTDFPM,0.05,0.25,0.0100,3,true,335,707,3.955331000,8.2380812438e-10,1.3850868277e-01
SOPP,0.05,0.25,0.0100,4,true,279,558,3.477239600,4.9483443257e-10,9.1821144707e-02
SDLP,0.05,0.25,0.0100,4,true,198,396,2.497451800,4.9611543819e-10,9.1939919158e-02
MOPCGM,0.05,0.25,0.0100,4,true,2459,4918,30.638441500,4.9633323675e-10,9.1960098115e-02
CGPM,0.05,0.25,0.0100,4,true,832,1834,10.270037200,4.8487626035e-10,9.0892533188e-02
STTDFPM,0.05,0.25,0.0100,4,true,214,469,2.702910200,4.4376725784e-10,8.6954162117e-02
SOPP,0.05,0.25,0.0100,5,true,379,759,4.491910600,5.8013589881e-10,1.0974715811e-01
SDLP,0.05,0.25,0.0100,5,true,276,552,3.148192600,5.8041150427e-10,1.0977322384e-01
MOPCGM,0.05,0.25,0.0100,5,true,3365,6730,39.281738200,5.8168500589e-10,1.0989358653e-01
CGPM,0.05,0.25,0.0100,5,true,1105,2434,13.753311800,5.7352444297e-10,1.0912000538e-01
STTDFPM,0.05,0.25,0.0100,5,true,311,658,3.718522000,4.6900801794e-10,9.8677592795e-02
SOPP,0.05,0.25,0.1000,1,true,340,680,3.977843800,1.9426877828e-08,5.9869064429e-01
SDLP,0.05,0.25,0.1000,1,true,245,490,2.694514600,1.9427176027e-08,5.9869523917e-01
MOPCGM,0.05,0.25,0.1000,1,true,3008,6016,34.471038400,1.9430240880e-08,5.9874246273e-01
CGPM,0.05,0.25,0.1000,1,true,1020,2246,12.840263900,1.9362868416e-08,5.9770352080e-01
STTDFPM,0.05,0.25,0.1000,1,true,346,725,4.191547600,1.8845963800e-08,5.8967150724e-01
SOPP,0.05,0.25,0.1000,2,true,348,696,4.241872400,1.4502149449e-08,5.3591705227e-01
SDLP,0.05,0.25,0.1000,2,true,251,503,2.945039400,1.4499666227e-08,5.3587116741e-01
MOPCGM,0.05,0.25,0.1000,2,true,3081,6162,37.124405100,1.4505620207e-08,5.3598117817e-01
CGPM,0.05,0.25,0.1000,2,true,1034,2277,14.986705000,1.4448782345e-08,5.3493007093e-01
STTDFPM,0.05,0.25,0.1000,2,true,369,770,4.505064500,1.3752938051e-08,5.2189018729e-01
SOPP,0.05,0.25,0.1000,3,true,300,600,3.882954200,1.8007047951e-08,6.4756776838e-01
SDLP,0.05,0.25,0.1000,3,true,214,429,2.542699600,1.8006336249e-08,6.4755497117e-01
MOPCGM,0.05,0.25,0.1000,3,true,2651,5302,33.963897900,1.8007457151e-08,6.4757512616e-01
CGPM,0.05,0.25,0.1000,3,true,910,2004,13.388633600,1.7961955098e-08,6.4675644768e-01
STTDFPM,0.05,0.25,0.1000,3,true,233,508,3.194051000,1.7871718422e-08,6.4512982533e-01
SOPP,0.05,0.25,0.1000,4,true,307,614,3.985901900,1.5987134973e-08,5.2191294342e-01
SDLP,0.05,0.25,0.1000,4,true,219,438,2.525397100,1.5987738879e-08,5.2192280082e-01
MOPCGM,0.05,0.25,0.1000,4,true,2712,5424,33.727989900,1.5987140781e-08,5.2191303823e-01
CGPM,0.05,0.25,0.1000,4,true,912,2011,12.255074200,1.5946943937e-08,5.2125649617e-01
STTDFPM,0.05,0.25,0.1000,4,true,260,559,4.051345200,1.5737864438e-08,5.1782813931e-01
SOPP,0.05,0.25,0.1000,5,true,332,664,4.677024100,1.8473384025e-08,6.1930080150e-01
SDLP,0.05,0.25,0.1000,5,true,238,477,2.798786600,1.8475346846e-08,6.1933370138e-01
MOPCGM,0.05,0.25,0.1000,5,true,2936,5872,36.588546100,1.8475444710e-08,6.1933534168e-01
CGPM,0.05,0.25,0.1000,5,true,995,2192,12.988478000,1.8422040401e-08,6.1843958213e-01
STTDFPM,0.05,0.25,0.1000,5,true,297,618,4.263880900,1.8251266713e-08,6.1556641750e-01
SOPP,0.05,0.50,0.0000,1,true,57,115,0.925185500,5.5044698174e-11,3.1868286609e-02
SDLP,0.05,0.50,0.0000,1,true,34,68,0.514681900,5.1074780433e-11,3.0697585748e-02
MOPCGM,0.05,0.50,0.0000,1,true,473,946,5.829453300,5.5075770948e-11,3.1877280176e-02
CGPM,0.05,0.50,0.0000,1,true,146,334,1.981830400,5.0089608521e-11,3.0400084147e-02
STTDFPM,0.05,0.50,0.0000,1,true,44,106,0.623287100,5.0950374071e-11,3.0660176842e-02
SOPP,0.05,0.50,0.0000,2,true,53,106,0.642562800,4.8279084491e-11,3.0921524742e-02
SDLP,0.05,0.50,0.0000,2,true,30,61,0.359709600,4.4630416698e-11,2.9730133454e-02
MOPCGM,0.05,0.50,0.0000,2,true,431,862,5.398239200,4.8501460847e-11,3.0992656125e-02
CGPM,0.05,0.50,0.0000,2,true,136,308,1.845743300,4.6750191971e-11,3.0427977547e-02
STTDFPM,0.05,0.50,0.0000,2,true,39,98,0.576180700,4.8254772434e-11,3.0913738135e-02
SOPP,0.05,0.50,0.0000,3,true,59,118,0.764370200,3.8074855566e-11,2.9777147766e-02
SDLP,0.05,0.50,0.0000,3,true,35,71,0.565716600,3.5015841005e-11,2.8555925787e-02
MOPCGM,0.05,0.50,0.0000,3,true,488,976,5.983201000,3.8096611075e-11,2.9785653701e-02
CGPM,0.05,0.50,0.0000,3,true,170,389,2.311007900,3.6036136302e-11,2.8968971351e-02
STTDFPM,0.05,0.50,0.0000,3,true,45,103,0.593870700,3.7427784348e-11,2.9523036472e-02
SOPP,0.05,0.50,0.0000,4,true,51,103,0.597606900,7.0031242621e-11,3.4542889468e-02
SDLP,0.05,0.50,0.0000,4,true,28,58,0.415561400,6.8291492137e-11,3.4111125378e-02
MOPCGM,0.05,0.50,0.0000,4,true,417,834,5.934398800,7.0234670918e-11,3.4593023561e-02
CGPM,0.05,0.50,0.0000,4,true,126,290,1.994292900,6.4780120050e-11,3.3222600278e-02
STTDFPM,0.05,0.50,0.0000,4,true,37,91,0.631183700,6.7775036579e-11,3.3981897613e-02
SOPP,0.05,0.50,0.0000,5,true,60,120,0.849784300,4.2569410576e-11,2.9728789868e-02
SDLP,0.05,0.50,0.0000,5,true,36,73,0.676085200,3.8346559907e-11,2.8215751218e-02
MOPCGM,0.05,0.50,0.0000,5,true,496,992,5.879783800,4.2657627212e-11,2.9759577428e-02
CGPM,0.05,0.50,0.0000,5,true,159,361,2.094793800,3.8232395119e-11,2.8173718160e-02
STTDFPM,0.05,0.50,0.0000,5,true,47,110,0.657709200,4.1578910914e-11,2.9380891381e-02
SOPP,0.05,0.50,0.0010,1,true,58,116,0.710297700,5.4119104356e-11,3.1599213071e-02
SDLP,0.05,0.50,0.0010,1,true,34,70,0.411408200,5.0666275326e-11,3.0574576939e-02
MOPCGM,0.05,0.50,0.0010,1,true,474,948,5.905012300,5.4622255445e-11,3.1745763862e-02
CGPM,0.05,0.50,0.0010,1,true,146,334,2.031242100,4.9744809111e-11,3.0295271670e-02
STTDFPM,0.05,0.50,0.0010,1,true,48,112,0.663043000,5.1537499333e-11,3.0836326692e-02
SOPP,0.05,0.50,0.0010,2,true,53,106,0.673032100,4.8043805903e-11,3.0846087750e-02
SDLP,0.05,0.50,0.0010,2,true,30,61,0.374688900,4.4641097935e-11,2.9733690844e-02
MOPCGM,0.05,0.50,0.0010,2,true,432,864,5.233971100,4.8140884773e-11,3.0877236324e-02
CGPM,0.05,0.50,0.0010,2,true,136,308,1.690057500,4.6654892233e-11,3.0396948182e-02
STTDFPM,0.05,0.50,0.0010,2,true,35,87,0.479283600,4.5580353567e-11,3.0044863321e-02
SOPP,0.05,0.50,0.0010,3,true,59,119,0.704318300,3.7955258356e-11,2.9730344374e-02
SDLP,0.05,0.50,0.0010,3,true,35,72,0.408605400,3.5466724350e-11,2.8739188677e-02
MOPCGM,0.05,0.50,0.0010,3,true,489,978,5.533832800,3.8366059351e-11,2.9890801532e-02
CGPM,0.05,0.50,0.0010,3,true,171,393,2.132407300,3.4067362202e-11,2.8166521619e-02
STTDFPM,0.05,0.50,0.0010,3,true,43,105,0.580611700,3.7116572683e-11,2.9400038375e-02
SOPP,0.05,0.50,0.0010,4,true,51,103,0.599827200,6.9372522187e-11,3.4380048812e-02
SDLP,0.05,0.50,0.0010,4,true,29,60,0.338198200,6.5125082721e-11,3.3310940189e-02
MOPCGM,0.05,0.50,0.0010,4,true,418,836,4.733702400,6.9442716655e-11,3.4397438111e-02
CGPM,0.05,0.50,0.0010,4,true,125,286,1.616036100,6.4738536790e-11,3.3211935541e-02
STTDFPM,0.05,0.50,0.0010,4,true,36,89,0.485151600,6.7176840029e-11,3.3831599594e-02
SOPP,0.05,0.50,0.0010,5,true,60,120,0.709024300,4.2447862933e-11,2.9686317500e-02
SDLP,0.05,0.50,0.0010,5,true,36,74,0.584871600,3.8719743855e-11,2.8352714887e-02
MOPCGM,0.05,0.50,0.0010,5,true,497,994,5.608814600,4.2387566544e-11,2.9665225580e-02
CGPM,0.05,0.50,0.0010,5,true,159,361,2.146614300,3.8010311873e-11,2.8091771640e-02
STTDFPM,0.05,0.50,0.0010,5,true,45,109,0.650520200,4.0198927391e-11,2.8889208641e-02
SOPP,0.05,0.50,0.0100,1,true,62,124,0.709704500,7.2322152393e-11,3.6528903698e-02
SDLP,0.05,0.50,0.0100,1,true,36,73,0.558962700,6.7948739648e-11,3.5407206986e-02
MOPCGM,0.05,0.50,0.0100,1,true,513,1026,5.631782300,7.2267867872e-11,3.6515191950e-02
CGPM,0.05,0.50,0.0100,1,true,158,361,1.990742000,6.9901211051e-11,3.5912307993e-02
STTDFPM,0.05,0.50,0.0100,1,true,48,114,0.621840800,6.6486594080e-11,3.5024182720e-02
SOPP,0.05,0.50,0.0100,2,true,58,116,0.672379700,6.6479740073e-11,3.6284909499e-02
SDLP,0.05,0.50,0.0100,2,true,33,66,0.363270300,6.3944761717e-11,3.5586385127e-02
MOPCGM,0.05,0.50,0.0100,2,true,473,946,5.396176500,6.6990278795e-11,3.6423970071e-02
CGPM,0.05,0.50,0.0100,2,true,149,339,1.954182400,6.6675451726e-11,3.6338280352e-02
STTDFPM,0.05,0.50,0.0100,2,true,44,105,0.613525400,6.4050117250e-11,3.5615689166e-02
SOPP,0.05,0.50,0.0100,3,true,65,131,0.769282200,6.9618180196e-11,4.0264776908e-02
SDLP,0.05,0.50,0.0100,3,true,37,75,0.592766800,6.8833895480e-11,4.0037332782e-02
MOPCGM,0.05,0.50,0.0100,3,true,542,1084,6.294742700,6.9987489505e-11,4.0371433591e-02
CGPM,0.05,0.50,0.0100,3,true,173,397,2.280936300,6.9825059540e-11,4.0324558501e-02
STTDFPM,0.05,0.50,0.0100,3,true,46,114,0.653106900,6.6916104885e-11,3.9475650058e-02
SOPP,0.05,0.50,0.0100,4,true,55,111,0.654289200,7.9327009236e-11,3.6764044844e-02
SDLP,0.05,0.50,0.0100,4,true,31,63,0.383316300,7.4711631798e-11,3.5678522206e-02
MOPCGM,0.05,0.50,0.0100,4,true,452,904,5.259592100,7.9527800899e-11,3.6810543813e-02
CGPM,0.05,0.50,0.0100,4,true,133,306,1.770044200,7.6993026767e-11,3.6219165784e-02
STTDFPM,0.05,0.50,0.0100,4,true,42,101,0.563202200,7.5789115849e-11,3.5934877360e-02
SOPP,0.05,0.50,0.0100,5,true,66,132,0.842334700,6.5668352082e-11,3.6923806965e-02
SDLP,0.05,0.50,0.0100,5,true,38,77,0.584305600,6.3564714968e-11,3.6327579745e-02
MOPCGM,0.05,0.50,0.0100,5,true,547,1094,6.297369200,6.5990940287e-11,3.7014387831e-02
CGPM,0.05,0.50,0.0100,5,true,172,391,2.211924800,6.4876677854e-11,3.6700561962e-02
STTDFPM,0.05,0.50,0.0100,5,true,48,121,0.715011400,6.2967205009e-11,3.6156436515e-02
SOPP,0.05,0.50,0.1000,1,true,165,330,2.047953100,8.3404627252e-09,3.9227988553e-01
SDLP,0.05,0.50,0.1000,1,true,110,221,1.238310700,8.3404935615e-09,3.9228061070e-01
MOPCGM,0.05,0.50,0.1000,1,true,1435,2870,16.626659400,8.3409074530e-09,3.9229034391e-01
CGPM,0.05,0.50,0.1000,1,true,521,1149,6.496493000,8.3329624681e-09,3.9210346476e-01
STTDFPM,0.05,0.50,0.1000,1,true,135,313,1.727136800,8.2865227658e-09,3.9100933952e-01
SOPP,0.05,0.50,0.1000,2,true,169,339,2.172139700,8.1471211858e-09,4.0168302227e-01
SDLP,0.05,0.50,0.1000,2,true,114,228,1.282224400,8.1469582869e-09,4.0167900649e-01
MOPCGM,0.05,0.50,0.1000,2,true,1474,2948,17.043614900,8.1474547759e-09,4.0169124579e-01
CGPM,0.05,0.50,0.1000,2,true,535,1180,6.871576500,8.1446957095e-09,4.0162322537e-01
STTDFPM,0.05,0.50,0.1000,2,true,138,320,1.839020100,8.1367238211e-09,4.0142662629e-01
SOPP,0.05,0.50,0.1000,3,true,170,340,2.149322300,8.1353541996e-09,4.3526344681e-01
SDLP,0.05,0.50,0.1000,3,true,115,230,1.288072000,8.1349419220e-09,4.3525241768e-01
MOPCGM,0.05,0.50,0.1000,3,true,1483,2966,17.304982200,8.1352820168e-09,4.3526151582e-01
CGPM,0.05,0.50,0.1000,3,true,535,1180,6.905729400,8.1320510297e-09,4.3517507357e-01
STTDFPM,0.05,0.50,0.1000,3,true,148,336,1.955633800,8.1122979911e-09,4.3464622444e-01
SOPP,0.05,0.50,0.1000,4,true,158,317,2.186122100,7.7277586075e-09,3.6286035445e-01
SDLP,0.05,0.50,0.1000,4,true,105,211,1.425641800,7.7273972411e-09,3.6285187030e-01
MOPCGM,0.05,0.50,0.1000,4,true,1377,2754,17.754214100,7.7277230021e-09,3.6285951852e-01
CGPM,0.05,0.50,0.1000,4,true,505,1114,6.971156400,7.7257925470e-09,3.6281419290e-01
STTDFPM,0.05,0.50,0.1000,4,true,141,330,2.019986600,7.7100492580e-09,3.6244434077e-01
SOPP,0.05,0.50,0.1000,5,true,173,346,2.295087800,8.3000757317e-09,4.1511596888e-01
SDLP,0.05,0.50,0.1000,5,true,117,234,1.369437000,8.2999979976e-09,4.1511402499e-01
MOPCGM,0.05,0.50,0.1000,5,true,1510,3020,18.233752700,8.2998449730e-09,4.1511019831e-01
CGPM,0.05,0.50,0.1000,5,true,545,1202,6.748944200,8.2919642040e-09,4.1491307628e-01
STTDFPM,0.05,0.50,0.1000,5,true,137,318,1.761309100,8.2639450928e-09,4.1421147333e-01
SOPP,0.05,0.75,0.0000,1,true,22,44,0.245232600,5.4005068760e-11,3.1565903804e-02
SDLP,0.05,0.75,0.0000,1,true,10,23,0.128378000,5.2616479499e-11,3.1157446669e-02
MOPCGM,0.05,0.75,0.0000,1,true,153,306,1.911368900,5.4307571244e-11,3.1654186537e-02
CGPM,0.05,0.75,0.0000,1,true,27,73,0.395724300,5.2344984717e-11,3.1076958346e-02
STTDFPM,0.05,0.75,0.0000,1,true,15,43,0.365878300,5.2918548907e-11,3.1246755590e-02
SOPP,0.05,0.75,0.0000,2,true,23,46,0.256207300,4.2599195252e-11,2.9045715908e-02
SDLP,0.05,0.75,0.0000,2,true,11,26,0.142711400,4.1658951634e-11,2.8723380812e-02
MOPCGM,0.05,0.75,0.0000,2,true,163,326,1.987069200,4.2877478465e-11,2.9140433395e-02
CGPM,0.05,0.75,0.0000,2,true,39,96,0.539326900,4.0665146710e-11,2.8378704090e-02
STTDFPM,0.05,0.75,0.0000,2,true,16,43,0.235659900,4.0903832499e-11,2.8461867235e-02
SOPP,0.05,0.75,0.0000,3,true,23,46,0.254255600,3.5598363289e-11,2.8792473726e-02
SDLP,0.05,0.75,0.0000,3,true,11,24,0.131491700,3.5080429223e-11,2.8582249968e-02
MOPCGM,0.05,0.75,0.0000,3,true,162,324,2.003076000,3.5940361684e-11,2.8930449767e-02
CGPM,0.05,0.75,0.0000,3,true,39,96,0.537918400,3.3936475703e-11,2.8112361787e-02
STTDFPM,0.05,0.75,0.0000,3,true,12,34,0.187783800,3.4110235796e-11,2.8184239755e-02
SOPP,0.05,0.75,0.0000,4,true,22,45,0.249845000,6.0206492953e-11,3.2028338645e-02
SDLP,0.05,0.75,0.0000,4,true,10,23,0.127912300,5.9353595269e-11,3.1800669418e-02
MOPCGM,0.05,0.75,0.0000,4,true,158,316,2.040972100,6.0423166178e-11,3.2085919236e-02
CGPM,0.05,0.75,0.0000,4,true,34,85,0.468432300,5.6310027090e-11,3.0974593449e-02
STTDFPM,0.05,0.75,0.0000,4,true,14,41,0.223821300,6.0106354842e-11,3.2001692083e-02
SOPP,0.05,0.75,0.0000,5,true,24,48,0.268420300,3.8242661291e-11,2.8177500513e-02
SDLP,0.05,0.75,0.0000,5,true,12,26,0.143252500,3.8209926989e-11,2.8165438483e-02
MOPCGM,0.05,0.75,0.0000,5,true,171,342,2.138146000,3.8636382308e-11,2.8322177499e-02
CGPM,0.05,0.75,0.0000,5,true,41,98,0.537716100,3.7902007267e-11,2.8051721473e-02
STTDFPM,0.05,0.75,0.0000,5,true,17,47,0.251724300,3.7319803941e-11,2.7835439932e-02
SOPP,0.05,0.75,0.0010,1,true,22,44,0.243715200,5.3819772154e-11,3.1511704442e-02
SDLP,0.05,0.75,0.0010,1,true,10,23,0.125852400,5.2447432507e-11,3.1107354853e-02
MOPCGM,0.05,0.75,0.0010,1,true,153,306,1.873708900,5.4124515559e-11,3.1600792785e-02
CGPM,0.05,0.75,0.0010,1,true,27,73,0.403223600,5.3004855371e-11,3.1272225849e-02
STTDFPM,0.05,0.75,0.0010,1,true,15,43,0.242656600,5.2701880956e-11,3.1182722139e-02
SOPP,0.05,0.75,0.0010,2,true,23,46,0.254828800,4.2964321088e-11,2.9169928501e-02
SDLP,0.05,0.75,0.0010,2,true,11,26,0.142490300,4.2031751536e-11,2.8851615243e-02
MOPCGM,0.05,0.75,0.0010,2,true,163,326,1.986083300,4.3246763746e-11,2.9265651371e-02
CGPM,0.05,0.75,0.0010,2,true,39,96,0.529067600,4.1079053622e-11,2.8522763618e-02
STTDFPM,0.05,0.75,0.0010,2,true,15,39,0.216984600,4.1656792760e-11,2.8722636543e-02
SOPP,0.05,0.75,0.0010,3,true,23,46,0.255276200,3.5747925638e-11,2.8852894431e-02
SDLP,0.05,0.75,0.0010,3,true,11,24,0.131418300,3.5195240806e-11,2.8628983899e-02
MOPCGM,0.05,0.75,0.0010,3,true,162,324,1.996525100,3.6094968132e-11,2.8992608770e-02
CGPM,0.05,0.75,0.0010,3,true,39,96,0.527834500,3.4088439354e-11,2.8175233451e-02
STTDFPM,0.05,0.75,0.0010,3,true,13,38,0.204842600,3.4485137497e-11,2.8338701375e-02
SOPP,0.05,0.75,0.0010,4,true,22,45,0.253398100,6.0322337004e-11,3.2059136896e-02
SDLP,0.05,0.75,0.0010,4,true,10,23,0.123247900,5.9420057140e-11,3.1818469019e-02
MOPCGM,0.05,0.75,0.0010,4,true,158,316,1.976323400,6.0539848160e-11,3.2116884537e-02
CGPM,0.05,0.75,0.0010,4,true,34,85,0.466951700,5.6364241963e-11,3.0989500915e-02
STTDFPM,0.05,0.75,0.0010,4,true,14,41,0.226410600,6.0241956737e-11,3.2037770176e-02
SOPP,0.05,0.75,0.0010,5,true,24,48,0.283658400,3.7889307275e-11,2.8047021373e-02
SDLP,0.05,0.75,0.0010,5,true,12,26,0.149700600,3.6603850023e-11,2.7567145373e-02
MOPCGM,0.05,0.75,0.0010,5,true,171,342,2.153144800,3.8281659045e-11,2.8191863782e-02
CGPM,0.05,0.75,0.0010,5,true,38,93,0.529589700,3.6454078572e-11,2.7510689516e-02
STTDFPM,0.05,0.75,0.0010,5,true,17,47,0.272753700,3.6894325057e-11,2.7676310719e-02
SOPP,0.05,0.75,0.0100,1,true,22,45,0.282090700,5.7780301067e-11,3.2650577504e-02
SDLP,0.05,0.75,0.0100,1,true,10,23,0.137703200,5.6843899287e-11,3.2384925153e-02
MOPCGM,0.05,0.75,0.0100,1,true,158,316,2.015077200,5.8010932820e-11,3.2715675474e-02
CGPM,0.05,0.75,0.0100,1,true,28,72,0.419198200,5.5227049208e-11,3.1921029292e-02
STTDFPM,0.05,0.75,0.0100,1,true,15,44,0.252614000,5.6145562752e-11,3.2185383376e-02
SOPP,0.05,0.75,0.0100,2,true,24,48,0.259056700,5.5315901020e-11,3.3098352983e-02
SDLP,0.05,0.75,0.0100,2,true,11,23,0.127420300,5.3526115349e-11,3.2558489680e-02
MOPCGM,0.05,0.75,0.0100,2,true,174,348,2.186245300,5.5288926177e-11,3.3090281780e-02
CGPM,0.05,0.75,0.0100,2,true,37,94,0.550765500,5.2934943236e-11,3.2378193463e-02
STTDFPM,0.05,0.75,0.0100,2,true,16,45,0.254535700,5.4160958249e-11,3.2750999441e-02
SOPP,0.05,0.75,0.0100,3,true,24,48,0.266145900,4.3957463289e-11,3.1994864470e-02
SDLP,0.05,0.75,0.0100,3,true,11,24,0.143772000,4.1277663099e-11,3.1004270326e-02
MOPCGM,0.05,0.75,0.0100,3,true,173,346,2.339866100,4.4070785551e-11,3.2036079276e-02
CGPM,0.05,0.75,0.0100,3,true,37,95,0.552714000,4.1290063934e-11,3.1008927203e-02
STTDFPM,0.05,0.75,0.0100,3,true,16,47,0.292337200,4.2677482789e-11,3.1525600062e-02
SOPP,0.05,0.75,0.0100,4,true,23,46,0.276227800,6.7435746402e-11,3.3896732110e-02
SDLP,0.05,0.75,0.0100,4,true,10,23,0.135476400,6.6899827887e-11,3.3761773109e-02
MOPCGM,0.05,0.75,0.0100,4,true,163,326,2.217668200,6.7588139412e-11,3.3935010844e-02
CGPM,0.05,0.75,0.0100,4,true,38,97,0.569813500,6.4805959801e-11,3.3229225598e-02
STTDFPM,0.05,0.75,0.0100,4,true,16,46,0.270422700,6.5731819373e-11,3.3465750838e-02
SOPP,0.05,0.75,0.0100,5,true,25,50,0.295182300,4.3076817490e-11,2.9905441470e-02
SDLP,0.05,0.75,0.0100,5,true,12,26,0.147076500,4.3397344833e-11,3.0016495945e-02
MOPCGM,0.05,0.75,0.0100,5,true,181,362,2.436967700,4.3299309870e-11,2.9982573019e-02
CGPM,0.05,0.75,0.0100,5,true,45,111,0.655849300,4.0063489006e-11,2.8840500762e-02
STTDFPM,0.05,0.75,0.0100,5,true,18,51,0.295978600,4.1580762536e-11,2.9381545579e-02
SOPP,0.05,0.75,0.1000,1,true,66,133,0.855165100,6.1113858603e-09,3.3579236677e-01
SDLP,0.05,0.75,0.1000,1,true,36,72,0.423615200,6.1106741828e-09,3.3577281451e-01
MOPCGM,0.05,0.75,0.1000,1,true,550,1100,6.960321200,6.1113256739e-09,3.3579071328e-01
CGPM,0.05,0.75,0.1000,1,true,123,298,1.774120200,6.1101654222e-09,3.3575883638e-01
STTDFPM,0.05,0.75,0.1000,1,true,56,141,0.835160600,6.1036542785e-09,3.3557989223e-01
SOPP,0.05,0.75,0.1000,2,true,73,146,1.058276500,7.3597804343e-09,3.8178056551e-01
SDLP,0.05,0.75,0.1000,2,true,41,82,0.656304500,7.3594299585e-09,3.8177147512e-01
MOPCGM,0.05,0.75,0.1000,2,true,608,1216,8.283207300,7.3598614287e-09,3.8178266625e-01
CGPM,0.05,0.75,0.1000,2,true,157,370,2.205057000,7.3586413571e-09,3.8175102017e-01
STTDFPM,0.05,0.75,0.1000,2,true,57,146,0.860243600,7.3557908541e-09,3.8167707392e-01
SOPP,0.05,0.75,0.1000,3,true,84,169,1.187921100,6.8012417384e-09,3.9797708757e-01
SDLP,0.05,0.75,0.1000,3,true,50,100,0.766745200,6.8010451201e-09,3.9797133493e-01
MOPCGM,0.05,0.75,0.1000,3,true,712,1424,8.296607300,6.8012436649e-09,3.9797714393e-01
CGPM,0.05,0.75,0.1000,3,true,221,504,2.870226100,6.8003312305e-09,3.9795044733e-01
STTDFPM,0.05,0.75,0.1000,3,true,65,168,0.966349400,6.8003534300e-09,3.9795109688e-01
SOPP,0.05,0.75,0.1000,4,true,72,145,0.842747600,6.3544468778e-09,3.2904221756e-01
SDLP,0.05,0.75,0.1000,4,true,40,80,0.526081300,6.3543903741e-09,3.2904075463e-01
MOPCGM,0.05,0.75,0.1000,4,true,601,1202,7.043826700,6.3544916912e-09,3.2904337781e-01
CGPM,0.05,0.75,0.1000,4,true,142,340,1.959852300,6.3538460890e-09,3.2902666234e-01
STTDFPM,0.05,0.75,0.1000,4,true,61,157,0.865804300,6.3532354646e-09,3.2901085172e-01
SOPP,0.05,0.75,0.1000,5,true,80,160,0.903704100,7.2122098761e-09,3.8695689627e-01
SDLP,0.05,0.75,0.1000,5,true,46,93,0.565540200,7.2121633156e-09,3.8695564721e-01
MOPCGM,0.05,0.75,0.1000,5,true,672,1344,7.822948800,7.2122134652e-09,3.8695699255e-01
CGPM,0.05,0.75,0.1000,5,true,204,468,2.703340400,7.2113120154e-09,3.8693280905e-01
STTDFPM,0.05,0.75,0.1000,5,true,62,152,0.956783400,7.2085889493e-09,3.8685974723e-01
SOPP,0.10,0.25,0.0000,1,true,419,838,5.118540300,3.2126142425e-08,5.3920805661e-01
SDLP,0.10,0.25,0.0000,1,true,305,610,3.598578900,3.2122514272e-08,5.3917760813e-01
MOPCGM,0.10,0.25,0.0000,1,true,3720,7440,42.940448600,3.2126802269e-08,5.3921359403e-01
CGPM,0.10,0.25,0.0000,1,true,1244,2739,15.174127700,3.1942249927e-08,5.3766260778e-01
STTDFPM,0.10,0.25,0.0000,1,true,383,804,4.412886600,3.0929945641e-08,5.2907429363e-01
SOPP,0.10,0.25,0.0000,2,true,502,1004,5.744576400,2.5272310669e-08,4.9309917228e-01
SDLP,0.10,0.25,0.0000,2,true,369,738,4.095491500,2.5271014475e-08,4.9308652681e-01
MOPCGM,0.10,0.25,0.0000,2,true,4465,8930,49.542242300,2.5279950003e-08,4.9317369386e-01
CGPM,0.10,0.25,0.0000,2,true,1464,3223,17.993497800,2.5143029938e-08,4.9183632858e-01
STTDFPM,0.10,0.25,0.0000,2,true,432,894,5.057368800,2.4543792403e-08,4.8593998077e-01
SOPP,0.10,0.25,0.0000,3,true,403,806,4.766597300,2.2785203192e-08,4.8423281471e-01
SDLP,0.10,0.25,0.0000,3,true,293,586,3.206382600,2.2775815903e-08,4.8413305475e-01
MOPCGM,0.10,0.25,0.0000,3,true,3576,7152,39.767950500,2.2786189612e-08,4.8424329633e-01
CGPM,0.10,0.25,0.0000,3,true,1199,2640,14.548152700,2.2624820523e-08,4.8252557299e-01
STTDFPM,0.10,0.25,0.0000,3,true,389,816,4.637729200,2.1418287086e-08,4.6948328151e-01
SOPP,0.10,0.25,0.0000,4,true,419,838,4.793249000,2.5846711427e-08,4.8673626842e-01
SDLP,0.10,0.25,0.0000,4,true,305,610,3.326989800,2.5842035409e-08,4.8669223787e-01
MOPCGM,0.10,0.25,0.0000,4,true,3719,7438,44.735431500,2.5848907585e-08,4.8675694663e-01
CGPM,0.10,0.25,0.0000,4,true,1245,2741,16.349448900,2.5660615508e-08,4.8498085621e-01
STTDFPM,0.10,0.25,0.0000,4,true,398,830,4.898464700,2.4378946283e-08,4.7271406726e-01
SOPP,0.10,0.25,0.0000,5,true,427,854,5.266205900,2.3473702971e-08,5.0805286804e-01
SDLP,0.10,0.25,0.0000,5,true,311,623,3.705079200,2.3473601732e-08,5.0805177246e-01
MOPCGM,0.10,0.25,0.0000,5,true,3791,7582,45.997585700,2.3479322951e-08,5.0811368239e-01
CGPM,0.10,0.25,0.0000,5,true,1264,2783,16.668979200,2.3292450487e-08,5.0608759876e-01
STTDFPM,0.10,0.25,0.0000,5,true,423,876,5.258676700,2.1808101054e-08,4.8969653428e-01
SOPP,0.10,0.25,0.0010,1,true,420,841,5.465416700,3.2018492203e-08,5.3830389305e-01
SDLP,0.10,0.25,0.0010,1,true,306,612,3.606369600,3.2017196517e-08,5.3829300122e-01
MOPCGM,0.10,0.25,0.0010,1,true,3732,7464,44.207204500,3.2021545707e-08,5.3832956062e-01
CGPM,0.10,0.25,0.0010,1,true,1254,2761,16.522727700,3.1793960770e-08,5.3641312966e-01
STTDFPM,0.10,0.25,0.0010,1,true,361,763,4.548344100,3.1183992325e-08,5.3124265665e-01
SOPP,0.10,0.25,0.0010,2,true,501,1003,6.182149000,2.5289554522e-08,4.9326736980e-01
SDLP,0.10,0.25,0.0010,2,true,368,737,4.324161500,2.5291401434e-08,4.9328538128e-01
MOPCGM,0.10,0.25,0.0010,2,true,4461,8922,53.643644000,2.5294677139e-08,4.9331732504e-01
CGPM,0.10,0.25,0.0010,2,true,1469,3234,19.276841000,2.5107926352e-08,4.9149286859e-01
STTDFPM,0.10,0.25,0.0010,2,true,436,915,5.652997700,2.4351223242e-08,4.8402989844e-01
SOPP,0.10,0.25,0.0010,3,true,405,810,5.218175800,2.2731419279e-08,4.8366096721e-01
SDLP,0.10,0.25,0.0010,3,true,294,588,3.488158300,2.2735184470e-08,4.8370102192e-01
MOPCGM,0.10,0.25,0.0010,3,true,3592,7184,43.721610300,2.2736999272e-08,4.8372032688e-01
CGPM,0.10,0.25,0.0010,3,true,1209,2662,15.685163600,2.2543774705e-08,4.8166055476e-01
STTDFPM,0.10,0.25,0.0010,3,true,371,785,4.850145000,2.1509575418e-08,4.7048272593e-01
SOPP,0.10,0.25,0.0010,4,true,418,837,5.192054700,2.5908263983e-08,4.8731549193e-01
SDLP,0.10,0.25,0.0010,4,true,304,609,3.704298400,2.5906496665e-08,4.8729887067e-01
MOPCGM,0.10,0.25,0.0010,4,true,3714,7428,44.991619400,2.5910455404e-08,4.8733610101e-01
CGPM,0.10,0.25,0.0010,4,true,1245,2741,16.304742100,2.5712136857e-08,4.8546748402e-01
STTDFPM,0.10,0.25,0.0010,4,true,403,840,5.254138900,2.4239941812e-08,4.7136447442e-01
SOPP,0.10,0.25,0.0010,5,true,429,859,5.360616500,2.3397033611e-08,5.0722249316e-01
SDLP,0.10,0.25,0.0010,5,true,313,627,3.722176300,2.3393651312e-08,5.0718582954e-01
MOPCGM,0.10,0.25,0.0010,5,true,3815,7630,46.260702100,2.3398497825e-08,5.0723836421e-01
CGPM,0.10,0.25,0.0010,5,true,1274,2805,16.876340900,2.3194586800e-08,5.0502331120e-01
STTDFPM,0.10,0.25,0.0010,5,true,395,820,4.881401700,2.2517786916e-08,4.9760067122e-01
SOPP,0.10,0.25,0.0100,1,true,428,857,5.307452900,3.1368080004e-08,5.3280838503e-01
SDLP,0.10,0.25,0.0100,1,true,312,625,3.755981500,3.1358764885e-08,5.3272926732e-01
MOPCGM,0.10,0.25,0.0100,1,true,3805,7610,45.732501500,3.1369121730e-08,5.3281723218e-01
CGPM,0.10,0.25,0.0100,1,true,1270,2796,16.689292300,3.1190617333e-08,5.3129908464e-01
STTDFPM,0.10,0.25,0.0100,1,true,389,810,4.781537500,3.0267975451e-08,5.2338198375e-01
SOPP,0.10,0.25,0.0100,2,true,506,1013,6.202473900,2.5425790695e-08,4.9459421401e-01
SDLP,0.10,0.25,0.0100,2,true,372,745,4.404938600,2.5426054890e-08,4.9459678362e-01
MOPCGM,0.10,0.25,0.0100,2,true,4508,9016,53.927999600,2.5426382523e-08,4.9459997023e-01
CGPM,0.10,0.25,0.0100,2,true,1494,3289,19.756251800,2.5158481883e-08,4.9198743727e-01
STTDFPM,0.10,0.25,0.0100,2,true,575,1177,7.123137200,2.2382413735e-08,4.6405051326e-01
SOPP,0.10,0.25,0.0100,3,true,406,813,5.128536000,2.2681197277e-08,4.8312637998e-01
SDLP,0.10,0.25,0.0100,3,true,295,590,3.529479000,2.2687835430e-08,4.8319707360e-01
MOPCGM,0.10,0.25,0.0100,3,true,3605,7210,43.898833200,2.2686918479e-08,4.8318730906e-01
CGPM,0.10,0.25,0.0100,3,true,1204,2651,15.882174300,2.2546381386e-08,4.8168840056e-01
STTDFPM,0.10,0.25,0.0100,3,true,341,725,4.512241000,2.1887770510e-08,4.7460086675e-01
SOPP,0.10,0.25,0.0100,4,true,412,824,5.165529900,2.6772405817e-08,4.9537577062e-01
SDLP,0.10,0.25,0.0100,4,true,299,599,3.587326300,2.6771988092e-08,4.9537190598e-01
MOPCGM,0.10,0.25,0.0100,4,true,3657,7314,44.298424700,2.6772652681e-08,4.9537805450e-01
CGPM,0.10,0.25,0.0100,4,true,1230,2708,16.205679600,2.6552304436e-08,4.9333527577e-01
STTDFPM,0.10,0.25,0.0100,4,true,340,714,4.295135900,2.6282725796e-08,4.9082453442e-01
SOPP,0.10,0.25,0.0100,5,true,441,882,5.397425700,2.3261005708e-08,5.0574587459e-01
SDLP,0.10,0.25,0.0100,5,true,322,644,3.903236300,2.3266982240e-08,5.0581084194e-01
MOPCGM,0.10,0.25,0.0100,5,true,3916,7832,47.118208000,2.3268329005e-08,5.0582548068e-01
CGPM,0.10,0.25,0.0100,5,true,1309,2882,17.492130900,2.3050044285e-08,5.0344726631e-01
STTDFPM,0.10,0.25,0.0100,5,true,362,757,4.569016800,2.3101770516e-08,5.0401183867e-01
SOPP,0.10,0.25,0.1000,1,true,384,768,4.796868200,4.6338625446e-08,6.4758779631e-01
SDLP,0.10,0.25,0.1000,1,true,277,555,3.307034100,4.6340857833e-08,6.4760339506e-01
MOPCGM,0.10,0.25,0.1000,1,true,3402,6804,40.904388300,4.6342728011e-08,6.4761646260e-01
CGPM,0.10,0.25,0.1000,1,true,1145,2521,15.315109800,4.6238770455e-08,6.4688967734e-01
STTDFPM,0.10,0.25,0.1000,1,true,345,724,4.326536900,4.5750066770e-08,6.4346206524e-01
SOPP,0.10,0.25,0.1000,2,true,451,903,5.542532800,4.3469937485e-08,6.4670512926e-01
SDLP,0.10,0.25,0.1000,2,true,330,661,3.908171800,4.3463401488e-08,6.4665650919e-01
MOPCGM,0.10,0.25,0.1000,2,true,4013,8026,50.818096900,4.3470271183e-08,6.4670761147e-01
CGPM,0.10,0.25,0.1000,2,true,1344,2958,27.912120200,4.3320974944e-08,6.4559611557e-01
STTDFPM,0.10,0.25,0.1000,2,true,399,831,6.286219100,4.3045244548e-08,6.4353828297e-01
SOPP,0.10,0.25,0.1000,3,true,401,803,6.023086700,3.5427258840e-08,6.0380476910e-01
SDLP,0.10,0.25,0.1000,3,true,291,582,3.467229500,3.5431041083e-08,6.0383699959e-01
MOPCGM,0.10,0.25,0.1000,3,true,3560,7120,47.466119900,3.5429992052e-08,6.0382806042e-01
CGPM,0.10,0.25,0.1000,3,true,1210,2664,20.028594400,3.5286724234e-08,6.0260597773e-01
STTDFPM,0.10,0.25,0.1000,3,true,373,781,5.229857800,3.4794731589e-08,5.9839025058e-01
SOPP,0.10,0.25,0.1000,4,true,403,807,5.866848500,4.6629115244e-08,6.5376196269e-01
SDLP,0.10,0.25,0.1000,4,true,293,586,4.379971800,4.6625163043e-08,6.5373425625e-01
MOPCGM,0.10,0.25,0.1000,4,true,3580,7160,48.247057200,4.6628912861e-08,6.5376054394e-01
CGPM,0.10,0.25,0.1000,4,true,1205,2653,18.453658600,4.6531650723e-08,6.5307835624e-01
STTDFPM,0.10,0.25,0.1000,4,true,346,727,5.318719000,4.6321160235e-08,6.5159954996e-01
SOPP,0.10,0.25,0.1000,5,true,404,809,6.015709400,4.0233725216e-08,6.6514024748e-01
SDLP,0.10,0.25,0.1000,5,true,294,588,4.216816600,4.0232015635e-08,6.6512611602e-01
MOPCGM,0.10,0.25,0.1000,5,true,3590,7180,44.096563500,4.0233750872e-08,6.6514045956e-01
CGPM,0.10,0.25,0.1000,5,true,1210,2664,15.288199200,4.0131424454e-08,6.6429409587e-01
STTDFPM,0.10,0.25,0.1000,5,true,356,746,4.549359500,3.9872655516e-08,6.6214893558e-01
SOPP,0.10,0.50,0.0000,1,true,82,165,0.968934100,2.0774878377e-10,4.3360704264e-02
SDLP,0.10,0.50,0.0000,1,true,49,99,0.712366500,2.0485021266e-10,4.3057151187e-02
MOPCGM,0.10,0.50,0.0000,1,true,695,1390,7.996310700,2.0770429300e-10,4.3356061026e-02
CGPM,0.10,0.50,0.0000,1,true,232,522,2.967751000,2.0496098731e-10,4.3068791391e-02
STTDFPM,0.10,0.50,0.0000,1,true,58,139,0.802589700,2.0321894748e-10,4.2885371966e-02
SOPP,0.10,0.50,0.0000,2,true,94,188,1.258243300,1.7897700648e-10,4.1496399648e-02
SDLP,0.10,0.50,0.0000,2,true,58,117,0.665997700,1.7491998215e-10,4.1023386608e-02
MOPCGM,0.10,0.50,0.0000,2,true,799,1598,9.143370600,1.7898139856e-10,4.1496908804e-02
CGPM,0.10,0.50,0.0000,2,true,271,607,3.464936300,1.7687497309e-10,4.1251998292e-02
STTDFPM,0.10,0.50,0.0000,2,true,70,170,0.965740500,1.6867738491e-10,4.0284708677e-02
SOPP,0.10,0.50,0.0000,3,true,85,171,1.009618100,1.6754121177e-10,4.1522987236e-02
SDLP,0.10,0.50,0.0000,3,true,52,105,0.746356600,1.6315733854e-10,4.0976142358e-02
MOPCGM,0.10,0.50,0.0000,3,true,720,1440,8.516348700,1.6812932849e-10,4.1595802067e-02
CGPM,0.10,0.50,0.0000,3,true,232,523,2.983645200,1.6766495638e-10,4.1538318679e-02
STTDFPM,0.10,0.50,0.0000,3,true,63,154,0.877739400,1.6365496691e-10,4.1038583210e-02
SOPP,0.10,0.50,0.0000,4,true,100,200,1.348890400,1.6935486508e-10,3.9399426461e-02
SDLP,0.10,0.50,0.0000,4,true,62,125,0.747956100,1.6813555130e-10,3.9257337110e-02
MOPCGM,0.10,0.50,0.0000,4,true,852,1704,9.861878900,1.6968128987e-10,3.9437378598e-02
CGPM,0.10,0.50,0.0000,4,true,290,648,3.709574800,1.6964509474e-10,3.9433172132e-02
STTDFPM,0.10,0.50,0.0000,4,true,76,176,1.013159800,1.6532280832e-10,3.8927583793e-02
SOPP,0.10,0.50,0.0000,5,true,93,187,1.276526700,1.4221915836e-10,3.9545507836e-02
SDLP,0.10,0.50,0.0000,5,true,58,117,0.673478500,1.3869052381e-10,3.9051839807e-02
MOPCGM,0.10,0.50,0.0000,5,true,792,1584,9.078181800,1.4290592018e-10,3.9640873461e-02
CGPM,0.10,0.50,0.0000,5,true,262,588,3.353464700,1.4201150834e-10,3.9516627673e-02
STTDFPM,0.10,0.50,0.0000,5,true,64,154,0.870937800,1.3801229745e-10,3.8956236856e-02
SOPP,0.10,0.50,0.0010,1,true,83,166,0.990683000,2.0744247510e-10,4.3328726558e-02
SDLP,0.10,0.50,0.0010,1,true,49,99,0.709276000,2.0583484187e-10,4.3160505991e-02
MOPCGM,0.10,0.50,0.0010,1,true,696,1392,7.947649900,2.0837290006e-10,4.3425787263e-02
CGPM,0.10,0.50,0.0010,1,true,232,522,2.971467900,2.0590542997e-10,4.3167905993e-02
STTDFPM,0.10,0.50,0.0010,1,true,61,148,0.850270100,2.0494063777e-10,4.3066653296e-02
SOPP,0.10,0.50,0.0010,2,true,94,188,1.260350600,1.8098909938e-10,4.1729002867e-02
SDLP,0.10,0.50,0.0010,2,true,58,117,0.665942000,1.7693874639e-10,4.1259434446e-02
MOPCGM,0.10,0.50,0.0010,2,true,799,1598,9.210457600,1.8098259461e-10,4.1728252988e-02
CGPM,0.10,0.50,0.0010,2,true,275,615,3.535960500,1.7858797646e-10,4.1451276178e-02
STTDFPM,0.10,0.50,0.0010,2,true,71,168,1.009553000,1.6885470064e-10,4.0305877005e-02
SOPP,0.10,0.50,0.0010,3,true,85,171,1.011941500,1.6784354425e-10,4.1560435005e-02
SDLP,0.10,0.50,0.0010,3,true,52,105,0.753664200,1.6350811980e-10,4.1020167180e-02
MOPCGM,0.10,0.50,0.0010,3,true,721,1442,8.381383400,1.6819835829e-10,4.1604340300e-02
CGPM,0.10,0.50,0.0010,3,true,232,523,2.994258200,1.6809829946e-10,4.1591963542e-02
STTDFPM,0.10,0.50,0.0010,3,true,63,152,0.873723900,1.6475739498e-10,4.1176575205e-02
SOPP,0.10,0.50,0.0010,4,true,100,200,1.356543700,1.7157287051e-10,3.9656590240e-02
SDLP,0.10,0.50,0.0010,4,true,62,125,0.724136300,1.7034637095e-10,3.9514592188e-02
MOPCGM,0.10,0.50,0.0010,4,true,853,1706,9.759775800,1.7165482357e-10,3.9666060242e-02
CGPM,0.10,0.50,0.0010,4,true,291,651,3.707991500,1.6926105600e-10,3.9388512880e-02
STTDFPM,0.10,0.50,0.0010,4,true,94,205,1.198914300,1.6256020763e-10,3.8600966955e-02
SOPP,0.10,0.50,0.0010,5,true,93,187,1.086635900,1.4283720079e-10,3.9631341231e-02
SDLP,0.10,0.50,0.0010,5,true,58,116,0.831550900,1.4151471167e-10,3.9447446911e-02
MOPCGM,0.10,0.50,0.0010,5,true,791,1582,9.207623200,1.4375104280e-10,3.9757915547e-02
CGPM,0.10,0.50,0.0010,5,true,266,596,3.394118300,1.4227069945e-10,3.9552672953e-02
STTDFPM,0.10,0.50,0.0010,5,true,71,172,1.015648700,1.3601648556e-10,3.8673535753e-02
SOPP,0.10,0.50,0.0100,1,true,87,175,1.072726200,2.6529795309e-10,4.8999768930e-02
SDLP,0.10,0.50,0.0100,1,true,52,105,0.777691900,2.6335304347e-10,4.8819828930e-02
MOPCGM,0.10,0.50,0.0100,1,true,738,1476,8.633200900,2.6568943405e-10,4.9035908307e-02
CGPM,0.10,0.50,0.0100,1,true,260,582,3.387772700,2.6337267195e-10,4.8821648239e-02
STTDFPM,0.10,0.50,0.0100,1,true,66,156,0.881391000,2.5773929741e-10,4.8296693898e-02
SOPP,0.10,0.50,0.0100,2,true,98,197,1.328113200,2.5949431352e-10,4.9966130780e-02
SDLP,0.10,0.50,0.0100,2,true,60,121,0.717787200,2.5942795333e-10,4.9959741480e-02
MOPCGM,0.10,0.50,0.0100,2,true,836,1672,9.561231100,2.6033360725e-10,5.0046869362e-02
CGPM,0.10,0.50,0.0100,2,true,327,721,4.103393000,2.5953100470e-10,4.9969663134e-02
STTDFPM,0.10,0.50,0.0100,2,true,72,174,1.000987800,2.4961451463e-10,4.9005713341e-02
SOPP,0.10,0.50,0.0100,3,true,90,181,1.078279000,2.2332772440e-10,4.7940116391e-02
SDLP,0.10,0.50,0.0100,3,true,55,111,0.785648700,2.1960473081e-10,4.7538843207e-02
MOPCGM,0.10,0.50,0.0100,3,true,767,1534,8.720845900,2.2326210290e-10,4.7933072631e-02
CGPM,0.10,0.50,0.0100,3,true,280,623,3.590937900,2.2287122004e-10,4.7891094113e-02
STTDFPM,0.10,0.50,0.0100,3,true,69,166,0.996353500,2.1273455245e-10,4.6789325083e-02
SOPP,0.10,0.50,0.0100,4,true,106,212,1.426054700,2.5542491342e-10,4.8386330624e-02
SDLP,0.10,0.50,0.0100,4,true,66,132,0.788566200,2.5626689697e-10,4.8466015442e-02
MOPCGM,0.10,0.50,0.0100,4,true,902,1804,10.521365900,2.5692861712e-10,4.8528548417e-02
CGPM,0.10,0.50,0.0100,4,true,348,768,4.520741400,2.5342051584e-10,4.8196105518e-02
STTDFPM,0.10,0.50,0.0100,4,true,81,192,1.111501900,2.4634340109e-10,4.7518369230e-02
SOPP,0.10,0.50,0.0100,5,true,97,195,1.140116500,2.1934222707e-10,4.9111051109e-02
SDLP,0.10,0.50,0.0100,5,true,60,121,0.707793900,2.1765254935e-10,4.8921524727e-02
MOPCGM,0.10,0.50,0.0100,5,true,831,1662,9.746969400,2.1914501239e-10,4.9088967813e-02
CGPM,0.10,0.50,0.0100,5,true,329,725,4.113982200,2.1705142154e-10,4.8853920597e-02
STTDFPM,0.10,0.50,0.0100,5,true,74,181,1.028143300,2.0910240708e-10,4.7950994745e-02
SOPP,0.10,0.50,0.1000,1,true,191,382,2.370933300,1.1062062003e-08,3.1640630320e-01
SDLP,0.10,0.50,0.1000,1,true,130,260,1.470858500,1.1060773177e-08,3.1638787064e-01
MOPCGM,0.10,0.50,0.1000,1,true,1669,3338,19.190961200,1.1062018304e-08,3.1640567825e-01
CGPM,0.10,0.50,0.1000,1,true,600,1322,7.586859300,1.1050045619e-08,3.1623440520e-01
STTDFPM,0.10,0.50,0.1000,1,true,151,344,2.023836300,1.1015967615e-08,3.1574640004e-01
SOPP,0.10,0.50,0.1000,2,true,178,357,2.359614300,1.1854246820e-08,3.3771377892e-01
SDLP,0.10,0.50,0.1000,2,true,120,241,1.384736500,1.1853258250e-08,3.3769969702e-01
MOPCGM,0.10,0.50,0.1000,2,true,1554,3108,18.044165700,1.1855553732e-08,3.3773239461e-01
CGPM,0.10,0.50,0.1000,2,true,560,1234,7.065176500,1.1846920379e-08,3.3760940188e-01
STTDFPM,0.10,0.50,0.1000,2,true,152,348,1.993867800,1.1757117851e-08,3.3632738722e-01
SOPP,0.10,0.50,0.1000,3,true,201,402,2.487795500,1.1212537838e-08,3.3968762421e-01
SDLP,0.10,0.50,0.1000,3,true,137,275,1.557537100,1.1213111291e-08,3.3969631057e-01
MOPCGM,0.10,0.50,0.1000,3,true,1756,3512,20.257827200,1.1213505422e-08,3.3970228053e-01
CGPM,0.10,0.50,0.1000,3,true,625,1378,8.026782300,1.1206248006e-08,3.3959233455e-01
STTDFPM,0.10,0.50,0.1000,3,true,160,366,2.246491700,1.1181096993e-08,3.3921103436e-01
SOPP,0.10,0.50,0.1000,4,true,207,414,2.530754200,1.1578360941e-08,3.2577263696e-01
SDLP,0.10,0.50,0.1000,4,true,142,284,1.630458300,1.1579338788e-08,3.2578639318e-01
MOPCGM,0.10,0.50,0.1000,4,true,1811,3622,21.118145800,1.1579895836e-08,3.2579422941e-01
CGPM,0.10,0.50,0.1000,4,true,649,1430,8.298552100,1.1558773059e-08,3.2549695471e-01
STTDFPM,0.10,0.50,0.1000,4,true,170,395,2.257458900,1.1500921626e-08,3.2468138000e-01
SOPP,0.10,0.50,0.1000,5,true,189,378,2.349081700,1.1498138811e-08,3.5557554029e-01
SDLP,0.10,0.50,0.1000,5,true,128,257,1.478593200,1.1498263329e-08,3.5557746563e-01
MOPCGM,0.10,0.50,0.1000,5,true,1649,3298,19.088183300,1.1499270409e-08,3.5559303698e-01
CGPM,0.10,0.50,0.1000,5,true,590,1300,7.453826300,1.1492060138e-08,3.5548153755e-01
STTDFPM,0.10,0.50,0.1000,5,true,156,355,2.184897600,1.1430409710e-08,3.5452674528e-01
SOPP,0.10,0.75,0.0000,1,true,29,59,0.336084600,1.1963733930e-10,3.2904890913e-02
SDLP,0.10,0.75,0.0000,1,true,14,31,0.174298900,1.1944042078e-10,3.2877799660e-02
MOPCGM,0.10,0.75,0.0000,1,true,221,442,2.744460600,1.1981230575e-10,3.2928943389e-02
CGPM,0.10,0.75,0.0000,1,true,56,132,0.755962000,1.1735865978e-10,3.2590021957e-02
STTDFPM,0.10,0.75,0.0000,1,true,24,64,0.372297500,1.1710327261e-10,3.2554542655e-02
SOPP,0.10,0.75,0.0000,2,true,32,65,0.369602800,9.2318812544e-11,2.9802788622e-02
SDLP,0.10,0.75,0.0000,2,true,17,35,0.231405400,9.1417496907e-11,2.9656948333e-02
MOPCGM,0.10,0.75,0.0000,2,true,249,498,2.993578300,9.2464154631e-11,2.9826239400e-02
CGPM,0.10,0.75,0.0000,2,true,71,165,0.940567200,8.8949650262e-11,2.9253909944e-02
STTDFPM,0.10,0.75,0.0000,2,true,28,66,0.370598100,9.1557061161e-11,2.9679577870e-02
SOPP,0.10,0.75,0.0000,3,true,29,58,0.329971800,1.2213636037e-10,3.5452776331e-02
SDLP,0.10,0.75,0.0000,3,true,14,30,0.168269000,1.2054291016e-10,3.5220750004e-02
MOPCGM,0.10,0.75,0.0000,3,true,218,436,2.664804100,1.2201437478e-10,3.5435067401e-02
CGPM,0.10,0.75,0.0000,3,true,54,130,0.735001000,1.1734949816e-10,3.4751086072e-02
STTDFPM,0.10,0.75,0.0000,3,true,21,56,0.312803700,1.1938308614e-10,3.5050899250e-02
SOPP,0.10,0.75,0.0000,4,true,27,55,0.312672400,1.4025454161e-10,3.5854983567e-02
SDLP,0.10,0.75,0.0000,4,true,13,27,0.150348200,1.3888560657e-10,3.5679575705e-02
MOPCGM,0.10,0.75,0.0000,4,true,204,408,2.489007900,1.4015983013e-10,3.5842875396e-02
CGPM,0.10,0.75,0.0000,4,true,50,122,0.700489000,1.3598211159e-10,3.5304653354e-02
STTDFPM,0.10,0.75,0.0000,4,true,21,60,0.347470500,1.3816854138e-10,3.5587349840e-02
SOPP,0.10,0.75,0.0000,5,true,28,56,0.319047100,1.2601407590e-10,3.7224393838e-02
SDLP,0.10,0.75,0.0000,5,true,13,27,0.153281800,1.2483477861e-10,3.7049802960e-02
MOPCGM,0.10,0.75,0.0000,5,true,204,408,2.566186400,1.2672358170e-10,3.7329040289e-02
CGPM,0.10,0.75,0.0000,5,true,47,113,0.643299100,1.2402187350e-10,3.6928974592e-02
STTDFPM,0.10,0.75,0.0000,5,true,18,50,0.292035600,1.2505607015e-10,3.7082627058e-02
SOPP,0.10,0.75,0.0010,1,true,29,59,0.357705700,1.1955504321e-10,3.2893571664e-02
SDLP,0.10,0.75,0.0010,1,true,14,31,0.176368800,1.1929034197e-10,3.2857137426e-02
MOPCGM,0.10,0.75,0.0010,1,true,221,442,2.857904800,1.1973074975e-10,3.2917734148e-02
CGPM,0.10,0.75,0.0010,1,true,56,132,0.746185600,1.1713407540e-10,3.2558823940e-02
STTDFPM,0.10,0.75,0.0010,1,true,24,62,0.349525400,1.1620926099e-10,3.2430037594e-02
SOPP,0.10,0.75,0.0010,2,true,32,65,0.372245900,9.2232515297e-11,2.9788855926e-02
SDLP,0.10,0.75,0.0010,2,true,17,35,0.198697600,9.1464584032e-11,2.9664585168e-02
MOPCGM,0.10,0.75,0.0010,2,true,249,498,3.020169500,9.2384787716e-11,2.9813435926e-02
CGPM,0.10,0.75,0.0010,2,true,70,162,0.922016400,9.0867930648e-11,2.9567670965e-02
STTDFPM,0.10,0.75,0.0010,2,true,28,67,0.376962600,9.0350988855e-11,2.9483446721e-02
SOPP,0.10,0.75,0.0010,3,true,29,58,0.331147800,1.2266076217e-10,3.5528804413e-02
SDLP,0.10,0.75,0.0010,3,true,14,30,0.169403000,1.2141612996e-10,3.5348090379e-02
MOPCGM,0.10,0.75,0.0010,3,true,218,436,2.762454500,1.2254319267e-10,3.5511773273e-02
CGPM,0.10,0.75,0.0010,3,true,52,124,0.705947700,1.2015452374e-10,3.5163964012e-02
STTDFPM,0.10,0.75,0.0010,3,true,21,56,0.317587000,1.2004070265e-10,3.5147304844e-02
SOPP,0.10,0.75,0.0010,4,true,27,55,0.316364200,1.4078812439e-10,3.5923121968e-02
SDLP,0.10,0.75,0.0010,4,true,13,27,0.157134600,1.3949299893e-10,3.5757509840e-02
MOPCGM,0.10,0.75,0.0010,4,true,204,408,2.533562200,1.4071545691e-10,3.5913849951e-02
CGPM,0.10,0.75,0.0010,4,true,50,122,0.684947100,1.3633804813e-10,3.5350828558e-02
STTDFPM,0.10,0.75,0.0010,4,true,20,56,0.326508000,1.3936760359e-10,3.5741434362e-02
SOPP,0.10,0.75,0.0010,5,true,28,56,0.320435000,1.2575300575e-10,3.7185813954e-02
SDLP,0.10,0.75,0.0010,5,true,13,27,0.152150500,1.2460507830e-10,3.7015700807e-02
MOPCGM,0.10,0.75,0.0010,5,true,205,410,2.551964300,1.2626022638e-10,3.7260732366e-02
CGPM,0.10,0.75,0.0010,5,true,47,113,0.640113500,1.2391513980e-10,3.6913080562e-02
STTDFPM,0.10,0.75,0.0010,5,true,19,54,0.303249600,1.2453850071e-10,3.7005810577e-02
SOPP,0.10,0.75,0.0100,1,true,30,61,0.349005500,1.3052314604e-10,3.4369312826e-02
SDLP,0.10,0.75,0.0100,1,true,15,32,0.181214400,1.2728726438e-10,3.3940603390e-02
MOPCGM,0.10,0.75,0.0100,1,true,230,460,2.808699500,1.3062729660e-10,3.4383022537e-02
CGPM,0.10,0.75,0.0100,1,true,61,148,0.832092700,1.2515741664e-10,3.3655448124e-02
STTDFPM,0.10,0.75,0.0100,1,true,21,58,0.326327200,1.2800735707e-10,3.4036472807e-02
SOPP,0.10,0.75,0.0100,2,true,34,69,0.415971300,1.0642202947e-10,3.1998348645e-02
SDLP,0.10,0.75,0.0100,2,true,18,36,0.217493100,1.0314087935e-10,3.1501208309e-02
MOPCGM,0.10,0.75,0.0100,2,true,264,528,3.205058400,1.0681537700e-10,3.2057428812e-02
CGPM,0.10,0.75,0.0100,2,true,74,174,0.995327200,1.0348669792e-10,3.1553973938e-02
STTDFPM,0.10,0.75,0.0100,2,true,30,72,0.405357400,1.0338391261e-10,3.1538299988e-02
SOPP,0.10,0.75,0.0100,3,true,30,61,0.352581600,1.3953188240e-10,3.7893479933e-02
SDLP,0.10,0.75,0.0100,3,true,15,32,0.182714700,1.3430944029e-10,3.7177572857e-02
MOPCGM,0.10,0.75,0.0100,3,true,228,456,2.854967900,1.3992539418e-10,3.7946876447e-02
CGPM,0.10,0.75,0.0100,3,true,61,148,0.855877200,1.3408031828e-10,3.7145848221e-02
STTDFPM,0.10,0.75,0.0100,3,true,23,64,0.362893100,1.3701751370e-10,3.7550506991e-02
SOPP,0.10,0.75,0.0100,4,true,28,57,0.357691200,1.5956847104e-10,3.8244113912e-02
SDLP,0.10,0.75,0.0100,4,true,14,31,0.193775200,1.5647142504e-10,3.7871157586e-02
MOPCGM,0.10,0.75,0.0100,4,true,213,426,2.840270400,1.5937355262e-10,3.8220748519e-02
CGPM,0.10,0.75,0.0100,4,true,51,126,0.745822900,1.5340160147e-10,3.7497818964e-02
STTDFPM,0.10,0.75,0.0100,4,true,22,62,0.355257100,1.5703371713e-10,3.7939143020e-02
SOPP,0.10,0.75,0.0100,5,true,29,58,0.332640900,1.3680319002e-10,3.8785216248e-02
SDLP,0.10,0.75,0.0100,5,true,13,27,0.154152000,1.3576632578e-10,3.8637955451e-02
MOPCGM,0.10,0.75,0.0100,5,true,215,430,2.704959800,1.3712273588e-10,3.8830487217e-02
CGPM,0.10,0.75,0.0100,5,true,50,122,0.714648600,1.3296279213e-10,3.8236943398e-02
STTDFPM,0.10,0.75,0.0100,5,true,23,59,0.354294500,1.3536568795e-10,3.8580904250e-02
SOPP,0.10,0.75,0.1000,1,true,88,176,1.048770900,7.2315759076e-09,2.5582533825e-01
SDLP,0.10,0.75,0.1000,1,true,52,104,0.741322000,7.2312044813e-09,2.5581876835e-01
MOPCGM,0.10,0.75,0.1000,1,true,739,1478,8.437450100,7.2319591156e-09,2.5583211638e-01
CGPM,0.10,0.75,0.1000,1,true,250,565,3.203342800,7.2299422767e-09,2.5579644083e-01
STTDFPM,0.10,0.75,0.1000,1,true,66,170,0.966172400,7.2225101674e-09,2.5566493246e-01
SOPP,0.10,0.75,0.1000,2,true,96,192,1.157155100,7.7303360936e-09,2.7271623075e-01
SDLP,0.10,0.75,0.1000,2,true,58,116,0.803035500,7.7303030326e-09,2.7271564758e-01
MOPCGM,0.10,0.75,0.1000,2,true,813,1626,9.353972000,7.7304109930e-09,2.7271755193e-01
CGPM,0.10,0.75,0.1000,2,true,292,654,3.732400200,7.7289397015e-09,2.7269159819e-01
STTDFPM,0.10,0.75,0.1000,2,true,78,192,1.091994000,7.7275538840e-09,2.7266714996e-01
SOPP,0.10,0.75,0.1000,3,true,89,178,1.086978400,7.6258772499e-09,2.8013841617e-01
SDLP,0.10,0.75,0.1000,3,true,53,106,0.749821800,7.6251350866e-09,2.8012478406e-01
MOPCGM,0.10,0.75,0.1000,3,true,751,1502,8.670141700,7.6262146335e-09,2.8014461303e-01
CGPM,0.10,0.75,0.1000,3,true,237,540,3.202697500,7.6237458844e-09,2.8009926532e-01
STTDFPM,0.10,0.75,0.1000,3,true,70,179,1.027719700,7.6046809510e-09,2.7974881971e-01
SOPP,0.10,0.75,0.1000,4,true,77,154,0.895176100,7.7779388040e-09,2.6700741496e-01
SDLP,0.10,0.75,0.1000,4,true,43,87,0.543478400,7.7778574197e-09,2.6700601804e-01
MOPCGM,0.10,0.75,0.1000,4,true,642,1284,7.469563500,7.7781455874e-09,2.6701096425e-01
CGPM,0.10,0.75,0.1000,4,true,172,404,2.347096100,7.7759570173e-09,2.6697339659e-01
STTDFPM,0.10,0.75,0.1000,4,true,56,147,0.833010400,7.7701919659e-09,2.6687441195e-01
SOPP,0.10,0.75,0.1000,5,true,83,166,1.007061400,7.8199164813e-09,2.9323726640e-01
SDLP,0.10,0.75,0.1000,5,true,48,97,0.562255900,7.8196294246e-09,2.9323188421e-01
MOPCGM,0.10,0.75,0.1000,5,true,697,1394,8.086933500,7.8200199563e-09,2.9323920649e-01
CGPM,0.10,0.75,0.1000,5,true,226,513,2.926286900,7.8186583096e-09,2.9321367550e-01
STTDFPM,0.10,0.75,0.1000,5,true,63,157,0.890583600,7.8176813003e-09,2.9319535513e-01
SOPP,0.20,0.25,0.0000,1,true,517,1034,6.121918700,1.3462809515e-07,8.0067026220e-01
SDLP,0.20,0.25,0.0000,1,true,379,759,4.320708400,1.3462815042e-07,8.0067042658e-01
MOPCGM,0.20,0.25,0.0000,1,true,4597,9194,53.307252900,1.3462851759e-07,8.0067151839e-01
CGPM,0.20,0.25,0.0000,1,true,1544,3398,19.638805700,1.3461807652e-07,8.0064046990e-01
STTDFPM,0.20,0.25,0.0000,1,true,537,1108,6.431285800,1.3468148125e-07,8.0082899738e-01
SOPP,0.20,0.25,0.0000,2,true,496,992,6.002401800,1.2667987128e-07,7.8452209570e-01
SDLP,0.20,0.25,0.0000,2,true,363,726,4.143266400,1.2667887974e-07,7.8451902542e-01
MOPCGM,0.20,0.25,0.0000,2,true,4407,8814,51.118910800,1.2667714834e-07,7.8451366414e-01
CGPM,0.20,0.25,0.0000,2,true,1475,3247,18.839841900,1.2676560690e-07,7.8478752902e-01
STTDFPM,0.20,0.25,0.0000,2,true,488,1005,5.931830300,1.2722348420e-07,7.8620357750e-01
SOPP,0.20,0.25,0.0000,3,true,502,1005,5.992798600,1.1806923400e-07,7.7862907216e-01
SDLP,0.20,0.25,0.0000,3,true,368,737,4.188452000,1.1806933928e-07,7.7862941933e-01
MOPCGM,0.20,0.25,0.0000,3,true,4470,8940,52.175404600,1.1806920787e-07,7.7862898600e-01
CGPM,0.20,0.25,0.0000,3,true,1494,3288,18.962935600,1.1808758358e-07,7.7868957466e-01
STTDFPM,0.20,0.25,0.0000,3,true,528,1090,6.485100400,1.1825469840e-07,7.7924037158e-01
SOPP,0.20,0.25,0.0000,4,true,504,1008,5.976234000,1.3021700664e-07,8.0083420273e-01
SDLP,0.20,0.25,0.0000,4,true,369,739,4.223917000,1.3021807221e-07,8.0083747936e-01
MOPCGM,0.20,0.25,0.0000,4,true,4481,8962,51.911547600,1.3021476031e-07,8.0082729523e-01
CGPM,0.20,0.25,0.0000,4,true,1504,3310,19.051188400,1.3031308975e-07,8.0112960366e-01
STTDFPM,0.20,0.25,0.0000,4,true,445,939,5.551588200,1.3069317980e-07,8.0229709834e-01
SOPP,0.20,0.25,0.0000,5,true,505,1010,6.009386300,1.1232816120e-07,7.7281772966e-01
SDLP,0.20,0.25,0.0000,5,true,370,741,4.206092800,1.1232874118e-07,7.7281972479e-01
MOPCGM,0.20,0.25,0.0000,5,true,4493,8986,52.085015200,1.1232818304e-07,7.7281780478e-01
CGPM,0.20,0.25,0.0000,5,true,1489,3278,18.921297700,1.1235562527e-07,7.7291220028e-01
STTDFPM,0.20,0.25,0.0000,5,true,409,850,5.114866700,1.1235434409e-07,7.7290779353e-01
SOPP,0.20,0.25,0.0010,1,true,516,1032,6.193878400,1.3459960829e-07,8.0058554815e-01
SDLP,0.20,0.25,0.0010,1,true,379,758,4.322799500,1.3459923383e-07,8.0058443452e-01
MOPCGM,0.20,0.25,0.0010,1,true,4591,9182,53.183705900,1.3459978842e-07,8.0058608385e-01
CGPM,0.20,0.25,0.0010,1,true,1544,3398,19.599738000,1.3458461884e-07,8.0054096900e-01
STTDFPM,0.20,0.25,0.0010,1,true,504,1039,6.131491500,1.3460943322e-07,8.0061476648e-01
SOPP,0.20,0.25,0.0010,2,true,499,998,5.938485500,1.2676256136e-07,7.8477810171e-01
SDLP,0.20,0.25,0.0010,2,true,365,731,4.172372700,1.2676224794e-07,7.8477713152e-01
MOPCGM,0.20,0.25,0.0010,2,true,4438,8876,51.777829600,1.2676217146e-07,7.8477689478e-01
CGPM,0.20,0.25,0.0010,2,true,1480,3258,19.105208000,1.2684226310e-07,7.8502477687e-01
STTDFPM,0.20,0.25,0.0010,2,true,475,986,5.905706800,1.2734763475e-07,7.8658709086e-01
SOPP,0.20,0.25,0.0010,3,true,505,1011,6.141940200,1.1811393379e-07,7.7877644868e-01
SDLP,0.20,0.25,0.0010,3,true,371,742,4.265812900,1.1811469918e-07,7.7877897194e-01
MOPCGM,0.20,0.25,0.0010,3,true,4497,8994,52.218580200,1.1811389329e-07,7.7877631517e-01
CGPM,0.20,0.25,0.0010,3,true,1499,3299,19.019137900,1.1813358028e-07,7.7884121489e-01
STTDFPM,0.20,0.25,0.0010,3,true,512,1061,6.227368700,1.1826392663e-07,7.7927077577e-01
SOPP,0.20,0.25,0.0010,4,true,505,1011,6.031455000,1.3026892181e-07,8.0099382591e-01
SDLP,0.20,0.25,0.0010,4,true,370,741,4.215689700,1.3026931096e-07,8.0099502229e-01
MOPCGM,0.20,0.25,0.0010,4,true,4497,8994,52.400395300,1.3026883983e-07,8.0099357385e-01
CGPM,0.20,0.25,0.0010,4,true,1509,3321,19.379911700,1.3036619692e-07,8.0129283128e-01
STTDFPM,0.20,0.25,0.0010,4,true,462,959,5.632748200,1.3074587575e-07,8.0245882654e-01
SOPP,0.20,0.25,0.0010,5,true,504,1008,5.994458400,1.1226902749e-07,7.7261428291e-01
SDLP,0.20,0.25,0.0010,5,true,369,739,4.227661500,1.1226892510e-07,7.7261393061e-01
MOPCGM,0.20,0.25,0.0010,5,true,4481,8962,51.732088200,1.1226817698e-07,7.7261135638e-01
CGPM,0.20,0.25,0.0010,5,true,1489,3278,18.945410000,1.1230209827e-07,7.7272806797e-01
STTDFPM,0.20,0.25,0.0010,5,true,454,944,5.583539800,1.1242866937e-07,7.7316340045e-01
SOPP,0.20,0.25,0.0100,1,true,512,1024,6.067647600,1.3427112917e-07,7.9960807029e-01
SDLP,0.20,0.25,0.0100,1,true,376,752,4.303135100,1.3427055107e-07,7.9960634895e-01
MOPCGM,0.20,0.25,0.0100,1,true,4557,9114,52.811069600,1.3427103365e-07,7.9960778585e-01
CGPM,0.20,0.25,0.0100,1,true,1519,3343,19.632706900,1.3426022478e-07,7.9957560085e-01
STTDFPM,0.20,0.25,0.0100,1,true,525,1086,6.817071000,1.3432650595e-07,7.9977294249e-01
SOPP,0.20,0.25,0.0100,2,true,514,1029,6.147562600,1.2740686915e-07,7.8677000589e-01
SDLP,0.20,0.25,0.0100,2,true,377,755,4.353715800,1.2740812579e-07,7.8677388592e-01
MOPCGM,0.20,0.25,0.0100,2,true,4577,9154,53.134087600,1.2740632184e-07,7.8676831601e-01
CGPM,0.20,0.25,0.0100,2,true,1535,3379,19.395033900,1.2754741791e-07,7.8720384855e-01
STTDFPM,0.20,0.25,0.0100,2,true,474,978,5.806349600,1.2785337437e-07,7.8814744209e-01
SOPP,0.20,0.25,0.0100,3,true,493,986,5.834384600,1.1844891622e-07,7.7988000908e-01
SDLP,0.20,0.25,0.0100,3,true,361,722,4.127918800,1.1844903885e-07,7.7988041278e-01
MOPCGM,0.20,0.25,0.0100,3,true,4382,8764,50.701354700,1.1844878619e-07,7.7987958102e-01
CGPM,0.20,0.25,0.0100,3,true,1484,3266,18.889337800,1.1846244511e-07,7.7992454562e-01
STTDFPM,0.20,0.25,0.0100,3,true,436,913,5.482132200,1.1853582794e-07,7.8016607452e-01
SOPP,0.20,0.25,0.0100,4,true,509,1019,6.027020700,1.3077949246e-07,8.0256198197e-01
SDLP,0.20,0.25,0.0100,4,true,373,747,4.266602700,1.3077928724e-07,8.0256135229e-01
MOPCGM,0.20,0.25,0.0100,4,true,4530,9060,52.521429700,1.3077748110e-07,8.0255581032e-01
CGPM,0.20,0.25,0.0100,4,true,1509,3321,19.140820400,1.3085432578e-07,8.0279156609e-01
STTDFPM,0.20,0.25,0.0100,4,true,464,967,5.663023500,1.3121135209e-07,8.0388599865e-01
SOPP,0.20,0.25,0.0100,5,true,494,988,5.864483900,1.1195115938e-07,7.7151975342e-01
SDLP,0.20,0.25,0.0100,5,true,362,724,4.130564400,1.1195170194e-07,7.7152162298e-01
MOPCGM,0.20,0.25,0.0100,5,true,4394,8788,50.915417100,1.1195105066e-07,7.7151937881e-01
CGPM,0.20,0.25,0.0100,5,true,1464,3223,18.809040000,1.1199600636e-07,7.7167427112e-01
STTDFPM,0.20,0.25,0.0100,5,true,429,890,5.266812200,1.1209265413e-07,7.7200716028e-01
SOPP,0.20,0.25,0.1000,1,true,515,1031,6.083702300,1.4447615447e-07,8.2943801250e-01
SDLP,0.20,0.25,0.1000,1,true,378,757,4.298524200,1.4447762233e-07,8.2944222599e-01
MOPCGM,0.20,0.25,0.1000,1,true,4585,9170,53.656535500,1.4447461043e-07,8.2943358033e-01
CGPM,0.20,0.25,0.1000,1,true,1524,3354,19.252590900,1.4454885393e-07,8.2964667017e-01
STTDFPM,0.20,0.25,0.1000,1,true,505,1044,5.928940100,1.4497143979e-07,8.3085851334e-01
SOPP,0.20,0.25,0.1000,2,true,555,1110,6.542445800,1.3629603604e-07,8.1375371774e-01
SDLP,0.20,0.25,0.1000,2,true,408,817,4.692263200,1.3629709184e-07,8.1375686954e-01
MOPCGM,0.20,0.25,0.1000,2,true,4942,9884,57.386033200,1.3629570610e-07,8.1375273278e-01
CGPM,0.20,0.25,0.1000,2,true,1625,3577,20.848895500,1.3638419920e-07,8.1401686369e-01
STTDFPM,0.20,0.25,0.1000,2,true,456,953,5.444575000,1.3663966532e-07,8.1477888908e-01
SOPP,0.20,0.25,0.1000,3,true,512,1025,6.048144900,1.3094560947e-07,8.1998840831e-01
SDLP,0.20,0.25,0.1000,3,true,376,753,4.265559100,1.3094742141e-07,8.1999408152e-01
MOPCGM,0.20,0.25,0.1000,3,true,4560,9120,52.840345500,1.3094531438e-07,8.1998748437e-01
CGPM,0.20,0.25,0.1000,3,true,1509,3321,19.018954800,1.3098100017e-07,8.2009921006e-01
STTDFPM,0.20,0.25,0.1000,3,true,476,982,5.582948700,1.3118763277e-07,8.2074583990e-01
SOPP,0.20,0.25,0.1000,4,true,505,1010,6.018736300,1.4316760236e-07,8.3971349956e-01
SDLP,0.20,0.25,0.1000,4,true,370,741,4.273389900,1.4317239741e-07,8.3972756152e-01
MOPCGM,0.20,0.25,0.1000,4,true,4493,8986,51.858352500,1.4316779722e-07,8.3971407100e-01
CGPM,0.20,0.25,0.1000,4,true,1490,3280,19.138567900,1.4326289062e-07,8.3999289773e-01
STTDFPM,0.20,0.25,0.1000,4,true,535,1108,6.472757200,1.4436415291e-07,8.4321523108e-01
SOPP,0.20,0.25,0.1000,5,true,508,1016,6.016974300,1.2021167110e-07,7.9947717531e-01
SDLP,0.20,0.25,0.1000,5,true,373,746,4.248709400,1.2021137396e-07,7.9947618724e-01
MOPCGM,0.20,0.25,0.1000,5,true,4519,9038,52.246324000,1.2021183404e-07,7.9947771713e-01
CGPM,0.20,0.25,0.1000,5,true,1489,3278,18.834066300,1.2020161949e-07,7.9944375010e-01
STTDFPM,0.20,0.25,0.1000,5,true,424,880,5.168308100,1.2016110656e-07,7.9930901587e-01
SOPP,0.20,0.50,0.0000,1,true,361,723,4.388663400,4.3274455822e-09,1.4354949063e-01
SDLP,0.20,0.50,0.0000,1,true,261,522,2.992003800,4.3240595505e-09,1.4349331912e-01
MOPCGM,0.20,0.50,0.0000,1,true,3201,6402,36.839140100,4.3321755309e-09,1.4362791984e-01
CGPM,0.20,0.50,0.0000,1,true,1079,2376,13.829492700,4.2551338210e-09,1.4234507958e-01
STTDFPM,0.20,0.50,0.0000,1,true,313,661,3.768516800,4.0684250966e-09,1.3918710774e-01
SOPP,0.20,0.50,0.0000,2,true,269,538,3.307680500,4.0637448748e-09,1.4051238018e-01
SDLP,0.20,0.50,0.0000,2,true,189,379,2.146206700,4.0624839673e-09,1.4049057925e-01
MOPCGM,0.20,0.50,0.0000,2,true,2369,4738,27.426684100,4.0658635995e-09,1.4054900505e-01
CGPM,0.20,0.50,0.0000,2,true,811,1787,10.374201700,4.0267857880e-09,1.3987195229e-01
STTDFPM,0.20,0.50,0.0000,2,true,224,518,2.963310400,3.8340099966e-09,1.3648282197e-01
SOPP,0.20,0.50,0.0000,3,true,328,656,3.926311500,5.2917889788e-09,1.6484033980e-01
SDLP,0.20,0.50,0.0000,3,true,235,470,2.711422900,5.2969901725e-09,1.6492132905e-01
MOPCGM,0.20,0.50,0.0000,3,true,2898,5796,33.622925200,5.3003014471e-09,1.6497286912e-01
CGPM,0.20,0.50,0.0000,3,true,980,2159,12.532944200,5.1966249910e-09,1.6335142641e-01
STTDFPM,0.20,0.50,0.0000,3,true,282,623,3.661880100,4.7869935050e-09,1.5678108350e-01
SOPP,0.20,0.50,0.0000,4,true,388,776,4.625250000,3.3332439068e-09,1.2812748637e-01
SDLP,0.20,0.50,0.0000,4,true,281,563,3.219270400,3.3317860666e-09,1.2809946414e-01
MOPCGM,0.20,0.50,0.0000,4,true,3442,6884,40.029120400,3.3343111133e-09,1.2814799605e-01
CGPM,0.20,0.50,0.0000,4,true,1155,2543,15.264957000,3.2463007793e-09,1.2644542987e-01
STTDFPM,0.20,0.50,0.0000,4,true,333,717,4.265025700,3.0216416806e-09,1.2199168794e-01
SOPP,0.20,0.50,0.0000,5,true,312,624,3.786125500,2.6735281322e-09,1.1922714137e-01
SDLP,0.20,0.50,0.0000,5,true,223,446,2.530474500,2.6700211790e-09,1.1914891866e-01
MOPCGM,0.20,0.50,0.0000,5,true,2757,5514,31.879966400,2.6751392630e-09,1.1926306049e-01
CGPM,0.20,0.50,0.0000,5,true,930,2049,11.957341200,2.6376902448e-09,1.1842534230e-01
STTDFPM,0.20,0.50,0.0000,5,true,255,574,3.358959500,2.3331701070e-09,1.1137967695e-01
SOPP,0.20,0.50,0.0010,1,true,361,722,4.293364800,4.3513127803e-09,1.4394480618e-01
SDLP,0.20,0.50,0.0010,1,true,260,521,2.988541600,4.3510634172e-09,1.4394068156e-01
MOPCGM,0.20,0.50,0.0010,1,true,3196,6392,36.849452300,4.3577772410e-09,1.4405169119e-01
CGPM,0.20,0.50,0.0010,1,true,1079,2376,13.897672200,4.2739621462e-09,1.4265965973e-01
STTDFPM,0.20,0.50,0.0010,1,true,318,688,3.948371500,4.0311242329e-09,1.3854757842e-01
SOPP,0.20,0.50,0.0010,2,true,269,538,3.289993900,4.0736145842e-09,1.4068290950e-01
SDLP,0.20,0.50,0.0010,2,true,189,379,2.177840400,4.0723207752e-09,1.4066056678e-01
MOPCGM,0.20,0.50,0.0010,2,true,2370,4740,27.932608600,4.0739443883e-09,1.4068860431e-01
CGPM,0.20,0.50,0.0010,2,true,811,1787,10.240349000,4.0373171919e-09,1.4005473904e-01
STTDFPM,0.20,0.50,0.0010,2,true,213,488,2.827563000,3.9086420792e-09,1.3780479352e-01
SOPP,0.20,0.50,0.0010,3,true,327,655,4.011219500,5.3147518795e-09,1.6519760224e-01
SDLP,0.20,0.50,0.0010,3,true,235,470,2.684440100,5.3103229538e-09,1.6512875610e-01
MOPCGM,0.20,0.50,0.0010,3,true,2895,5790,33.366409800,5.3194442814e-09,1.6527051275e-01
CGPM,0.20,0.50,0.0010,3,true,980,2159,12.534714600,5.2119025060e-09,1.6359136795e-01
STTDFPM,0.20,0.50,0.0010,3,true,274,620,3.585311000,4.7804100516e-09,1.5667323752e-01
SOPP,0.20,0.50,0.0010,4,true,388,776,4.730812700,3.3401849976e-09,1.2826082225e-01
SDLP,0.20,0.50,0.0010,4,true,281,563,3.212436300,3.3389330323e-09,1.2823678269e-01
MOPCGM,0.20,0.50,0.0010,4,true,3440,6880,39.987818600,3.3444508424e-09,1.2834269888e-01
CGPM,0.20,0.50,0.0010,4,true,1155,2543,14.737085900,3.2521588010e-09,1.2655946524e-01
STTDFPM,0.20,0.50,0.0010,4,true,328,702,4.168988500,3.0232075565e-09,1.2202329313e-01
SOPP,0.20,0.50,0.0010,5,true,312,624,3.857224300,2.6897108802e-09,1.1958743530e-01
SDLP,0.20,0.50,0.0010,5,true,223,446,2.554809300,2.6863646048e-09,1.1951302265e-01
MOPCGM,0.20,0.50,0.0010,5,true,2757,5514,32.015317900,2.6913635868e-09,1.1962417021e-01
CGPM,0.20,0.50,0.0010,5,true,930,2049,11.964559800,2.6540108347e-09,1.1879115306e-01
STTDFPM,0.20,0.50,0.0010,5,true,265,594,3.584256700,2.3682557295e-09,1.1221400178e-01
SOPP,0.20,0.50,0.0100,1,true,348,696,4.148956100,5.1981591129e-09,1.5732967030e-01
SDLP,0.20,0.50,0.0100,1,true,250,501,2.891608600,5.1969159142e-09,1.5731085559e-01
MOPCGM,0.20,0.50,0.0100,1,true,3082,6164,35.688806700,5.1990961598e-09,1.5734385019e-01
CGPM,0.20,0.50,0.0100,1,true,1044,2299,13.504943600,5.1130690929e-09,1.5603667195e-01
STTDFPM,0.20,0.50,0.0100,1,true,271,603,3.457687300,5.0626531890e-09,1.5526548953e-01
SOPP,0.20,0.50,0.0100,2,true,261,522,3.229456300,4.8714486277e-09,1.5384395516e-01
SDLP,0.20,0.50,0.0100,2,true,183,366,2.100347600,4.8759860153e-09,1.5391558551e-01
MOPCGM,0.20,0.50,0.0100,2,true,2294,4588,26.508885500,4.8788013234e-09,1.5396001317e-01
CGPM,0.20,0.50,0.0100,2,true,791,1743,10.225778500,4.8169700699e-09,1.5298129996e-01
STTDFPM,0.20,0.50,0.0100,2,true,204,474,2.740712600,4.7502885026e-09,1.5191874585e-01
SOPP,0.20,0.50,0.0100,3,true,308,617,3.854926300,6.3300323877e-09,1.8028733059e-01
SDLP,0.20,0.50,0.0100,3,true,220,440,2.520392800,6.3342522117e-09,1.8034741354e-01
MOPCGM,0.20,0.50,0.0100,3,true,2723,5446,31.539150300,6.3369887485e-09,1.8038636637e-01
CGPM,0.20,0.50,0.0100,3,true,925,2038,11.874903300,6.2388503056e-09,1.7898412999e-01
STTDFPM,0.20,0.50,0.0100,3,true,251,551,3.306885400,6.0585174561e-09,1.7637841037e-01
SOPP,0.20,0.50,0.0100,4,true,370,741,4.498529500,4.3844608215e-09,1.4694907479e-01
SDLP,0.20,0.50,0.0100,4,true,268,536,3.157070000,4.3822970710e-09,1.4691281031e-01
MOPCGM,0.20,0.50,0.0100,4,true,3283,6566,38.299494500,4.3875402739e-09,1.4700067101e-01
CGPM,0.20,0.50,0.0100,4,true,1100,2422,13.973256600,4.3222853676e-09,1.4590342188e-01
STTDFPM,0.20,0.50,0.0100,4,true,319,688,4.097546100,4.0203187640e-09,1.4071454919e-01
SOPP,0.20,0.50,0.0100,5,true,305,611,3.933545400,3.4301061498e-09,1.3504749480e-01
SDLP,0.20,0.50,0.0100,5,true,217,435,2.495534000,3.4346367294e-09,1.3513665261e-01
MOPCGM,0.20,0.50,0.0100,5,true,2696,5392,31.677605300,3.4348928642e-09,1.3514169136e-01
CGPM,0.20,0.50,0.0100,5,true,910,2005,11.564246500,3.4009843537e-09,1.3447299235e-01
STTDFPM,0.20,0.50,0.0100,5,true,237,538,3.334849700,3.2276335116e-09,1.3100107518e-01
SOPP,0.20,0.50,0.1000,1,true,283,566,3.507435800,3.1420497030e-08,3.8680526200e-01
SDLP,0.20,0.50,0.1000,1,true,200,400,2.290156900,3.1421400766e-08,3.8681082472e-01
MOPCGM,0.20,0.50,0.1000,1,true,2493,4986,30.034118000,3.1425256245e-08,3.8683455529e-01
CGPM,0.20,0.50,0.1000,1,true,865,1905,10.933983000,3.1366974253e-08,3.8647567275e-01
STTDFPM,0.20,0.50,0.1000,1,true,259,565,3.233550800,3.1160795312e-08,3.8520340278e-01
SOPP,0.20,0.50,0.1000,2,true,256,513,3.471870200,2.7974955606e-08,3.6866853749e-01
SDLP,0.20,0.50,0.1000,2,true,180,360,2.108953600,2.7968229729e-08,3.6862421627e-01
MOPCGM,0.20,0.50,0.1000,2,true,2257,4514,26.473083100,2.7974617638e-08,3.6866631052e-01
CGPM,0.20,0.50,0.1000,2,true,776,1711,9.967736600,2.7926062287e-08,3.6834622579e-01
STTDFPM,0.20,0.50,0.1000,2,true,211,465,2.661243900,2.7745740780e-08,3.6715507476e-01
SOPP,0.20,0.50,0.1000,3,true,277,555,3.381061000,3.4482691076e-08,4.2078748836e-01
SDLP,0.20,0.50,0.1000,3,true,196,392,2.248716700,3.4481914778e-08,4.2078275181e-01
MOPCGM,0.20,0.50,0.1000,3,true,2446,4892,29.107112000,3.4483625613e-08,4.2079319034e-01
CGPM,0.20,0.50,0.1000,3,true,850,1873,10.787403100,3.4421621553e-08,4.2041471179e-01
STTDFPM,0.20,0.50,0.1000,3,true,238,522,2.994756600,3.4302270244e-08,4.1968521947e-01
SOPP,0.20,0.50,0.1000,4,true,318,637,3.916577400,3.2801917008e-08,4.0193735656e-01
SDLP,0.20,0.50,0.1000,4,true,227,455,2.675897200,3.2802888314e-08,4.0194330745e-01
MOPCGM,0.20,0.50,0.1000,4,true,2814,5628,32.868713600,3.2804659415e-08,4.0195415821e-01
CGPM,0.20,0.50,0.1000,4,true,960,2114,12.232974300,3.2751792748e-08,4.0163014105e-01
STTDFPM,0.20,0.50,0.1000,4,true,283,607,3.463634300,3.2529298599e-08,4.0026361070e-01
SOPP,0.20,0.50,0.1000,5,true,266,533,3.236545900,3.1174355530e-08,4.0712848970e-01
SDLP,0.20,0.50,0.1000,5,true,187,375,2.130009300,3.1173987949e-08,4.0712608944e-01
MOPCGM,0.20,0.50,0.1000,5,true,2345,4690,27.429418500,3.1177147134e-08,4.0714671808e-01
CGPM,0.20,0.50,0.1000,5,true,811,1787,10.262274900,3.1134041236e-08,4.0686515776e-01
STTDFPM,0.20,0.50,0.1000,5,true,238,525,3.003277600,3.0949640373e-08,4.0565847682e-01
SOPP,0.20,0.75,0.0000,1,true,45,91,0.534452500,3.3761569006e-10,4.0095640816e-02
SDLP,0.20,0.75,0.0000,1,true,23,48,0.277966800,3.3616604019e-10,4.0009467143e-02
MOPCGM,0.20,0.75,0.0000,1,true,363,726,4.508876100,3.3771798329e-10,4.0101714589e-02
CGPM,0.20,0.75,0.0000,1,true,106,245,1.392444700,3.2834893776e-10,3.9541546959e-02
STTDFPM,0.20,0.75,0.0000,1,true,43,99,0.573152200,3.3245094380e-10,3.9787773158e-02
SOPP,0.20,0.75,0.0000,2,true,45,91,0.523987800,4.3441451420e-10,4.5941327118e-02
SDLP,0.20,0.75,0.0000,2,true,23,48,0.277704200,4.2926442837e-10,4.5668192588e-02
MOPCGM,0.20,0.75,0.0000,2,true,361,722,4.487867600,4.3491296754e-10,4.5967676424e-02
CGPM,0.20,0.75,0.0000,2,true,101,235,1.344984500,4.2355337600e-10,4.5363384264e-02
STTDFPM,0.20,0.75,0.0000,2,true,33,86,0.494702600,4.2959759646e-10,4.5685911542e-02
SOPP,0.20,0.75,0.0000,3,true,46,93,0.561361300,3.5016853220e-10,4.2403411673e-02
SDLP,0.20,0.75,0.0000,3,true,24,50,0.289106100,3.4497537820e-10,4.2087806499e-02
MOPCGM,0.20,0.75,0.0000,3,true,370,740,4.554973400,3.5087791684e-10,4.2446341159e-02
CGPM,0.20,0.75,0.0000,3,true,110,253,1.455209800,3.4069678533e-10,4.1825992984e-02
STTDFPM,0.20,0.75,0.0000,3,true,37,98,0.556049000,3.4147466844e-10,4.1873714572e-02
SOPP,0.20,0.75,0.0000,4,true,42,84,0.488855100,4.2542690866e-10,4.5774249997e-02
SDLP,0.20,0.75,0.0000,4,true,20,42,0.248298700,4.2404440295e-10,4.5699813405e-02
MOPCGM,0.20,0.75,0.0000,4,true,328,656,4.106610200,4.2639481918e-10,4.5826292081e-02
CGPM,0.20,0.75,0.0000,4,true,87,204,1.186853600,4.1563770749e-10,4.5244545465e-02
STTDFPM,0.20,0.75,0.0000,4,true,29,77,0.435357800,4.2015470216e-10,4.5489731491e-02
SOPP,0.20,0.75,0.0000,5,true,45,91,0.570048700,2.4108232489e-10,3.5802671817e-02
SDLP,0.20,0.75,0.0000,5,true,24,50,0.316168000,2.3617144641e-10,3.5436143102e-02
MOPCGM,0.20,0.75,0.0000,5,true,363,726,4.537901700,2.4137469408e-10,3.5824374832e-02
CGPM,0.20,0.75,0.0000,5,true,106,246,1.430108100,2.3346307687e-10,3.5232369711e-02
STTDFPM,0.20,0.75,0.0000,5,true,47,105,0.595197300,2.3569460650e-10,3.5400351507e-02
SOPP,0.20,0.75,0.0010,1,true,45,91,0.517557900,3.3869763093e-10,4.0159835719e-02
SDLP,0.20,0.75,0.0010,1,true,24,50,0.299457200,3.3115761703e-10,3.9710304981e-02
MOPCGM,0.20,0.75,0.0010,1,true,363,726,4.484509600,3.3881240931e-10,4.0166639856e-02
CGPM,0.20,0.75,0.0010,1,true,106,245,1.398750600,3.2955353530e-10,3.9614012618e-02
STTDFPM,0.20,0.75,0.0010,1,true,33,77,0.448675200,3.3497613658e-10,3.9938595004e-02
SOPP,0.20,0.75,0.0010,2,true,45,91,0.515695500,4.3496078689e-10,4.5970203463e-02
SDLP,0.20,0.75,0.0010,2,true,23,48,0.274044300,4.3006544067e-10,4.5710781412e-02
MOPCGM,0.20,0.75,0.0010,2,true,361,722,4.472561300,4.3554245419e-10,4.6000930866e-02
CGPM,0.20,0.75,0.0010,2,true,101,235,1.337785100,4.2388998198e-10,4.5381406259e-02
STTDFPM,0.20,0.75,0.0010,2,true,34,87,0.495739200,4.3270093072e-10,4.5850627930e-02
SOPP,0.20,0.75,0.0010,3,true,46,93,0.557558100,3.5048732008e-10,4.2422708980e-02
SDLP,0.20,0.75,0.0010,3,true,24,50,0.298914600,3.4526491215e-10,4.2105464706e-02
MOPCGM,0.20,0.75,0.0010,3,true,371,742,4.612843300,3.5086482983e-10,4.2445549572e-02
CGPM,0.20,0.75,0.0010,3,true,110,253,1.452522200,3.4059499302e-10,4.1819744198e-02
STTDFPM,0.20,0.75,0.0010,3,true,33,86,0.485655000,3.4336714916e-10,4.1989588035e-02
SOPP,0.20,0.75,0.0010,4,true,42,84,0.485082400,4.2603546795e-10,4.5806977581e-02
SDLP,0.20,0.75,0.0010,4,true,20,42,0.237317500,4.2483636872e-10,4.5742469085e-02
MOPCGM,0.20,0.75,0.0010,4,true,328,656,4.069931800,4.2700947381e-10,4.5859309836e-02
CGPM,0.20,0.75,0.0010,4,true,88,207,1.186485500,4.1496437503e-10,4.5207882563e-02
STTDFPM,0.20,0.75,0.0010,4,true,31,80,0.449448600,4.2118013970e-10,4.5545209213e-02
SOPP,0.20,0.75,0.0010,5,true,45,91,0.521889800,2.4210170322e-10,3.5878284929e-02
SDLP,0.20,0.75,0.0010,5,true,24,50,0.287997400,2.3672934123e-10,3.5477972839e-02
MOPCGM,0.20,0.75,0.0010,5,true,363,726,4.538636000,2.4238912358e-10,3.5899575756e-02
CGPM,0.20,0.75,0.0010,5,true,105,243,1.415221700,2.3447249754e-10,3.5308454382e-02
STTDFPM,0.20,0.75,0.0010,5,true,46,104,0.604668800,2.3626502714e-10,3.5443163027e-02
SOPP,0.20,0.75,0.0100,1,true,47,95,0.558208400,3.8161223605e-10,4.2628199919e-02
SDLP,0.20,0.75,0.0100,1,true,25,52,0.303184700,3.7476319274e-10,4.2243929895e-02
MOPCGM,0.20,0.75,0.0100,1,true,380,760,4.702889800,3.8185509685e-10,4.2641762210e-02
CGPM,0.20,0.75,0.0100,1,true,108,251,1.431299000,3.7164968998e-10,4.2068084302e-02
STTDFPM,0.20,0.75,0.0100,1,true,47,105,0.618614600,3.7462187082e-10,4.2235964123e-02
SOPP,0.20,0.75,0.0100,2,true,47,95,0.545868100,4.7515826641e-10,4.8047469269e-02
SDLP,0.20,0.75,0.0100,2,true,26,54,0.308634300,4.6315793678e-10,4.7436859395e-02
MOPCGM,0.20,0.75,0.0100,2,true,380,760,4.714187300,4.7521397994e-10,4.8050286031e-02
CGPM,0.20,0.75,0.0100,2,true,103,241,1.366438500,4.6162096330e-10,4.7358085206e-02
STTDFPM,0.20,0.75,0.0100,2,true,42,96,0.544801400,4.6496801289e-10,4.7529463441e-02
SOPP,0.20,0.75,0.0100,3,true,48,97,0.557171600,3.8904551866e-10,4.4695361161e-02
SDLP,0.20,0.75,0.0100,3,true,26,52,0.301052300,3.8143851003e-10,4.4256239738e-02
MOPCGM,0.20,0.75,0.0100,3,true,389,778,4.782690900,3.8928386195e-10,4.4709050058e-02
CGPM,0.20,0.75,0.0100,3,true,117,270,1.532156300,3.7722686005e-10,4.4011234112e-02
STTDFPM,0.20,0.75,0.0100,3,true,45,105,0.604718800,3.8518309220e-10,4.4472940969e-02
SOPP,0.20,0.75,0.0100,4,true,43,87,0.500114000,4.6572227872e-10,4.7893024716e-02
SDLP,0.20,0.75,0.0100,4,true,21,44,0.252743100,4.6212943592e-10,4.7707930221e-02
MOPCGM,0.20,0.75,0.0100,4,true,341,682,4.276246900,4.6671970774e-10,4.7944283101e-02
CGPM,0.20,0.75,0.0100,4,true,92,215,1.220241400,4.5496509506e-10,4.7336680391e-02
STTDFPM,0.20,0.75,0.0100,4,true,37,90,0.515631700,4.5828409999e-10,4.7509028978e-02
SOPP,0.20,0.75,0.0100,5,true,47,95,0.559781100,2.8685842485e-10,3.9054093061e-02
SDLP,0.20,0.75,0.0100,5,true,25,52,0.300571300,2.8175355657e-10,3.8705034201e-02
MOPCGM,0.20,0.75,0.0100,5,true,379,758,4.653807000,2.8754182330e-10,3.9100585734e-02
CGPM,0.20,0.75,0.0100,5,true,106,246,1.394356800,2.7848879434e-10,3.8480137447e-02
STTDFPM,0.20,0.75,0.0100,5,true,50,113,0.649589200,2.8184869558e-10,3.8711568364e-02
SOPP,0.20,0.75,0.1000,1,true,112,224,1.311079600,1.0262008427e-08,2.2105585971e-01
SDLP,0.20,0.75,0.1000,1,true,70,140,1.009710600,1.0260559220e-08,2.2104025034e-01
MOPCGM,0.20,0.75,0.1000,1,true,956,1912,11.187911100,1.0263175511e-08,2.2106842955e-01
CGPM,0.20,0.75,0.1000,1,true,344,767,4.395099200,1.0257049313e-08,2.2100244066e-01
STTDFPM,0.20,0.75,0.1000,1,true,83,208,1.184198700,1.0228712412e-08,2.2069695047e-01
SOPP,0.20,0.75,0.1000,2,true,102,205,1.192334200,1.0291470147e-08,2.2360941344e-01
SDLP,0.20,0.75,0.1000,2,true,62,125,0.891778000,1.0292153807e-08,2.2361684048e-01
MOPCGM,0.20,0.75,0.1000,2,true,870,1740,10.079603800,1.0292905198e-08,2.2362500304e-01
CGPM,0.20,0.75,0.1000,2,true,313,699,3.976887700,1.0284037569e-08,2.2352865264e-01
STTDFPM,0.20,0.75,0.1000,2,true,74,193,1.100593500,1.0261521884e-08,2.2328382378e-01
SOPP,0.20,0.75,0.1000,3,true,98,196,1.119863500,1.0126974176e-08,2.2803530651e-01
SDLP,0.20,0.75,0.1000,3,true,59,119,0.880006900,1.0125946550e-08,2.2802373637e-01
MOPCGM,0.20,0.75,0.1000,3,true,832,1664,9.617051500,1.0127313105e-08,2.2803912242e-01
CGPM,0.20,0.75,0.1000,3,true,292,654,3.711089100,1.0124948931e-08,2.2801250352e-01
STTDFPM,0.20,0.75,0.1000,3,true,76,193,1.144532300,1.0102866908e-08,2.2776372569e-01
SOPP,0.20,0.75,0.1000,4,true,94,188,1.098817900,1.0057677977e-08,2.2256538593e-01
SDLP,0.20,0.75,0.1000,4,true,56,112,0.848883600,1.0059088585e-08,2.2258099299e-01
MOPCGM,0.20,0.75,0.1000,4,true,794,1588,9.590009800,1.0058838705e-08,2.2257822838e-01
CGPM,0.20,0.75,0.1000,4,true,287,642,3.693783500,1.0052101080e-08,2.2250367207e-01
STTDFPM,0.20,0.75,0.1000,4,true,75,187,1.085737700,1.0005089200e-08,2.2198275735e-01
SOPP,0.20,0.75,0.1000,5,true,105,211,1.228461800,1.0542644597e-08,2.3675956604e-01
SDLP,0.20,0.75,0.1000,5,true,65,130,0.935296700,1.0543071201e-08,2.3676435618e-01
MOPCGM,0.20,0.75,0.1000,5,true,898,1796,10.411485400,1.0543435293e-08,2.3676844432e-01
CGPM,0.20,0.75,0.1000,5,true,330,735,4.171919500,1.0539159053e-08,2.3672042480e-01
STTDFPM,0.20,0.75,0.1000,5,true,82,207,1.187271700,1.0510559910e-08,2.3639902343e-01
SOPP,0.30,0.25,0.0000,1,true,654,1308,7.672523400,2.3203994290e-07,8.7825299089e-01
SDLP,0.30,0.25,0.0000,1,true,484,968,5.646745900,2.3203242629e-07,8.7823876588e-01
MOPCGM,0.30,0.25,0.0000,1,false,5000,10001,58.184729600,2.2995852207e-07,8.7430511040e-01
CGPM,0.30,0.25,0.0000,1,true,1924,4235,24.650426300,2.3240200835e-07,8.7893791848e-01
STTDFPM,0.30,0.25,0.0000,1,true,570,1187,6.950578300,2.3339172211e-07,8.8080746511e-01
SOPP,0.30,0.25,0.0000,2,true,596,1193,7.036528300,2.2368295828e-07,8.6234914396e-01
SDLP,0.30,0.25,0.0000,2,true,440,880,5.059273900,2.2368378046e-07,8.6235072881e-01
MOPCGM,0.30,0.25,0.0000,2,false,5000,10001,58.429934800,2.2317636823e-07,8.6137207998e-01
CGPM,0.30,0.25,0.0000,2,true,1769,3894,22.431102200,2.2398723912e-07,8.6293548087e-01
STTDFPM,0.30,0.25,0.0000,2,true,542,1119,6.656741900,2.2461077801e-07,8.6413577218e-01
SOPP,0.30,0.25,0.0000,3,true,611,1222,7.447103900,2.1882775128e-07,8.6659251827e-01
SDLP,0.30,0.25,0.0000,3,true,451,903,5.206738900,2.1883010860e-07,8.6659718595e-01
MOPCGM,0.30,0.25,0.0000,3,false,5000,10001,58.253940600,2.1797929666e-07,8.6491087937e-01
CGPM,0.30,0.25,0.0000,3,true,1789,3938,22.725426800,2.1901602137e-07,8.6696522780e-01
STTDFPM,0.30,0.25,0.0000,3,true,526,1092,6.403102800,2.1970975932e-07,8.6833720769e-01
SOPP,0.30,0.25,0.0000,4,true,653,1306,7.876340000,2.1786744290e-07,8.5696137508e-01
SDLP,0.30,0.25,0.0000,4,true,483,967,5.652724400,2.1786695714e-07,8.5696041973e-01
MOPCGM,0.30,0.25,0.0000,4,false,5000,10001,58.243170200,2.1664257719e-07,8.5454903189e-01
CGPM,0.30,0.25,0.0000,4,true,1909,4202,24.348236300,2.1804269727e-07,8.5730597920e-01
STTDFPM,0.30,0.25,0.0000,4,true,593,1223,7.161420600,2.1883276267e-07,8.5885777465e-01
SOPP,0.30,0.25,0.0000,5,true,598,1196,7.362776800,2.1995935714e-07,8.6893786850e-01
SDLP,0.30,0.25,0.0000,5,true,441,882,5.044477100,2.1995540695e-07,8.6893006595e-01
MOPCGM,0.30,0.25,0.0000,5,false,5000,10001,58.286098700,2.1920936065e-07,8.6745519272e-01
CGPM,0.30,0.25,0.0000,5,true,1749,3850,22.440161600,2.2018369106e-07,8.6938086527e-01
STTDFPM,0.30,0.25,0.0000,5,true,500,1032,6.083219900,2.2025179801e-07,8.6951531277e-01
SOPP,0.30,0.25,0.0010,1,true,654,1309,7.740579300,2.3200738361e-07,8.7819137154e-01
SDLP,0.30,0.25,0.0010,1,true,484,969,5.670820200,2.3200305746e-07,8.7818318386e-01
MOPCGM,0.30,0.25,0.0010,1,false,5000,10001,58.433650800,2.2992935620e-07,8.7424966415e-01
CGPM,0.30,0.25,0.0010,1,true,1929,4246,24.503782100,2.3239350595e-07,8.7892184041e-01
STTDFPM,0.30,0.25,0.0010,1,true,608,1263,7.741021000,2.3389427856e-07,8.8175526529e-01
SOPP,0.30,0.25,0.0010,2,true,602,1205,7.343272400,2.2365580936e-07,8.6229680971e-01
SDLP,0.30,0.25,0.0010,2,true,444,889,5.112068600,2.2365491640e-07,8.6229508833e-01
MOPCGM,0.30,0.25,0.0010,2,false,5000,10001,58.666615500,2.2306660129e-07,8.6116022555e-01
CGPM,0.30,0.25,0.0010,2,true,1774,3905,22.564334900,2.2389203353e-07,8.6275206637e-01
STTDFPM,0.30,0.25,0.0010,2,true,753,1544,9.029035100,2.2684078793e-07,8.6841488985e-01
SOPP,0.30,0.25,0.0010,3,true,613,1227,7.245866200,2.1895134426e-07,8.6683720761e-01
SDLP,0.30,0.25,0.0010,3,true,453,907,5.274883900,2.1895650782e-07,8.6684742892e-01
MOPCGM,0.30,0.25,0.0010,3,false,5000,10001,58.259498200,2.1805706492e-07,8.6506515233e-01
CGPM,0.30,0.25,0.0010,3,true,1784,3927,22.803573500,2.1907344024e-07,8.6707886538e-01
STTDFPM,0.30,0.25,0.0010,3,true,535,1104,6.527651200,2.1938308412e-07,8.6769142448e-01
SOPP,0.30,0.25,0.0010,4,true,651,1302,7.706490000,2.1783457884e-07,8.5689673877e-01
SDLP,0.30,0.25,0.0010,4,true,482,964,5.515928100,2.1783453129e-07,8.5689664524e-01
MOPCGM,0.30,0.25,0.0010,4,false,5000,10001,58.225351300,2.1663645545e-07,8.5453695816e-01
CGPM,0.30,0.25,0.0010,4,true,1909,4202,24.530797800,2.1802804216e-07,8.5727716804e-01
STTDFPM,0.30,0.25,0.0010,4,true,558,1151,6.793192200,2.1836204289e-07,8.5793355522e-01
SOPP,0.30,0.25,0.0010,5,true,597,1194,7.089489200,2.1994858696e-07,8.6891659473e-01
SDLP,0.30,0.25,0.0010,5,true,440,881,5.072643800,2.1995126921e-07,8.6892189289e-01
MOPCGM,0.30,0.25,0.0010,5,false,5000,10001,58.276525800,2.1921978841e-07,8.6747582483e-01
CGPM,0.30,0.25,0.0010,5,true,1759,3872,22.286297900,2.2026451458e-07,8.6954041379e-01
STTDFPM,0.30,0.25,0.0010,5,true,486,1004,5.910853300,2.2016068254e-07,8.6933544025e-01
SOPP,0.30,0.25,0.0100,1,true,650,1301,7.947561900,2.3168232217e-07,8.7757594671e-01
SDLP,0.30,0.25,0.0100,1,true,481,963,5.511581500,2.3167993214e-07,8.7757142017e-01
MOPCGM,0.30,0.25,0.0100,1,false,5000,10001,59.702307500,2.2964201791e-07,8.7370322689e-01
CGPM,0.30,0.25,0.0100,1,true,1889,4158,27.699764200,2.3185970604e-07,8.7791183343e-01
STTDFPM,0.30,0.25,0.0100,1,true,588,1218,7.430823700,2.3317363433e-07,8.8039584329e-01
SOPP,0.30,0.25,0.0100,2,true,609,1218,7.509712700,2.2281675627e-07,8.6067782058e-01
SDLP,0.30,0.25,0.0100,2,true,449,899,5.571728800,2.2281532097e-07,8.6067504850e-01
MOPCGM,0.30,0.25,0.0100,2,false,5000,10001,66.804759800,2.2215653736e-07,8.5940175559e-01
CGPM,0.30,0.25,0.0100,2,true,1789,3938,23.780027500,2.2303003429e-07,8.6108963826e-01
STTDFPM,0.30,0.25,0.0100,2,true,523,1082,8.247694900,2.2323903763e-07,8.6149301098e-01
SOPP,0.30,0.25,0.0100,3,true,627,1255,8.607084000,2.1977814789e-07,8.6847233988e-01
SDLP,0.30,0.25,0.0100,3,true,464,928,6.102411400,2.1977807590e-07,8.6847219765e-01
MOPCGM,0.30,0.25,0.0100,3,false,5000,10001,65.363096400,2.1864821926e-07,8.6623695772e-01
CGPM,0.30,0.25,0.0100,3,true,1839,4048,26.399715500,2.2000708494e-07,8.6892455442e-01
STTDFPM,0.30,0.25,0.0100,3,true,552,1144,7.116608400,2.2069276286e-07,8.7027755375e-01
SOPP,0.30,0.25,0.0100,4,true,655,1310,7.915726700,2.1787617480e-07,8.5697854796e-01
SDLP,0.30,0.25,0.0100,4,true,485,970,5.866083900,2.1787545915e-07,8.5697714052e-01
MOPCGM,0.30,0.25,0.0100,4,false,5000,10001,62.303727600,2.1675179095e-07,8.5476440218e-01
CGPM,0.30,0.25,0.0100,4,true,1909,4202,30.090461500,2.1799821210e-07,8.5721852075e-01
STTDFPM,0.30,0.25,0.0100,4,true,544,1123,8.303769000,2.1801155778e-07,8.5724475948e-01
SOPP,0.30,0.25,0.0100,5,true,603,1206,9.480216300,2.2008260856e-07,8.6918128354e-01
SDLP,0.30,0.25,0.0100,5,true,445,890,6.207411200,2.2008239844e-07,8.6918086862e-01
MOPCGM,0.30,0.25,0.0100,5,false,5000,10001,71.552569600,2.1915345320e-07,8.6734456719e-01
CGPM,0.30,0.25,0.0100,5,true,1779,3916,27.453345300,2.2044864629e-07,8.6990378716e-01
STTDFPM,0.30,0.25,0.0100,5,true,720,1481,10.736029100,2.2470579764e-07,8.7826311206e-01
SOPP,0.30,0.25,0.1000,1,true,664,1329,10.877013400,2.3687095704e-07,8.8734839860e-01
SDLP,0.30,0.25,0.1000,1,true,492,985,7.322893200,2.3687476819e-07,8.8735553710e-01
MOPCGM,0.30,0.25,0.1000,1,false,5000,10001,68.821771600,2.3451501048e-07,8.8292453497e-01
CGPM,0.30,0.25,0.1000,1,true,1939,4268,25.652870200,2.3711498606e-07,8.8780536264e-01
STTDFPM,0.30,0.25,0.1000,1,true,532,1112,6.749974900,2.3724832914e-07,8.8805495898e-01
SOPP,0.30,0.25,0.1000,2,true,631,1262,7.691314100,2.2603483012e-07,8.6687079240e-01
SDLP,0.30,0.25,0.1000,2,true,466,933,5.608622600,2.2603799276e-07,8.6687685694e-01
MOPCGM,0.30,0.25,0.1000,2,false,5000,10001,60.610064300,2.2484716748e-07,8.6459037833e-01
CGPM,0.30,0.25,0.1000,2,true,1849,4070,24.700474300,2.2625142806e-07,8.6728603254e-01
STTDFPM,0.30,0.25,0.1000,2,true,555,1148,7.051476100,2.2688132835e-07,8.6849248684e-01
SOPP,0.30,0.25,0.1000,3,true,628,1256,7.775372300,2.2609666508e-07,8.8086796241e-01
SDLP,0.30,0.25,0.1000,3,true,464,929,5.469607800,2.2609942501e-07,8.8087333870e-01
MOPCGM,0.30,0.25,0.1000,3,false,5000,10001,66.683149900,2.2508364052e-07,8.7889238560e-01
CGPM,0.30,0.25,0.1000,3,true,1834,4037,25.693185700,2.2626669287e-07,8.8119911256e-01
STTDFPM,0.30,0.25,0.1000,3,true,664,1355,8.546954400,2.2790251588e-07,8.8437874494e-01
SOPP,0.30,0.25,0.1000,4,true,626,1252,7.791057800,2.2605081943e-07,8.7290729432e-01
SDLP,0.30,0.25,0.1000,4,true,463,926,5.696059000,2.2605541601e-07,8.7291616925e-01
MOPCGM,0.30,0.25,0.1000,4,false,5000,10001,63.600176000,2.2497330769e-07,8.7082437470e-01
CGPM,0.30,0.25,0.1000,4,true,1839,4048,30.207531200,2.2631349005e-07,8.7341430539e-01
STTDFPM,0.30,0.25,0.1000,4,true,615,1265,8.570749800,2.2789359404e-07,8.7645805874e-01
SOPP,0.30,0.25,0.1000,5,true,632,1265,8.602660900,2.2377060242e-07,8.7643360022e-01
SDLP,0.30,0.25,0.1000,5,true,468,936,7.065064200,2.2377502698e-07,8.7644226493e-01
MOPCGM,0.30,0.25,0.1000,5,false,5000,10001,72.754354000,2.2231537383e-07,8.7357913329e-01
CGPM,0.30,0.25,0.1000,5,true,1864,4102,27.988916500,2.2410216114e-07,8.7708266144e-01
STTDFPM,0.30,0.25,0.1000,5,true,608,1251,9.268513400,2.2592684867e-07,8.8064611947e-01
SOPP,0.30,0.50,0.0000,1,true,366,732,5.601967600,5.8002622666e-08,4.3909862596e-01
SDLP,0.30,0.50,0.0000,1,true,263,527,4.896906100,5.8008734110e-08,4.3912175816e-01
MOPCGM,0.30,0.50,0.0000,1,true,3240,6480,45.121322800,5.8009531506e-08,4.3912477626e-01
CGPM,0.30,0.50,0.0000,1,true,1100,2423,17.894388100,5.7837263154e-08,4.3847226671e-01
STTDFPM,0.30,0.50,0.0000,1,true,309,667,4.532942100,5.7705855177e-08,4.3797387246e-01
SOPP,0.30,0.50,0.0000,2,true,318,637,4.472464900,5.8094205823e-08,4.3947390955e-01
SDLP,0.30,0.50,0.0000,2,true,226,453,2.924830500,5.8101062881e-08,4.3949984510e-01
MOPCGM,0.30,0.50,0.0000,2,true,2811,5622,39.640391100,5.8100202693e-08,4.3949659168e-01
CGPM,0.30,0.50,0.0000,2,true,956,2107,13.718844600,5.7992607561e-08,4.3908945363e-01
STTDFPM,0.30,0.50,0.0000,2,true,275,594,3.433481300,5.7624601966e-08,4.3769406423e-01
SOPP,0.30,0.50,0.0000,3,true,341,682,4.178577800,5.5669956142e-08,4.3709332680e-01
SDLP,0.30,0.50,0.0000,3,true,244,488,3.240716400,5.5681887957e-08,4.3714016569e-01
MOPCGM,0.30,0.50,0.0000,3,true,3014,6028,42.957577200,5.5680706133e-08,4.3713552661e-01
CGPM,0.30,0.50,0.0000,3,true,1020,2247,14.035358000,5.5588128087e-08,4.3677197170e-01
STTDFPM,0.30,0.50,0.0000,3,true,287,635,3.969974700,5.4970305974e-08,4.3433798644e-01
SOPP,0.30,0.50,0.0000,4,true,325,650,4.095653200,5.5342716529e-08,4.3191204559e-01
SDLP,0.30,0.50,0.0000,4,true,232,464,2.786120500,5.5344980239e-08,4.3192087885e-01
MOPCGM,0.30,0.50,0.0000,4,true,2873,5746,34.477097000,5.5344037042e-08,4.3191719841e-01
CGPM,0.30,0.50,0.0000,4,true,971,2140,12.791773000,5.5259920164e-08,4.3158884017e-01
STTDFPM,0.30,0.50,0.0000,4,true,277,609,3.755200600,5.4854702677e-08,4.3000352177e-01
SOPP,0.30,0.50,0.0000,5,true,384,768,4.951385100,6.1150938748e-08,4.5816200180e-01
SDLP,0.30,0.50,0.0000,5,true,277,555,3.362749400,6.1155584039e-08,4.5817940346e-01
MOPCGM,0.30,0.50,0.0000,5,true,3401,6802,47.294870100,6.1160812422e-08,4.5819898864e-01
CGPM,0.30,0.50,0.0000,5,true,1150,2533,16.671510200,6.1012781531e-08,4.5764415056e-01
STTDFPM,0.30,0.50,0.0000,5,true,326,698,4.755553800,6.0621353910e-08,4.5617377999e-01
SOPP,0.30,0.50,0.0010,1,true,366,732,4.929484400,5.8018032020e-08,4.3915694899e-01
SDLP,0.30,0.50,0.0010,1,true,264,528,3.473731100,5.8011792845e-08,4.3913333520e-01
MOPCGM,0.30,0.50,0.0010,1,true,3243,6486,42.153686100,5.8018687227e-08,4.3915942871e-01
CGPM,0.30,0.50,0.0010,1,true,1100,2423,15.570015100,5.7855370709e-08,4.3854089927e-01
STTDFPM,0.30,0.50,0.0010,1,true,316,683,4.408557300,5.7514017832e-08,4.3724526624e-01
SOPP,0.30,0.50,0.0010,2,true,318,637,4.423450900,5.8064777162e-08,4.3936258376e-01
SDLP,0.30,0.50,0.0010,2,true,227,454,3.086827300,5.8060158689e-08,4.3934510996e-01
MOPCGM,0.30,0.50,0.0010,2,true,2815,5630,39.777124900,5.8063174671e-08,4.3935652088e-01
CGPM,0.30,0.50,0.0010,2,true,956,2107,13.814001800,5.7964149427e-08,4.3898170541e-01
STTDFPM,0.30,0.50,0.0010,2,true,252,555,3.617503100,5.7808348750e-08,4.3839134337e-01
SOPP,0.30,0.50,0.0010,3,true,341,682,4.669900000,5.5671761877e-08,4.3710041562e-01
SDLP,0.30,0.50,0.0010,3,true,244,489,3.309799600,5.5667924226e-08,4.3708534992e-01
MOPCGM,0.30,0.50,0.0010,3,true,3016,6032,38.802434600,5.5677125241e-08,4.3712147003e-01
CGPM,0.30,0.50,0.0010,3,true,1020,2247,14.600436400,5.5588543701e-08,4.3677360449e-01
STTDFPM,0.30,0.50,0.0010,3,true,288,629,4.058333600,5.5134456610e-08,4.3498600639e-01
SOPP,0.30,0.50,0.0010,4,true,324,648,4.451889300,5.5356011294e-08,4.3196392075e-01
SDLP,0.30,0.50,0.0010,4,true,231,463,2.966189500,5.5351489421e-08,4.3194627744e-01
MOPCGM,0.30,0.50,0.0010,4,true,2865,5730,36.829231100,5.5355177556e-08,4.3196066775e-01
CGPM,0.30,0.50,0.0010,4,true,966,2129,13.739398000,5.5288449517e-08,4.3170023520e-01
STTDFPM,0.30,0.50,0.0010,4,true,258,567,3.562319000,5.4896518766e-08,4.3016738776e-01
SOPP,0.30,0.50,0.0010,5,true,381,763,5.032559400,6.1124234267e-08,4.5806195171e-01
SDLP,0.30,0.50,0.0010,5,true,276,552,3.542969200,6.1116659707e-08,4.5803356914e-01
MOPCGM,0.30,0.50,0.0010,5,true,3381,6762,43.276903400,6.1127503164e-08,4.5807420002e-01
CGPM,0.30,0.50,0.0010,5,true,1145,2522,16.211900400,6.0970930038e-08,4.5748716397e-01
STTDFPM,0.30,0.50,0.0010,5,true,320,707,4.668210200,6.0331276658e-08,4.5508106015e-01
SOPP,0.30,0.50,0.0100,1,true,375,751,5.014492700,5.8166483111e-08,4.3971842683e-01
SDLP,0.30,0.50,0.0100,1,true,271,542,3.415818200,5.8167674847e-08,4.3972293136e-01
MOPCGM,0.30,0.50,0.0100,1,true,3328,6656,42.598468300,5.8167071942e-08,4.3972065250e-01
CGPM,0.30,0.50,0.0100,1,true,1130,2489,15.946084000,5.7998230977e-08,4.3908200239e-01
STTDFPM,0.30,0.50,0.0100,1,true,355,759,4.872986300,5.7350682884e-08,4.3662395501e-01
SOPP,0.30,0.50,0.0100,2,true,318,637,4.243919400,5.7996693504e-08,4.3910492165e-01
SDLP,0.30,0.50,0.0100,2,true,227,454,2.865547500,5.7990788801e-08,4.3908256822e-01
MOPCGM,0.30,0.50,0.0100,2,true,2812,5624,36.323261100,5.8000794878e-08,4.3912044756e-01
CGPM,0.30,0.50,0.0100,2,true,956,2107,13.492419900,5.7904376890e-08,4.3875530842e-01
STTDFPM,0.30,0.50,0.0100,2,true,269,600,3.985932100,5.7522757563e-08,4.3730710794e-01
SOPP,0.30,0.50,0.0100,3,true,345,691,4.596172600,5.5699041996e-08,4.3720749586e-01
SDLP,0.30,0.50,0.0100,3,true,248,496,3.129026900,5.5692802878e-08,4.3718300831e-01
MOPCGM,0.30,0.50,0.0100,3,true,3055,6110,39.161175600,5.5707335441e-08,4.3724004419e-01
CGPM,0.30,0.50,0.0100,3,true,1035,2280,14.523379800,5.5576720236e-08,4.3672715201e-01
STTDFPM,0.30,0.50,0.0100,3,true,285,630,3.937782600,5.5095227244e-08,4.3483122785e-01
SOPP,0.30,0.50,0.0100,4,true,325,651,4.364865600,5.5449444091e-08,4.3232831280e-01
SDLP,0.30,0.50,0.0100,4,true,232,465,2.978425500,5.5448389111e-08,4.3232420005e-01
MOPCGM,0.30,0.50,0.0100,4,true,2876,5752,37.271468500,5.5452790877e-08,4.3234135972e-01
CGPM,0.30,0.50,0.0100,4,true,976,2151,13.717912500,5.5338710742e-08,4.3189641409e-01
STTDFPM,0.30,0.50,0.0100,4,true,290,626,3.964100600,5.4810119436e-08,4.2982874325e-01
SOPP,0.30,0.50,0.0100,5,true,383,766,5.895986800,6.0622653203e-08,4.5617866853e-01
SDLP,0.30,0.50,0.0100,5,true,277,554,4.092434400,6.0618634355e-08,4.5616354760e-01
MOPCGM,0.30,0.50,0.0100,5,true,3393,6786,50.945367100,6.0630410767e-08,4.5620785500e-01
CGPM,0.30,0.50,0.0100,5,true,1150,2533,19.212439300,6.0468546526e-08,4.5559848185e-01
STTDFPM,0.30,0.50,0.0100,5,true,332,718,5.575057000,5.9936459651e-08,4.5358955631e-01
SOPP,0.30,0.50,0.1000,1,true,368,737,5.142226100,7.8747075922e-08,5.1162938593e-01
SDLP,0.30,0.50,0.1000,1,true,265,531,3.504545900,7.8748113023e-08,5.1163275500e-01
MOPCGM,0.30,0.50,0.1000,1,true,3263,6526,43.514287800,7.8749146812e-08,5.1163611330e-01
CGPM,0.30,0.50,0.1000,1,true,1105,2434,16.280611000,7.8692255039e-08,5.1145126593e-01
STTDFPM,0.30,0.50,0.1000,1,true,305,660,4.351012700,7.8543890211e-08,5.1096889839e-01
SOPP,0.30,0.50,0.1000,2,true,357,714,4.723004300,7.6390838260e-08,5.0394985612e-01
SDLP,0.30,0.50,0.1000,2,true,256,513,3.283756800,7.6390462830e-08,5.0394861776e-01
MOPCGM,0.30,0.50,0.1000,2,true,3158,6316,40.539516000,7.6391663713e-08,5.0395257886e-01
CGPM,0.30,0.50,0.1000,2,true,1066,2349,15.063717600,7.6379913333e-08,5.0391381899e-01
STTDFPM,0.30,0.50,0.1000,2,true,311,679,4.281658400,7.6306783398e-08,5.0367252512e-01
SOPP,0.30,0.50,0.1000,3,true,328,656,4.407347500,7.6085645123e-08,5.1099317566e-01
SDLP,0.30,0.50,0.1000,3,true,234,469,2.953740700,7.6083995202e-08,5.1098763518e-01
MOPCGM,0.30,0.50,0.1000,3,true,2902,5804,37.412776700,7.6084750886e-08,5.1099017279e-01
CGPM,0.30,0.50,0.1000,3,true,991,2183,13.943217000,7.6020545053e-08,5.1077452200e-01
STTDFPM,0.30,0.50,0.1000,3,true,264,582,3.671750100,7.5969830026e-08,5.1060411895e-01
SOPP,0.30,0.50,0.1000,4,true,373,747,4.896209700,7.1873115449e-08,4.9220759977e-01
SDLP,0.30,0.50,0.1000,4,true,269,539,3.393982800,7.1870606073e-08,4.9219900723e-01
MOPCGM,0.30,0.50,0.1000,4,true,3310,6620,42.382705500,7.1872603644e-08,4.9220584727e-01
CGPM,0.30,0.50,0.1000,4,true,1116,2459,15.644406800,7.1790660656e-08,4.9192518177e-01
STTDFPM,0.30,0.50,0.1000,4,true,310,676,4.255239600,7.1615714494e-08,4.9132543164e-01
SOPP,0.30,0.50,0.1000,5,true,374,749,5.044033400,8.3568443223e-08,5.3559764572e-01
SDLP,0.30,0.50,0.1000,5,true,270,540,3.526808000,8.3569374035e-08,5.3560062854e-01
MOPCGM,0.30,0.50,0.1000,5,true,3317,6634,43.161176000,8.3569574724e-08,5.3560127166e-01
CGPM,0.30,0.50,0.1000,5,true,1131,2491,16.094795700,8.3509706472e-08,5.3540938809e-01
STTDFPM,0.30,0.50,0.1000,5,true,307,659,4.230978400,8.3466153701e-08,5.3526975400e-01
SOPP,0.30,0.75,0.0000,1,true,79,158,1.155595400,5.8540646465e-10,4.4113043229e-02
SDLP,0.30,0.75,0.0000,1,true,46,93,0.862696400,5.8225528306e-10,4.3994155081e-02
MOPCGM,0.30,0.75,0.0000,1,true,664,1328,9.696633600,5.8525354390e-10,4.4107281216e-02
CGPM,0.30,0.75,0.0000,1,true,233,523,3.724894600,5.8485669975e-10,4.4092324720e-02
STTDFPM,0.30,0.75,0.0000,1,true,86,188,1.334990700,5.7541772063e-10,4.3735075307e-02
SOPP,0.30,0.75,0.0000,2,true,84,168,1.123470200,6.5311485483e-10,4.6597376777e-02
SDLP,0.30,0.75,0.0000,2,true,49,99,0.843712300,6.5466803542e-10,4.6652750777e-02
MOPCGM,0.30,0.75,0.0000,2,true,705,1410,9.136739200,6.5465318447e-10,4.6652221622e-02
CGPM,0.30,0.75,0.0000,2,true,250,561,3.546657200,6.5037619811e-10,4.6499577533e-02
STTDFPM,0.30,0.75,0.0000,2,true,82,182,1.144162700,6.3627021899e-10,4.5992549648e-02
SOPP,0.30,0.75,0.0000,3,true,77,155,1.005763300,7.9849965105e-10,5.2348121512e-02
SDLP,0.30,0.75,0.0000,3,true,44,89,0.573452800,7.9841264287e-10,5.2345269389e-02
MOPCGM,0.30,0.75,0.0000,3,true,647,1294,8.672572300,7.9958514696e-10,5.2383690953e-02
CGPM,0.30,0.75,0.0000,3,true,232,520,3.389302100,7.9814609728e-10,5.2336531072e-02
STTDFPM,0.30,0.75,0.0000,3,true,63,157,0.998480200,7.8203827768e-10,5.1805723321e-02
SOPP,0.30,0.75,0.0000,4,true,74,149,0.935399500,8.7749039731e-10,5.4385893268e-02
SDLP,0.30,0.75,0.0000,4,true,42,85,0.547845000,8.7511741175e-10,5.4312305962e-02
MOPCGM,0.30,0.75,0.0000,4,true,620,1240,8.223110800,8.7840482670e-10,5.4414223555e-02
CGPM,0.30,0.75,0.0000,4,true,213,481,3.038428100,8.7300966624e-10,5.4246860154e-02
STTDFPM,0.30,0.75,0.0000,4,true,68,158,0.999848000,8.5986476428e-10,5.3836913817e-02
SOPP,0.30,0.75,0.0000,5,true,81,162,1.039720400,6.4174374028e-10,4.6935162302e-02
SDLP,0.30,0.75,0.0000,5,true,47,95,0.787946700,6.4167321606e-10,4.6932583269e-02
MOPCGM,0.30,0.75,0.0000,5,true,678,1356,8.728869000,6.4331921408e-10,4.6992739639e-02
CGPM,0.30,0.75,0.0000,5,true,239,536,3.364951300,6.4259371885e-10,4.6966234425e-02
STTDFPM,0.30,0.75,0.0000,5,true,57,142,0.889379500,6.2980746280e-10,4.6496622245e-02
SOPP,0.30,0.75,0.0010,1,true,79,159,1.008995800,5.8575461577e-10,4.4126158666e-02
SDLP,0.30,0.75,0.0010,1,true,46,93,0.775164100,5.8445557417e-10,4.4077201705e-02
MOPCGM,0.30,0.75,0.0010,1,true,665,1330,8.546580200,5.8689365574e-10,4.4169040998e-02
CGPM,0.30,0.75,0.0010,1,true,238,533,3.407155400,5.8680323647e-10,4.4165638434e-02
STTDFPM,0.30,0.75,0.0010,1,true,76,174,1.128884100,5.6867530722e-10,4.3478089074e-02
SOPP,0.30,0.75,0.0010,2,true,84,168,1.092035700,6.5204378989e-10,4.6559152800e-02
SDLP,0.30,0.75,0.0010,2,true,50,101,0.888425300,6.4555901500e-10,4.6327051773e-02
MOPCGM,0.30,0.75,0.0010,2,true,705,1410,8.958666200,6.5362194864e-10,4.6615462920e-02
CGPM,0.30,0.75,0.0010,2,true,251,563,3.527033400,6.4915194475e-10,4.6455792044e-02
STTDFPM,0.30,0.75,0.0010,2,true,72,176,1.097416100,6.3159356342e-10,4.5823212783e-02
SOPP,0.30,0.75,0.0010,3,true,77,155,0.998501400,7.9825049560e-10,5.2339953795e-02
SDLP,0.30,0.75,0.0010,3,true,44,89,0.570317700,7.9830508690e-10,5.2341743495e-02
MOPCGM,0.30,0.75,0.0010,3,true,647,1294,8.476116400,7.9934115055e-10,5.2375697803e-02
CGPM,0.30,0.75,0.0010,3,true,235,526,3.302944000,7.9761559343e-10,5.2319134917e-02
STTDFPM,0.30,0.75,0.0010,3,true,56,138,0.863847100,7.8954924119e-10,5.2053908787e-02
SOPP,0.30,0.75,0.0010,4,true,74,149,0.963461000,8.7668922836e-10,5.4361059812e-02
SDLP,0.30,0.75,0.0010,4,true,42,85,0.554536000,8.7420335215e-10,5.4283933966e-02
MOPCGM,0.30,0.75,0.0010,4,true,619,1238,8.302334100,8.7815142429e-10,5.4406374275e-02
CGPM,0.30,0.75,0.0010,4,true,212,478,3.062831400,8.7781998787e-10,5.4396106140e-02
STTDFPM,0.30,0.75,0.0010,4,true,54,139,0.892156200,8.5705511814e-10,5.3748884600e-02
SOPP,0.30,0.75,0.0010,5,true,81,162,1.043716200,6.4021881323e-10,4.6879364900e-02
SDLP,0.30,0.75,0.0010,5,true,47,95,0.798312200,6.4026833055e-10,4.6881177792e-02
MOPCGM,0.30,0.75,0.0010,5,true,678,1356,8.984626000,6.4175366350e-10,4.6935525178e-02
CGPM,0.30,0.75,0.0010,5,true,239,536,3.438500100,6.4103602899e-10,4.6909275250e-02
STTDFPM,0.30,0.75,0.0010,5,true,64,159,0.993551300,6.2979063815e-10,4.6496001186e-02
SOPP,0.30,0.75,0.0100,1,true,82,164,1.074471500,7.0039269081e-10,4.8251305152e-02
SDLP,0.30,0.75,0.0100,1,true,48,97,0.826263500,6.9636084488e-10,4.8112224168e-02
MOPCGM,0.30,0.75,0.0100,1,true,687,1374,9.056563000,7.0201149707e-10,4.8307034199e-02
CGPM,0.30,0.75,0.0100,1,true,269,597,3.835773600,7.0009761714e-10,4.8241140005e-02
STTDFPM,0.30,0.75,0.0100,1,true,81,177,1.134792900,6.8243561299e-10,4.7628741223e-02
SOPP,0.30,0.75,0.0100,2,true,87,175,1.122700700,7.4469408889e-10,4.9757166521e-02
SDLP,0.30,0.75,0.0100,2,true,52,104,0.843609700,7.4533180924e-10,4.9778466789e-02
MOPCGM,0.30,0.75,0.0100,2,true,736,1472,9.435743500,7.4634931520e-10,4.9812433279e-02
CGPM,0.30,0.75,0.0100,2,true,282,627,4.076423900,7.4251020191e-10,4.9684154116e-02
STTDFPM,0.30,0.75,0.0100,2,true,62,154,0.973330800,7.2532878924e-10,4.9105953184e-02
SOPP,0.30,0.75,0.0100,3,true,80,160,1.033776800,9.0555215314e-10,5.5746867694e-02
SDLP,0.30,0.75,0.0100,3,true,46,93,0.774355400,9.0257954019e-10,5.5655293687e-02
MOPCGM,0.30,0.75,0.0100,3,true,670,1340,8.721392400,9.0649774356e-10,5.5775965936e-02
CGPM,0.30,0.75,0.0100,3,true,256,570,3.692722300,9.0241081442e-10,5.5650091419e-02
STTDFPM,0.30,0.75,0.0100,3,true,77,172,1.077422300,8.8389964275e-10,5.5076358186e-02
SOPP,0.30,0.75,0.0100,4,true,76,152,0.971511200,9.6933320853e-10,5.7161237918e-02
SDLP,0.30,0.75,0.0100,4,true,43,87,0.553760500,9.6768408091e-10,5.7112592982e-02
MOPCGM,0.30,0.75,0.0100,4,true,636,1272,8.301740000,9.6899995616e-10,5.7151411186e-02
CGPM,0.30,0.75,0.0100,4,true,229,514,3.209064200,9.6673337592e-10,5.7084530844e-02
STTDFPM,0.30,0.75,0.0100,4,true,53,137,0.857453800,9.5596904931e-10,5.6765830440e-02
SOPP,0.30,0.75,0.0100,5,true,83,166,1.046675700,7.3444969368e-10,5.0210960643e-02
SDLP,0.30,0.75,0.0100,5,true,49,98,0.828532800,7.3392834907e-10,5.0193136508e-02
MOPCGM,0.30,0.75,0.0100,5,true,697,1394,8.937317600,7.3556311763e-10,5.0249006077e-02
CGPM,0.30,0.75,0.0100,5,true,267,594,3.743731300,7.3181386044e-10,5.0120779738e-02
STTDFPM,0.30,0.75,0.0100,5,true,86,188,1.177532500,7.2329250501e-10,4.9828118182e-02
SOPP,0.30,0.75,0.1000,1,true,135,270,1.946666600,1.5186001721e-08,2.2467770800e-01
SDLP,0.30,0.75,0.1000,1,true,87,175,1.292068700,1.5184951706e-08,2.2466994035e-01
MOPCGM,0.30,0.75,0.1000,1,true,1166,2332,15.106284800,1.5185876992e-08,2.2467678532e-01
CGPM,0.30,0.75,0.1000,1,true,426,945,6.228453600,1.5163739866e-08,2.2451296494e-01
STTDFPM,0.30,0.75,0.1000,1,true,101,247,1.577746500,1.5094324420e-08,2.2399849607e-01
SOPP,0.30,0.75,0.1000,2,true,155,310,2.167401100,1.5055238016e-08,2.2372293113e-01
SDLP,0.30,0.75,0.1000,2,true,103,206,1.459617200,1.5051534541e-08,2.2369541235e-01
MOPCGM,0.30,0.75,0.1000,2,true,1346,2692,17.292885600,1.5055038563e-08,2.2372144917e-01
CGPM,0.30,0.75,0.1000,2,true,485,1074,6.816217600,1.5043415029e-08,2.2363506825e-01
STTDFPM,0.30,0.75,0.1000,2,true,122,289,1.824517200,1.4983997182e-08,2.2319297910e-01
SOPP,0.30,0.75,0.1000,3,true,131,263,1.865338200,1.4140780585e-08,2.2029286356e-01
SDLP,0.30,0.75,0.1000,3,true,84,169,1.099574600,1.4141778501e-08,2.2030063646e-01
MOPCGM,0.30,0.75,0.1000,3,true,1131,2262,14.633652000,1.4142990270e-08,2.2031007473e-01
CGPM,0.30,0.75,0.1000,3,true,406,902,5.878568000,1.4130540846e-08,2.2021308897e-01
STTDFPM,0.30,0.75,0.1000,3,true,104,251,1.586547500,1.4031621823e-08,2.1944094865e-01
SOPP,0.30,0.75,0.1000,4,true,126,252,1.796521100,1.5614924634e-08,2.2942198129e-01
SDLP,0.30,0.75,0.1000,4,true,80,161,1.168787900,1.5613878651e-08,2.2941429711e-01
MOPCGM,0.30,0.75,0.1000,4,true,1083,2166,13.660772000,1.5616194604e-08,2.2943131060e-01
CGPM,0.30,0.75,0.1000,4,true,389,865,5.584141700,1.5599006510e-08,2.2930501310e-01
STTDFPM,0.30,0.75,0.1000,4,true,92,235,1.476092000,1.5540522463e-08,2.2887475241e-01
SOPP,0.30,0.75,0.1000,5,true,143,286,2.013100400,1.4519502912e-08,2.2325098181e-01
SDLP,0.30,0.75,0.1000,5,true,93,187,1.351506900,1.4520124746e-08,2.2325576240e-01
MOPCGM,0.30,0.75,0.1000,5,true,1237,2474,15.821913600,1.4520142017e-08,2.2325589518e-01
CGPM,0.30,0.75,0.1000,5,true,457,1011,6.744305000,1.4506699460e-08,2.2315252756e-01
STTDFPM,0.30,0.75,0.1000,5,true,138,319,2.016326100,1.4420985031e-08,2.2249229022e-01
